t_s,left_rpm,right_rpm,center_speed_mps,encoder_speed_fit_mps,imu_accel_mps2,encoder_accel_raw_mps2,imu_accel_fit_mps2,imu_accel_calibrated_fit_mps2,encoder_accel_fit_mps2,fitted_accel_mps2
-0.7,0,0,0,0,-0.011,0,-0.013543309,0.05923212,0,0.02961606
-0.69,0,0,0,0,-0.006,0,-0.013021402,0.059513848,0,0.029756924
-0.68,0,0,0,0,-0.025,0,-0.012429703,0.059833251,0,0.029916625
-0.67,0,0,0,0,-0.016,0,-0.011726005,0.060213111,0,0.030106556
-0.66,0,0,0,0,-0.003,0,-0.010927813,0.06064398,0,0.03032199
-0.65,0,0,0,0,-0.019,0,-0.010112057,0.06108433,0,0.030542165
-0.64,0,0,0,0,-0.011,0,-0.0093660134,0.061487049,0,0.030743525
-0.63,0,0,0,0,0.009,0,-0.008751627,0.061818698,0,0.030909349
-0.62,0,0,0,0,-0.019,0,-0.0082799364,0.06207332,0,0.03103666
-0.61,0,0,0,0,-0.017,0,-0.0079383774,0.062257696,0,0.031128848
-0.6,0,0,0,0,0.006,0,-0.0077013163,0.062385663,0,0.031192831
-0.59,0,0,0,0,0.005,0,-0.007523147,0.062481839,0,0.03124092
-0.58,0,0,0,0,-0.017,0,-0.0073542682,0.062573001,0,0.031286501
-0.57,0,0,0,0,-0.021,0,-0.0071366495,0.062690473,0,0.031345237
-0.56,0,0,0,0,-0.011,0,-0.0068490133,0.062845741,0,0.03142287
-0.55,0,0,0,0,0.003,0,-0.006525663,0.063020287,0,0.031510144
-0.54,0,0,0,0,0.005,0,-0.0062106204,0.063190349,0,0.031595175
-0.53,0,0,0,0,-0.001,0,-0.0059279059,0.06334296,0,0.03167148
-0.52,0,0,0,0,-0.005,0,-0.0056787176,0.063477473,0,0.031738737
-0.51,0,0,0,0,-0.001,0,-0.0054346986,0.063609196,0,0.031804598
-0.5,0,0,0,0,-0.016,0,-0.0051637744,0.063755443,0,0.031877721
-0.49,0,0,0,0,-0.015,0,-0.0048518646,0.063923814,0,0.031961907
-0.48,0,0,0,0,-0.004,0,-0.0044954155,0.064116227,0,0.032058113
-0.47,0,0,0,0,-0.022,0,-0.0041081443,0.064325278,0,0.032162639
-0.46,0,0,0,0,0.003,0,-0.0037196762,0.064534976,0,0.032267488
-0.45,0,0,0,0,-0.003,0,-0.0033728255,0.064722208,0,0.032361104
-0.44,0,0,0,0,0.001,0,-0.0031208488,0.064858226,0,0.032429113
-0.43,0,0,0,0,0.007,0,-0.0030263866,0.064909218,0,0.032454609
-0.42,0,0,0,0,-0.005,0,-0.0030978205,0.064870657,0,0.032435329
-0.41,0,0,0,0,0.002,0,-0.0032306281,0.064798967,0,0.032399483
-0.4,0,0,0,0,0.008,0,-0.0032399406,0.06479394,0,0.03239697
-0.39,0,0,0,0,-0.003,0,-0.002995778,0.06492574,0,0.03246287
-0.38,0,0,0,0,0.001,0,-0.0024948264,0.065196157,0,0.032598079
-0.37,0,0,0,0,-0.022,0,-0.0018176853,0.065561682,0,0.032780841
-0.36,0,0,0,0,-0.013,0,-0.0011287901,0.065933552,0,0.032966776
-0.35,0,0,0,0,0.015,0,-0.00060485523,0.066216375,0,0.033108187
-0.34,0,0,0,0,0.015,0,-0.00029248295,0.066384995,0,0.033192498
-0.33,0,0,0,0,0.006,0,0.00016290946,0.066630819,0,0.033315409
-0.32,0,0,0,0,0.006,0,0.0013918902,0.06729423,0,0.033647115
-0.31,0,0,0,5.3651649e-06,-0.015,0,0.0033086364,0.068328901,-5.8390181e-05,0.034135255
-0.3,0,0,0,2.0082114e-05,-0.017,0,0.0057737445,0.069659581,-0.00026485861,0.034697361
-0.29,0,0,0,-1.7940151e-07,-0.003,0,0.008497579,0.071129923,-0.00016555171,0.035482186
-0.28,0,0,0,-0.00011029798,-0.005,0,0.011356474,0.072673172,0.0010573426,0.036865257
-0.27,0,0,0,-0.00032279227,0.005,0,0.013729065,0.073953911,0.0040791878,0.039016549
-0.26,0,0,0,-0.00058249623,0.013,0,0.014494547,0.074367123,0.0089840312,0.041675577
-0.25,0,0,0,-0.00080627287,0.01,0,0.012728667,0.07341389,0.015426012,0.044419951
-0.24,0,0,0,-0.00091085598,0.027,0,0.0081074789,0.070919345,0.022791622,0.046855484
-0.23,0,0,0,-0.00082679137,0.073,0,0.0013328991,0.067262386,0.030273952,0.048768169
-0.22,0,0,0,-0.00053642671,0.045,0,-0.0060141023,0.063296431,0.037300854,0.050298642
-0.21,0,0,0,-6.4524934e-05,0.002,0,-0.011990262,0.060070464,0.043622736,0.0518466
-0.2,0,0,0,0.00055123332,-0.035,0,-0.014896261,0.058501788,0.049126893,0.053814341
-0.19,0,0,0,0.0012442011,-0.037,0,-0.01372652,0.059133222,0.054112676,0.056622949
-0.179,0,0,0,0.0020207342,0.03,0,-0.007354206,0.062573035,0.05961073,0.061091882
-0.17,0,0,0,0.0026277979,0.048,-0.080606654,0.0016052371,0.067409396,0.064652388,0.066030892
-0.16,0,0,0,0.0032609389,0.105,0.068067841,0.015034232,0.074658448,0.071297617,0.072978033
-0.15,0,0,0,0.0038669995,0.116,0.37437312,0.031679988,0.083643927,0.079366486,0.081505206
-0.14,4,-9,-0.0085084801,0.0045019518,0.099,0.44244097,0.050862686,0.093998862,0.088797399,0.091398131
-0.13,13,-4,0.015315264,0.0052309972,-0.051,0.30630528,0.071268203,0.10501388,0.099278275,0.10214608
-0.12,13,0,0.022122048,0.0060981638,-0.562,0.2552544,0.091026946,0.11567977,0.11053767,0.11310872
-0.11,13,0,0.022122048,0.0071319744,0.34,0.10210176,0.10871293,0.12522677,0.12222463,0.1237257
-0.1,9,-4,0.0085084801,0.0083165476,-0.212,-0.28928832,0.12337208,0.13313987,0.13424509,0.13369248
-0.09,9,-4,0.0085084801,0.0096132555,0.153,-0.35735616,0.13483214,0.13932608,0.14673392,0.14303
-0.08,9,-4,0.0085084801,0.011002775,-0.289,-0.068067841,0.14391022,0.14422648,0.15976565,0.15199606
-0.07,9,-9,0,0.01249414,0.207,0.051050881,0.15181048,0.14849109,0.17322012,0.1608556
-0.06,9,-4,0.0085084801,0.014085847,0.671,0.13613568,0.16004422,0.15293571,0.18718513,0.17006042
-0.05,13,-4,0.015315264,0.015777978,0.64,0.39139008,0.16975939,0.15818002,0.20195759,0.1800688
-0.04,13,-9,0.0068067841,0.017598214,0.735,0.45945793,0.18173372,0.16464383,0.21775566,0.19119975
-0.03,18,-4,0.023823744,0.019591133,0.445,0.37437312,0.19629175,0.17250234,0.23470611,0.20360423
-0.02,18,-4,0.023823744,0.021786988,0.194,0.45945793,0.21385926,0.18198539,0.25315283,0.21756911
-0.01,18,0,0.030630528,0.024235815,0.043,0.37437312,0.23448445,0.19311899,0.27323876,0.23317887
0,18,0,0.030630528,0.02701273,0.009,0.13613568,0.25773102,0.20566763,0.29462165,0.25014464
0.01,22,0,0.037437312,0.030159046,0.163,0.20420352,0.28295261,0.21928239,0.31678898,0.26803569
0.02,18,0,0.030630528,0.03367485,0.17,0.20420352,0.30929213,0.23350062,0.33896417,0.2862324
0.03,18,0,0.030630528,0.037503662,0.244,0.22122048,0.3359214,0.24787527,0.36031119,0.30409323
0.04,22,4,0.044244097,0.041521622,0.212,0.44244097,0.36221586,0.26206917,0.38021192,0.32114055
0.05,18,4,0.037437312,0.045589354,-0.065,0.57857665,0.38823306,0.27611341,0.39838443,0.33724892
0.06,22,9,0.052752577,0.04965498,-0.045,0.37437312,0.41457805,0.2903346,0.41529152,0.35281306
0.07,22,13,0.059559361,0.053744398,0.259,0.39139008,0.4418204,0.30504018,0.43193045,0.36848532
0.08,22,13,0.059559361,0.057934457,0.904,0.54454273,0.47076072,0.32066234,0.44912514,0.38489374
0.09,22,9,0.052752577,0.062298373,0.543,0.40840704,0.5015565,0.33728609,0.46724032,0.4022632
0.1,31,9,0.068067841,0.066906336,0.944,0.3403392,0.53361188,0.35458977,0.48631745,0.42045361
0.11,27,18,0.076576321,0.071829619,0.887,0.62962753,0.56526079,0.37167405,0.50587544,0.43877474
0.12,27,18,0.076576321,0.077124941,0.5,0.76576321,0.59517144,0.38781999,0.52467584,0.45624792
0.13,27,18,0.076576321,0.082816098,0.798,0.44244097,0.62140399,0.40198048,0.54135385,0.47166716
0.14,36,22,0.098698369,0.088861986,0.477,0.44244097,0.64158881,0.41287636,0.55484342,0.48385989
0.15,36,22,0.098698369,0.095169848,0.874,0.61261057,0.65388849,0.41951581,0.564177,0.49184641
0.16,31,22,0.090189889,0.10164644,0.659,0.45945793,0.65746363,0.42144569,0.56884914,0.49514741
0.17,36,27,0.10720685,0.10819076,0.979,0.45945793,0.65262079,0.4188315,0.56879559,0.49381354
0.18,36,27,0.10720685,0.11469722,0.334,0.78278017,0.64023756,0.41214695,0.56457858,0.48836276
0.19,36,31,0.11401363,0.12110142,0.541,0.78278017,0.62174886,0.40216664,0.55677595,0.4794713
0.2,45,31,0.1293289,0.12736516,0.717,0.76576321,0.59853421,0.38963523,0.54590058,0.46776791
0.21,45,36,0.13783738,0.1334288,0.52,0.85084801,0.5713164,0.3749429,0.53235473,0.45364881
0.22,45,36,0.13783738,0.13926076,0.639,0.71471233,0.54089329,0.35852032,0.51609423,0.43730728
0.23,50,40,0.15315264,0.1448535,0.493,0.62962753,0.50839638,0.34097829,0.49695425,0.41896627
0.24,50,40,0.15315264,0.15017043,0.578,0.62962753,0.47537607,0.32315373,0.47485501,0.39900437
0.25,50,45,0.16166112,0.15515775,0.286,0.40840704,0.44341265,0.30589969,0.45042686,0.37816327
0.26,54,45,0.16846791,0.1598183,-0.025,0.1701696,0.41354443,0.28977664,0.42406456,0.3569206
0.27,50,50,0.1701696,0.16416406,0.548,0.23823744,0.38581901,0.27481029,0.39561956,0.33521492
0.28,50,45,0.16166112,0.1681543,-0.058,0.1701696,0.35936777,0.26053176,0.36491975,0.31272575
0.29,50,45,0.16166112,0.17170872,0.536,0.085084801,0.33281571,0.24619879,0.3327217,0.28946025
0.3,54,50,0.17697639,0.17477923,0.079,0.22122048,0.30572524,0.2315752,0.30012745,0.26585132
0.31,50,50,0.1701696,0.17735085,0.665,0.425645,0.27847806,0.216867,0.2681361,0.24250155
0.321,54,50,0.17697639,0.17963767,0.288,0.33380744,0.24900157,0.20095542,0.23476435,0.21785988
0.33,54,50,0.17697639,0.18117457,0.239,0.20858216,0.22611875,0.18860314,0.20981003,0.19920658
0.34,59,54,0.19229165,0.1826245,0.753,0.37437312,0.20243847,0.17582038,0.18522317,0.18052177
0.35,54,54,0.18378317,0.18386551,-0.13,0.30630528,0.17967797,0.16353413,0.16415558,0.16384485
0.36,54,54,0.18378317,0.18500833,0.164,-0.01701696,0.15646481,0.15100352,0.14600566,0.14850459
0.37,59,59,0.20080013,0.18613067,0.015,-0.085084801,0.13220386,0.13790732,0.12961579,0.13376155
0.38,54,54,0.18378317,0.1872379,0.192,0.23823744,0.10782214,0.12474592,0.11397751,0.11936171
0.39,54,54,0.18378317,0.18828594,-0.035,0.068067841,0.084076913,0.1119281,0.098615581,0.10527184
0.4,54,54,0.18378317,0.18919887,-0.152,-0.23823744,0.061563561,0.099775258,0.083503368,0.091639313
0.41,63,59,0.20760691,0.18993266,0.391,-0.13613568,0.040884178,0.088612403,0.068364029,0.078488216
0.42,54,54,0.18378317,0.19045798,-0.01,0.10210176,0.02207399,0.078458551,0.053228502,0.065843527
0.43,54,50,0.17697639,0.19071781,-0.029,0.01701696,0.004644663,0.069050096,0.038798261,0.053924179
0.44,54,50,0.17697639,0.19074097,-0.173,-0.068067841,-0.013136227,0.059451865,0.025654849,0.042553357
0.45,59,59,0.20080013,0.19060304,-0.246,0.23823744,-0.032685868,0.048898851,0.014396167,0.031647509
0.46,54,59,0.19229165,0.19036398,-0.175,0.30630528,-0.054611764,0.037063122,0.0056141701,0.021338646
0.47,54,59,0.19229165,0.19003483,0.069,0.068067841,-0.078434371,0.024203535,-0.00027347841,0.011965028
0.48,54,59,0.19229165,0.18964973,-0.126,0.068067841,-0.10312908,0.010873183,-0.0033451958,0.0037639935
0.49,54,59,0.19229165,0.18927692,0.298,4.3520743e-13,-0.12760693,-0.0023401077,-0.0039756749,-0.0031578913
0.5,54,59,0.19229165,0.18896597,-0.261,-0.30630528,-0.15075847,-0.014837446,-0.0029518996,-0.0088946728
0.51,59,63,0.20760691,0.18871583,-0.121,-0.22122048,-0.17198652,-0.026296478,-0.00084455472,-0.013570516
0.52,50,54,0.17697639,0.18851279,-0.183,-0.13613568,-0.1907142,-0.036405789,0.0018883403,-0.017258724
0.53,50,54,0.17697639,0.18839732,-0.408,-0.15315264,-0.20654465,-0.044951159,0.0045810032,-0.020185078
0.54,50,59,0.18548487,0.1883831,-0.441,-0.085084801,-0.21919611,-0.051780498,0.006526564,-0.022626967
0.55,50,59,0.18548487,0.18842491,0.209,-1.7763568e-15,-0.22842781,-0.056763824,0.0078298014,-0.024467011
0.56,54,63,0.19909843,0.18849563,0.432,0.22122048,-0.23378649,-0.059656472,0.0091739152,-0.025241278
0.57,50,54,0.17697639,0.18857218,0.031,0.13613568,-0.23455011,-0.060068675,0.010885133,-0.024591771
0.58,50,54,0.17697639,0.18863224,-0.89,-0.22122048,-0.23117032,-0.058244243,0.013282579,-0.022480832
0.59,59,63,0.20760691,0.18870632,-0.291,0.01701696,-0.22459346,-0.054694017,0.016781515,-0.018956251
0.6,50,54,0.17697639,0.18890505,-0.181,0.45945793,-0.21560202,-0.049840382,0.021579838,-0.014130272
0.61,50,59,0.18548487,0.18929758,-1.262,0.15315264,-0.20453362,-0.043865597,0.026796423,-0.0085345869
0.62,54,59,0.19229165,0.18986183,-0.478,4.3520743e-13,-0.19231407,-0.03726941,0.031177056,-0.0030461772
0.63,59,63,0.20760691,0.19051286,-0.752,0.15315264,-0.17955095,-0.030379799,0.034051941,0.0018360714
0.64,54,59,0.19229165,0.1912328,0.506,0.068067841,-0.16628606,-0.023219332,0.034890307,0.0058354873
0.65,54,59,0.19229165,0.19198039,0.186,1.936229e-13,-0.15254181,-0.015800107,0.03318056,0.0086902266
0.66,50,59,0.18548487,0.19264313,0.3,-0.22122048,-0.13894338,-0.008459588,0.029159503,0.010349957
0.67,54,63,0.19909843,0.19311175,0.082,-0.30630528,-0.12671714,-0.00185979,0.023607206,0.010873708
0.68,59,59,0.20080013,0.19334053,-0.108,-4.3520743e-13,-0.1169986,0.0033863333,0.017430642,0.010408488
0.69,50,54,0.17697639,0.19334553,-0.177,0.1701696,-0.11067211,0.0068014106,0.011717505,0.0092594577
0.7,50,54,0.17697639,0.19321085,0.055,-0.068067841,-0.10779219,0.0083560099,0.0073388604,0.0078474351
0.71,59,59,0.20080013,0.19299244,-0.142,0.15315264,-0.10755105,0.0084861786,0.0042871934,0.006386686
0.72,59,59,0.20080013,0.19273226,0.025,0.47647489,-0.10886169,0.0077786863,0.0022653917,0.005022039
0.73,54,59,0.19229165,0.19247632,-0.296,0.15315264,-0.11146345,0.0063742421,0.0011777951,0.0037760186
0.74,59,59,0.20080013,0.19225108,0.206,-0.2552544,-0.11529284,0.0043071152,0.0013205161,0.0028138156
0.75,59,59,0.20080013,0.19208287,-0.109,-0.2552544,-0.12067113,0.0014038821,0.0031514256,0.0022776538
0.76,54,59,0.19229165,0.19200812,-0.132,-0.01701696,-0.12834398,-0.002737973,0.00597839,0.0016202085
0.77,54,54,0.18378317,0.1920612,-0.434,-0.1701696,-0.13921206,-0.0086046245,0.0087806132,8.7994351e-05
0.78,54,54,0.18378317,0.19227613,-0.229,-0.39139008,-0.15315074,-0.016128808,0.010942218,-0.0025932951
0.79,63,59,0.20760691,0.19257988,-0.124,0.01701696,-0.16927129,-0.024830775,0.011820337,-0.0065052194
0.8,50,54,0.17697639,0.19285637,-0.165,0.3403392,-0.1860123,-0.033867674,0.01140285,-0.011232412
0.81,50,54,0.17697639,0.1930404,-0.813,0.045673227,-0.20105898,-0.041989965,0.010245577,-0.015872194
0.821,59,59,0.20080013,0.19319479,0.001,0.16587239,-0.21291988,-0.048392549,0.0085660712,-0.019913239
0.83,59,59,0.20080013,0.1933597,-0.397,0.42373226,-0.21810656,-0.051192348,0.0064909048,-0.022350722
0.84,54,59,0.19229165,0.1936312,-0.149,0.068067841,-0.2199699,-0.052198194,0.0028391074,-0.024679543
0.85,59,59,0.20080013,0.19398889,-0.392,-0.1701696,-0.21883105,-0.051583436,-0.0025343922,-0.027058914
0.86,54,59,0.19229165,0.19440576,-0.119,-0.085084801,-0.21590066,-0.050001593,-0.0093264941,-0.029664043
0.87,54,59,0.19229165,0.19479424,0.219,0,-0.21073806,-0.047214791,-0.016898262,-0.032056527
0.88,59,54,0.19229165,0.19499956,-0.118,0.22122048,-0.20257608,-0.042808901,-0.024993246,-0.033901073
0.89,59,54,0.19229165,0.19488592,0.212,0.13613568,-0.19111281,-0.036620961,-0.033312263,-0.034966612
0.9,59,59,0.20080013,0.19441496,0.051,-0.1701696,-0.17718289,-0.029101509,-0.041102927,-0.035102218
0.91,63,63,0.2144137,0.19361281,-0.394,-0.1701696,-0.16196196,-0.020885159,-0.047647888,-0.034266524
0.92,54,54,0.18378317,0.19252681,-0.408,-0.1701696,-0.14701594,-0.012817205,-0.052341323,-0.032579264
0.93,54,54,0.18378317,0.19122351,-0.098,-0.22122048,-0.13394518,-0.0057615317,-0.054169099,-0.029965315
0.94,54,54,0.18378317,0.18980601,-0.54,0.03403392,-0.12305023,0.00011962765,-0.052175584,-0.026027978
0.95,54,59,0.19229165,0.18839335,-0.392,0.1701696,-0.11462531,0.0046674483,-0.046022573,-0.020677562
0.96,59,59,0.20080013,0.18712167,-0.605,-0.13613568,-0.10848638,0.0079812797,-0.036233513,-0.014126117
0.97,59,59,0.20080013,0.1861559,0.048,-0.35735616,-0.10359142,0.010623609,-0.023998401,-0.0066873959
0.98,54,54,0.18378317,0.18562313,0.143,-0.45945793,-0.099369133,0.012902825,-0.010469601,0.0012166121
0.99,50,50,0.1701696,0.18548888,0.65,-0.47647489,-0.095183733,0.015162129,0.0031250753,0.0091436024
1,50,50,0.1701696,0.18567525,0.37,-0.15315264,-0.090627486,0.017621619,0.015765218,0.016693419
1.01,50,54,0.17697639,0.18611652,-0.733,0.30630528,-0.085165052,0.020570274,0.027530587,0.02405043
1.02,50,54,0.17697639,0.18681043,-0.216,0.44244097,-0.078430681,0.024205528,0.038202683,0.031204105
1.03,54,59,0.19229165,0.18776425,0.121,0.37437312,-0.070181896,0.028658271,0.047198064,0.037928167
1.04,54,59,0.19229165,0.18895866,0.043,0.30630528,-0.060663773,0.033796211,0.054101783,0.043948997
1.05,54,59,0.19229165,0.19029456,-0.149,0.15315264,-0.05065413,0.039199476,0.058858129,0.049028803
1.06,54,59,0.19229165,0.19166444,0.346,0.15315264,-0.041077263,0.044369126,0.06134254,0.052855833
1.07,59,54,0.19229165,0.19296604,-0.321,0.30630528,-0.032725633,0.048877386,0.06149948,0.055188433
1.08,59,54,0.19229165,0.19412615,-0.276,0.30630528,-0.02668363,0.052138896,0.059447585,0.05579324
1.09,59,63,0.20760691,0.19511271,-0.353,0.23823744,-0.023659589,0.053771291,0.055843632,0.054807461
1.1,59,63,0.20760691,0.1959537,0.317,2.4158453e-13,-0.023566379,0.053821607,0.051142164,0.052481885
1.11,59,63,0.20760691,0.19661769,-0.243,-0.32332224,-0.025865221,0.052580678,0.045037943,0.048809311
1.12,59,59,0.20080013,0.19701081,-0.075,-0.23823744,-0.029390928,0.05067748,0.037429511,0.044053496
1.13,54,54,0.18378317,0.19704242,0.767,-0.23823744,-0.033059714,0.048697047,0.028895124,0.038796086
1.14,54,54,0.18378317,0.19674696,-0.821,-0.10210176,-0.036486691,0.046847145,0.020217432,0.033532288
1.15,59,63,0.20760691,0.196283,0.265,0.13613568,-0.03962744,0.04515175,0.012206182,0.028678966
1.16,54,54,0.18378317,0.19582174,-0.082,0,-0.043132559,0.043259665,0.0056529536,0.024456309
1.17,63,63,0.2144137,0.19542473,-0.422,-0.23823744,-0.048434151,0.040397834,0.0013607893,0.020879312
1.18,54,54,0.18378317,0.19510582,0.434,-6.7679196e-13,-0.056304242,0.036149512,-0.00047512577,0.017837193
1.19,54,54,0.18378317,0.19486281,-0.159,0.01701696,-0.066361774,0.030720396,-4.7098967e-05,0.015336648
1.2,54,54,0.18378317,0.19471662,0.109,-0.068067841,-0.077180362,0.024880457,0.0021536477,0.013517052
1.21,59,63,0.20760691,0.19472742,-0.114,0.23823744,-0.087149381,0.019499121,0.0051141608,0.012306641
1.22,54,59,0.19229165,0.1949385,0.133,0.32332224,-0.095097471,0.015208694,0.0081291628,0.011668929
1.23,54,63,0.19909843,0.19535035,-0.091,0.085084801,-0.10096521,0.012041255,0.010587428,0.011314341
1.24,54,59,0.19229165,0.19592444,-0.54,-0.15315264,-0.10627613,0.0091743851,0.011752813,0.010463599
1.25,59,63,0.20760691,0.19655901,0.333,0.01701696,-0.11205223,0.0060564163,0.011117138,0.0085867772
1.26,54,59,0.19229165,0.19710789,-0.183,0.23823744,-0.11798662,0.0028529966,0.0086146991,0.0057338478
1.27,54,59,0.19229165,0.19744795,-0.435,0.068067841,-0.12300903,0.00014186587,0.004577507,0.0023596864
1.28,59,59,0.20080013,0.19756457,-0.224,-0.23823744,-0.12610598,-0.0015298858,-0.00043615048,-0.00098301816
1.29,63,63,0.2144137,0.19752712,-0.126,-0.1701696,-0.12619048,-0.0015754998,-0.0060636776,-0.0038195887
1.3,54,59,0.19229165,0.1973928,-0.205,0.051050881,-0.1227885,0.00026090951,-0.01183848,-0.0057887851
1.31,54,54,0.18378317,0.19716215,-0.168,-3.8724579e-13,-0.11584447,0.004009341,-0.017356926,-0.0066737923
1.32,54,54,0.18378317,0.19677907,-0.258,-0.051050881,-0.10572508,0.0094718471,-0.022334453,-0.0064313029
1.33,63,63,0.2144137,0.19625341,-0.221,0.2552544,-0.092848129,0.016422903,-0.026765777,-0.0051714374
1.34,59,59,0.20080013,0.19566064,0.012,0.10210176,-0.077971757,0.024453257,-0.030401509,-0.002974126
1.35,59,59,0.20080013,0.19503491,-0.26,-0.28928832,-0.061961219,0.033095842,-0.032803431,0.00014620552
1.36,59,59,0.20080013,0.19444617,0.446,-0.30630528,-0.045278336,0.042101362,-0.03337517,0.004363096
1.37,50,54,0.17697639,0.19395006,0.625,-0.2552544,-0.02917185,0.050795739,-0.032709975,0.0090428825
1.38,59,54,0.19229165,0.1935489,0.084,-0.2552544,-0.014693009,0.058611505,-0.031756901,0.013427302
1.39,59,54,0.19229165,0.19321764,-0.446,0.15315264,-0.0031290699,0.064853789,-0.031046423,0.016903683
1.4,54,54,0.18378317,0.19293297,-0.474,0.32332224,0.004289413,0.06885833,-0.030288774,0.019284778
1.41,54,59,0.19229165,0.19268315,-0.309,0.085084801,0.0071806486,0.070419036,-0.029509756,0.02045464
1.42,59,59,0.20080013,0.1924703,0.19,-0.068067841,0.0057515088,0.069647578,-0.028879368,0.020384105
1.43,59,59,0.20080013,0.19228296,0.032,-0.068067841,0.00072939084,0.066936609,-0.02848071,0.019227949
1.44,54,59,0.19229165,0.19210225,0.391,-0.085084801,-0.0071039803,0.062708108,-0.028002722,0.017352693
1.45,50,54,0.17697639,0.19192346,0.333,-0.01701696,-0.016866539,0.057438221,-0.027756994,0.014840613
1.46,54,59,0.19229165,0.19174834,0.153,-0.01701696,-0.028214611,0.051312463,-0.028163251,0.011574606
1.47,54,59,0.19229165,0.19159569,-0.28,-0.01701696,-0.041039495,0.044389514,-0.029138368,0.0076255727
1.48,59,63,0.20760691,0.19148115,0.046,0.15315264,-0.054574564,0.037083203,-0.030274139,0.003404532
1.49,54,54,0.18378317,0.19132724,0.005,0.1701696,-0.068075325,0.029795411,-0.03134229,-0.00077343979
1.5,54,54,0.18378317,0.19101439,-0.228,-0.22122048,-0.080980229,0.022829266,-0.032303579,-0.0047371566
1.51,59,59,0.20080013,0.19048643,-0.413,-0.30630528,-0.092389954,0.016670228,-0.032982298,-0.0081560347
1.52,59,59,0.20080013,0.18980362,-0.254,0,-0.1014564,0.011776104,-0.032692603,-0.010458249
1.53,50,54,0.17697639,0.18905425,-0.052,1.7763568e-15,-0.10811183,0.0081834648,-0.030878682,-0.011347609
1.54,54,54,0.18378317,0.18832473,-0.369,-0.1701696,-0.1124819,0.0058244775,-0.027075097,-0.01062531
1.55,54,54,0.18378317,0.18770559,0.103,-0.10210176,-0.1146821,0.0046367922,-0.021309774,-0.008336491
1.56,59,59,0.20080013,0.1872385,-0.063,0.068067841,-0.11531402,0.0042956814,-0.014260709,-0.0049825138
1.57,54,54,0.18378317,0.18695491,-0.29,0.1701696,-0.1146361,0.0046616239,-0.0065419136,-0.00094014488
1.58,54,54,0.18378317,0.18685317,-0.028,-0.068067841,-0.11186282,0.0061586607,0.0013093204,0.0037339905
1.59,54,54,0.18378317,0.18688393,-0.001,-0.30630528,-0.10517545,0.0097685398,0.0089497934,0.0093591666
1.6,59,59,0.20080013,0.18701724,-0.14,-0.068067841,-0.093416945,0.016115852,0.016469988,0.01629292
1.61,50,54,0.17697639,0.1872679,0.209,-1.7763568e-15,-0.076912766,0.025024907,0.024235651,0.024630279
1.62,50,54,0.17697639,0.18765634,-0.233,-0.01701696,-0.05722887,0.035650392,0.032494194,0.034072293
1.63,54,54,0.18378317,0.18817851,-0.211,0.20420352,-0.037301269,0.04640743,0.040992043,0.043699737
1.64,54,54,0.18378317,0.18883702,-0.079,0.37437312,-0.020359501,0.055552698,0.048600704,0.052076701
1.65,54,63,0.19909843,0.18963565,-0.164,0.23823744,-0.0079796802,0.0622354,0.054427333,0.058331366
1.66,54,63,0.19909843,0.19053047,0.113,0.1701696,-0.00046651859,0.06629105,0.058477652,0.062384351
1.67,54,59,0.19229165,0.19148491,0.069,0.10210176,0.0031379049,0.068236739,0.061116239,0.064676489
1.68,54,59,0.19229165,0.1924643,0.218,-0.051050881,0.0034297373,0.068394272,0.061927809,0.06516104
1.69,54,59,0.19229165,0.19342896,0.032,-0.068067841,0.00035241774,0.066733116,0.060606324,0.06366972
1.7,59,59,0.20080013,0.1943736,0.06,0,-0.0064501236,0.063061064,0.057414785,0.060237924
1.71,59,54,0.19229165,0.19528482,-0.122,0,-0.016851971,0.057446084,0.052631392,0.055038738
1.72,59,54,0.19229165,0.19609074,-0.201,0,-0.029814554,0.050448804,0.046163311,0.048306058
1.73,54,59,0.19229165,0.1967133,0.329,0.085084801,-0.043973416,0.042805766,0.038172467,0.040489116
1.74,54,59,0.19229165,0.19711109,0.13,0.1701696,-0.05839893,0.035018786,0.029214578,0.032116682
1.75,59,59,0.20080013,0.19733084,-0.35,0.1701696,-0.072030963,0.027660134,0.019777365,0.023718749
1.76,59,59,0.20080013,0.19739495,0.315,0.23823744,-0.08413366,0.021127025,0.010222568,0.015674797
1.77,59,59,0.20080013,0.1973096,0.13,-0.01701696,-0.094783071,0.015378409,0.0010426691,0.0082105392
1.78,59,59,0.20080013,0.19709512,-0.504,-0.3403392,-0.10396671,0.010421024,-0.0069840861,0.0017184688
1.79,63,59,0.20760691,0.19681803,-0.602,-0.10210176,-0.11163594,0.0062811308,-0.013218191,-0.0034685303
1.8,54,54,0.18378317,0.19650293,-0.045,0.13613568,-0.11785578,0.0029236218,-0.017820395,-0.0074483865
1.81,54,54,0.18378317,0.19613705,-0.097,-0.1701696,-0.12238787,0.00047717292,-0.021285532,-0.01040418
1.82,59,63,0.20760691,0.19570696,-0.61,-0.15315264,-0.12465384,-0.00074601158,-0.024025096,-0.012385554
1.83,59,63,0.20760691,0.19520501,-0.018,0.1701696,-0.12416105,-0.00047999941,-0.026205657,-0.013342828
1.84,54,54,0.18378317,0.19464033,0.583,-0.068067841,-0.12030323,0.001602476,-0.027428504,-0.012913014
1.85,59,54,0.19229165,0.19404892,-0.338,-0.30630528,-0.11328993,0.0053882976,-0.027356387,-0.010984045
1.86,54,59,0.19229165,0.19351037,-0.216,-0.068067841,-0.10371399,0.010557447,-0.026435102,-0.0079388274
1.87,59,54,0.19229165,0.19310074,-0.757,0.1701696,-0.092312245,0.016712176,-0.025421777,-0.0043548002
1.88,54,59,0.19229165,0.19285316,0.009,-0.068067841,-0.080288147,0.023202856,-0.024793801,-0.0007954726
1.89,54,59,0.19229165,0.19273783,0.188,-0.15315264,-0.068424425,0.029606965,-0.024272827,0.0026670687
1.9,59,59,0.20080013,0.19269979,0.188,-1.7763568e-15,-0.056360565,0.036119108,-0.023625189,0.0062469597
1.91,50,54,0.17697639,0.19267458,0.491,0.085084801,-0.042985263,0.043339176,-0.02273599,0.010301593
1.92,54,59,0.19229165,0.19258816,0.025,-2.4158453e-13,-0.027833389,0.051518249,-0.021413704,0.015052273
1.93,54,59,0.19229165,0.19239298,-0.338,0.068067841,-0.012115058,0.060003098,-0.019430538,0.02028628
1.94,59,59,0.20080013,0.19209186,0.158,0.15315264,0.0024652899,0.067873658,-0.016499475,0.025687091
1.95,54,59,0.19229165,0.19172414,-0.319,0,0.013959133,0.074078103,-0.01243265,0.030822727
1.96,54,59,0.19229165,0.19134982,-0.189,-0.085084801,0.020603536,0.077664792,-0.007172922,0.035245935
1.97,59,54,0.19229165,0.19104069,0.236,0,0.021049549,0.077905552,-0.00077155084,0.038567
1.98,59,54,0.19229165,0.19086166,0.111,0.1701696,0.015600547,0.074964148,0.0064495079,0.040706828
1.99,54,59,0.19229165,0.19081796,-0.097,-0.068067841,0.0066364293,0.070125264,0.013525917,0.04182559
2,59,59,0.20080013,0.19088652,-0.019,-0.30630528,-0.0042877144,0.064228345,0.019777623,0.042002984
2.01,59,59,0.20080013,0.19109916,0.128,-0.30630528,-0.016345585,0.057719435,0.025126843,0.041423139
2.02,50,54,0.17697639,0.19147147,-0.185,-0.15315264,-0.027951126,0.051454694,0.029630564,0.040542629
2.03,50,54,0.17697639,0.19193338,0.063,-0.085084801,-0.037347194,0.04638264,0.033342132,0.039862386
2.04,50,54,0.17697639,0.19242998,-0.159,0.068067841,-0.044167915,0.042700774,0.036486764,0.039593769
2.05,59,59,0.20080013,0.19294222,0.123,0.39139008,-0.048504894,0.040359646,0.039332567,0.039846107
2.06,54,59,0.19229165,0.19346895,-0.073,0.47647489,-0.049469192,0.039839113,0.042164169,0.041001641
2.07,54,59,0.19229165,0.19402423,-0.113,0.23823744,-0.046743604,0.041310402,0.045223738,0.04326707
2.08,59,59,0.20080013,0.19469577,0.346,0.085084801,-0.041931461,0.043908025,0.047926741,0.045917383
2.09,59,59,0.20080013,0.19555193,0.447,0.1701696,-0.037389596,0.046359751,0.049325815,0.047842783
2.1,59,59,0.20080013,0.19655489,-0.304,0.085084801,-0.03577268,0.047232572,0.048248227,0.047740399
2.11,59,59,0.20080013,0.19760851,-0.691,0,-0.038959383,0.045512371,0.044218331,0.044865351
2.12,59,59,0.20080013,0.19860124,-0.826,-0.085084801,-0.046345428,0.041525339,0.037356529,0.039440934
2.13,59,59,0.20080013,0.19943401,0.23,-0.085084801,-0.056049354,0.036287102,0.028169766,0.032228434
2.14,59,59,0.20080013,0.19999732,-0.441,-0.085084801,-0.066294642,0.030756634,0.017343609,0.024050121
2.15,54,59,0.19229165,0.20018536,-0.018,-0.1701696,-0.075544437,0.025763539,0.005930746,0.015847143
2.16,59,59,0.20080013,0.19998855,0.443,-0.01701696,-0.081765948,0.02240513,-0.0054090044,0.0084980629
2.17,54,59,0.19229165,0.19944941,0.742,0.15315264,-0.083270284,0.021593081,-0.016003502,0.0027947895
2.18,54,59,0.19229165,0.19864128,0.123,0.085084801,-0.080223412,0.0232378,-0.0247973,-0.00077974975
2.19,63,59,0.20760691,0.19769922,-0.76,0.085084801,-0.074308996,0.026430437,-0.030584995,-0.0020772786
2.2,59,59,0.20080013,0.19679728,0.534,0.30630528,-0.066983339,0.030384871,-0.032997776,-0.0013064524
2.21,59,59,0.20080013,0.19600283,0.305,-0.085084801,-0.060177581,0.03405866,-0.032354289,0.00085218563
2.22,59,59,0.20080013,0.1953259,-0.692,-0.47647489,-0.05603521,0.036294737,-0.029362385,0.0034661759
2.23,63,63,0.2144137,0.1947624,-0.652,-0.3403392,-0.056130495,0.036243301,-0.024734735,0.0057542832
2.24,50,54,0.17697639,0.19432859,0.238,-0.2552544,-0.061654241,0.03326155,-0.018861779,0.0071998858
2.25,54,54,0.18378317,0.19402554,-0.186,-0.30630528,-0.073236587,0.027009331,-0.012347531,0.0073308997
2.26,54,54,0.18378317,0.19385271,-0.881,-0.068067841,-0.090408064,0.017740064,-0.0059405197,0.0058997724
2.27,54,59,0.19229165,0.19378612,-0.14,0.23823744,-0.11222755,0.0059617735,0.00024259355,0.0031021835
2.28,59,54,0.19229165,0.19385492,0.201,0.39139008,-0.13740925,-0.0076314584,0.0057597164,-0.00093587104
2.29,59,54,0.19229165,0.19408963,0.103,0.22122048,-0.16420215,-0.022094425,0.010058999,-0.0060177132
2.3,54,59,0.19229165,0.19444879,-0.049,-0.085084801,-0.1896779,-0.035846391,0.013353302,-0.011246544
2.31,63,63,0.2144137,0.1948851,0.893,0.085084801,-0.20988765,-0.046755734,0.016180506,-0.015287614
2.32,54,54,0.18378317,0.19540193,-0.483,0.23823744,-0.22205425,-0.053323334,0.018660314,-0.01733151
2.33,54,59,0.19229165,0.19601564,-0.425,-0.15315264,-0.22554828,-0.055209433,0.020398889,-0.017405272
2.34,59,59,0.20080013,0.19669371,0.349,-0.068067841,-0.22131855,-0.052926201,0.020919172,-0.016003515
2.35,63,59,0.20760691,0.19736586,0.04,0.32332224,-0.21108709,-0.047403198,0.020003502,-0.013699848
2.36,54,54,0.18378317,0.19794128,-1.065,0.085084801,-0.19714241,-0.039875775,0.01728912,-0.011293328
2.37,59,63,0.20760691,0.1983291,-0.857,-0.068067841,-0.18247903,-0.031960393,0.012650985,-0.009654704
2.38,59,59,0.20080013,0.19848436,-0.665,0.10210176,-0.16880191,-0.024577405,0.0065440653,-0.00901667
2.39,59,59,0.20080013,0.19841352,0.115,-0.068067841,-0.15619919,-0.017774379,-0.00066004795,-0.0092172133
2.4,59,59,0.20080013,0.19814773,-0.646,-0.10210176,-0.14454462,-0.011483174,-0.0083381862,-0.0099106803
2.41,59,59,0.20080013,0.19775521,0.022,-0.03403392,-0.13414558,-0.0058697094,-0.01557049,-0.0107201
2.42,54,54,0.18378317,0.19732643,0.033,-0.40840704,-0.12503248,-0.00095040051,-0.021477752,-0.011214076
2.43,63,63,0.2144137,0.19687674,-0.243,-0.1701696,-0.11561429,0.0041335939,-0.02596259,-0.010914498
2.44,54,54,0.18378317,0.19638984,0.259,0.30630528,-0.1043625,0.010207373,-0.029007225,-0.0093999256
2.45,50,54,0.17697639,0.19586375,0.23,0.01701696,-0.091312908,0.017251624,-0.030711548,-0.0067299619
2.46,63,59,0.20760691,0.19532317,-0.159,-0.22122048,-0.076560556,0.025215032,-0.031181847,-0.0029834075
2.47,63,59,0.20760691,0.19480159,-0.004,0.15315264,-0.059762287,0.034282839,-0.030609701,0.0018365686
2.48,54,59,0.19229165,0.19430422,0.415,0.085084801,-0.041949893,0.043898075,-0.029019815,0.0074391302
2.49,54,54,0.18378317,0.19381906,0.401,-0.22122048,-0.025796735,0.052617647,-0.025909478,0.013354085
2.5,59,54,0.19229165,0.19343284,-0.041,-0.15315264,-0.013544668,0.059231386,-0.021342777,0.018944304
2.51,59,59,0.20080013,0.19316817,-0.508,0.1701696,-0.0064767322,0.0630467,-0.016007542,0.023519579
2.52,54,59,0.19229165,0.19303369,0.248,0.085084801,-0.0052300469,0.063719669,-0.010664126,0.026527771
2.53,54,59,0.19229165,0.19305604,-0.049,-0.1701696,-0.0094524312,0.0614404,-0.006003546,0.027718427
2.54,59,59,0.20080013,0.19323264,-0.229,-0.085084801,-0.017471136,0.057111856,-0.0026380955,0.02723688
2.55,54,54,0.18378317,0.19347587,-0.507,0,-0.028448019,0.051186468,-0.0010005411,0.025092963
2.56,54,59,0.19229165,0.19370334,0.007,-0.085084801,-0.041157238,0.044325956,-0.0006874862,0.021819235
2.57,54,59,0.19229165,0.19386643,0.11,0.085084801,-0.053272209,0.037786221,-0.0011479669,0.018319127
2.58,59,54,0.19229165,0.19393551,-0.298,0.1701696,-0.063144134,0.032457297,-0.0016986053,0.015379346
2.59,59,54,0.19229165,0.19391242,-0.478,0,-0.070839383,0.028303356,-0.001669932,0.013316712
2.6,59,59,0.20080013,0.19382101,0.249,0,-0.076519369,0.025237265,-0.00064635819,0.012295453
2.61,54,59,0.19229165,0.19368955,0.145,0,-0.080249088,0.02322394,0.0014505865,0.012337263
2.62,54,59,0.19229165,0.19359262,-0.019,0.22122048,-0.082132356,0.022207341,0.0046403423,0.013423842
2.63,54,59,0.19229165,0.19356825,-0.018,0.068067841,-0.082846109,0.021822053,0.0079151556,0.014868604
2.64,54,59,0.19229165,0.19360461,-0.169,-0.085084801,-0.082525248,0.021995255,0.01029899,0.016147123
2.65,63,68,0.22292218,0.19371896,0.286,0.068067841,-0.081334699,0.022637921,0.011825027,0.017231474
2.66,50,54,0.17697639,0.19391395,-0.124,-0.085084801,-0.080051072,0.02333083,0.012925387,0.018128109
2.67,54,63,0.19909843,0.19416488,-0.347,-0.47647489,-0.079243756,0.023766625,0.013395736,0.01858118
2.68,54,59,0.19229165,0.19440027,-0.17,-0.23823744,-0.079305294,0.023733406,0.013110978,0.018422192
2.69,54,54,0.18378317,0.19456571,0.176,0.1701696,-0.080617851,0.02302488,0.01241099,0.017717935
2.7,54,54,0.18378317,0.19464691,0.026,0.01701696,-0.083109182,0.021680044,0.011946551,0.016813298
2.71,59,54,0.19229165,0.19465673,-0.15,0.1701696,-0.086555832,0.019819522,0.012198369,0.016008945
2.72,59,59,0.20080013,0.19467367,-0.149,0.3403392,-0.090702561,0.017581093,0.01307169,0.015326391
2.73,54,59,0.19229165,0.19477866,-0.06,0.2552544,-0.095800327,0.014829288,0.014317339,0.014573314
2.74,59,59,0.20080013,0.19499534,-0.517,0.085084801,-0.10210658,0.011425135,0.015397564,0.01341135
2.75,59,59,0.20080013,0.19531577,-0.039,0.085084801,-0.1090223,0.0076919865,0.015943917,0.011817952
2.76,59,59,0.20080013,0.1957009,-0.112,-0.085084801,-0.11571749,0.0040778823,0.015837692,0.0099577873
2.77,59,59,0.20080013,0.19610999,-0.148,-0.2552544,-0.12154085,0.00093440032,0.014906259,0.0079203297
2.78,59,59,0.20080013,0.1965105,-0.131,-0.1701696,-0.12604974,-0.0014995248,0.012953514,0.0057269944
2.79,54,54,0.18378317,0.19687787,0.122,-0.01701696,-0.12878406,-0.0029755294,0.0098414563,0.0034329634
2.8,54,59,0.19229165,0.19713424,-0.346,-0.10210176,-0.12953732,-0.0033821409,0.005701424,0.0011596415
2.81,54,59,0.19229165,0.19719089,-0.085,4.8494542e-13,-0.12893958,-0.0030594777,0.00096370449,-0.0010478866
2.82,59,63,0.20760691,0.19699566,0.094,0.2552544,-0.12786029,-0.0024768742,-0.0036785727,-0.0030777235
2.83,54,54,0.18378317,0.19659986,0.057,0.1701696,-0.12648905,-0.00173667,-0.0075595942,-0.0046481321
2.84,59,59,0.20080013,0.19614183,-0.248,0.085084801,-0.12520824,-0.0010452802,-0.0099661592,-0.0055057197
2.85,59,59,0.20080013,0.1957081,-0.292,0,-0.12433445,-0.00057360046,-0.010955829,-0.0057647148
2.86,59,59,0.20080013,0.19536597,0.043,-0.085084801,-0.12385289,-0.00031365393,-0.010402681,-0.0053581677
2.87,59,63,0.20760691,0.19515459,-0.035,-0.1701696,-0.12350754,-0.00012723334,-0.0084236828,-0.0042754581
2.88,54,54,0.18378317,0.19506391,-0.23,-0.1701696,-0.12309837,9.3638475e-05,-0.0056280803,-0.0027672209
2.89,59,54,0.19229165,0.19503682,-0.309,-0.15315264,-0.12303685,0.00012684969,-0.0025067519,-0.0011899511
2.9,59,54,0.19229165,0.19505021,-0.511,0.01701696,-0.12386271,-0.00031895487,0.00047597506,7.8510092e-05
2.91,54,59,0.19229165,0.1950958,0.101,0.085084801,-0.12522963,-0.0010568263,0.0029785194,0.00096084659
2.92,59,59,0.20080013,0.19513297,-0.142,-0.085084801,-0.12605309,-0.0015013318,0.0049134031,0.0017060356
2.93,54,59,0.19229165,0.19513465,0.055,-2.4158453e-13,-0.12541007,-0.0011542262,0.0066113152,0.0027285445
2.94,59,54,0.19229165,0.19512395,-0.039,0.085084801,-0.12295336,0.00017191865,0.0083317192,0.0042518189
2.95,54,54,0.18378317,0.19514546,0.034,0.15315264,-0.11828619,0.0026912843,0.010344942,0.0065181129
2.96,59,59,0.20080013,0.19525221,-0.08,0.15315264,-0.11113619,0.0065508994,0.012841623,0.0096962611
2.97,59,59,0.20080013,0.19546337,-0.194,0.085084801,-0.10219215,0.011378946,0.015963711,0.013671329
2.98,59,63,0.20760691,0.19579749,-0.303,-2.4158453e-13,-0.092288078,0.016725222,0.01888507,0.017805146
2.99,59,54,0.19229165,0.19625322,-0.027,-0.085084801,-0.082419141,0.022052533,0.02067169,0.021362111
3,54,59,0.19229165,0.19677215,-0.151,-0.068067841,-0.073078288,0.027094781,0.021006548,0.024050665
3.01,59,54,0.19229165,0.19728223,-0.128,-0.068067841,-0.064354133,0.031804132,0.020055947,0.02593004
3.02,59,59,0.20080013,0.19768132,-0.006,0.15315264,-0.056041982,0.036291082,0.017933246,0.027112164
3.03,59,59,0.20080013,0.19792183,-0.199,0.15315264,-0.048527808,0.040347277,0.015063116,0.027705196
3.04,54,59,0.19229165,0.19805677,0.261,-0.085084801,-0.042028932,0.04385541,0.011446821,0.027651115
3.05,63,59,0.20760691,0.19814967,-0.036,-0.085084801,-0.036325153,0.046934344,0.0071386775,0.027036511
3.06,54,59,0.19229165,0.19821834,-0.107,0.15315264,-0.031226716,0.049686511,0.0026225149,0.026154513
3.07,54,59,0.19229165,0.19822429,-0.227,4.3520743e-13,-0.027071571,0.051929483,-0.0018395261,0.025044978
3.08,59,59,0.20080013,0.19815371,0.091,-0.068067841,-0.023855881,0.053665332,-0.0060891801,0.023788076
3.09,63,59,0.20760691,0.19800829,0.147,0.085084801,-0.020873647,0.055275159,-0.0099182815,0.022678439
3.1,54,59,0.19229165,0.1977959,0.191,0.13613568,-0.017661186,0.057009265,-0.012984676,0.022012294
3.11,59,59,0.20080013,0.19757682,-0.15,-0.10210176,-0.014389866,0.058775144,-0.015361564,0.02170679
3.12,54,59,0.19229165,0.1973561,-0.08,-0.32332224,-0.011905197,0.060116383,-0.01713338,0.021491502
3.13,63,63,0.2144137,0.19710658,-0.11,-0.085084801,-0.011179977,0.06050786,-0.018484767,0.021011547
3.14,54,54,0.18378317,0.1968192,0.224,0.085084801,-0.012477347,0.059807533,-0.019972802,0.019917365
3.15,54,54,0.18378317,0.19651964,-0.125,-0.051050881,-0.015651519,0.058094095,-0.021876495,0.0181088
3.16,59,59,0.20080013,0.19623916,-0.383,0.10210176,-0.020455733,0.055500752,-0.024091671,0.01570454
3.17,59,59,0.20080013,0.19598264,0.086,0.1701696,-0.026353084,0.052317327,-0.026080406,0.01311846
3.18,59,59,0.20080013,0.19572916,0.022,-0.23823744,-0.032682507,0.048900666,-0.027647023,0.010626822
3.19,63,59,0.20760691,0.19544578,0.372,-0.1701696,-0.038691395,0.045657032,-0.028740577,0.0084582278
3.2,50,54,0.17697639,0.19510656,-0.174,0,-0.043700655,0.042953004,-0.029218444,0.0068672798
3.21,54,54,0.18378317,0.19474287,-0.069,-0.15315264,-0.047659124,0.040816199,-0.029136145,0.0058400269
3.22,59,59,0.20080013,0.19439576,-0.346,0,-0.050932181,0.039049383,-0.028677119,0.0051861317
3.23,59,59,0.20080013,0.19406781,0.039,0.39139008,-0.053924452,0.037434137,-0.02785261,0.0047907631
3.24,54,59,0.19229165,0.19376625,-0.031,6.7856831e-13,-0.056796203,0.035883948,-0.026513243,0.0046853526
3.25,54,59,0.19229165,0.19345643,-0.055,-0.23823744,-0.059987001,0.034161536,-0.024638439,0.0047615486
3.26,63,59,0.20760691,0.19311311,-0.188,0.085084801,-0.0639327,0.032031625,-0.022287488,0.0048720682
3.27,54,50,0.17697639,0.1927753,0.198,2.4336089e-13,-0.068408426,0.029615601,-0.019649607,0.0049829969
3.28,59,59,0.20080013,0.19248563,-0.057,-0.32332224,-0.073310998,0.026969163,-0.016830621,0.005069271
3.29,59,59,0.20080013,0.1922501,-0.292,-0.1701696,-0.078819306,0.023995745,-0.014011754,0.0049919957
3.3,54,54,0.18378317,0.19206999,-0.086,0.068067841,-0.085192716,0.02055534,-0.011186568,0.0046843859
3.31,54,54,0.18378317,0.1919729,-0.174,-0.085084801,-0.092223928,0.01675985,-0.008564558,0.004097646
3.32,54,54,0.18378317,0.1919659,0.003,-2.4158453e-13,-0.099432208,0.012868777,-0.0058636541,0.0035025615
3.33,59,59,0.20080013,0.19199497,-0.024,0.2552544,-0.10642339,0.0090948953,-0.0032617582,0.0029165685
3.34,54,59,0.19229165,0.19202982,-0.018,0.1701696,-0.11320429,0.0054345248,-0.0013015739,0.0020664754
3.35,54,59,0.19229165,0.19208096,-0.279,-0.1701696,-0.11966714,0.0019458393,-9.4161178e-05,0.00092583904
3.36,59,59,0.20080013,0.19214826,0.094,-0.10210176,-0.12560709,-0.0012605808,0.00085971456,-0.00020043311
3.37,54,54,0.18378317,0.19223879,-0.171,0.068067841,-0.13057074,-0.0039399874,0.0022679154,-0.00083603602
3.38,54,54,0.18378317,0.19236619,0.025,0,-0.13452637,-0.0060752594,0.0045245608,-0.00077534928
3.39,54,63,0.19909843,0.19250554,-0.191,0.1701696,-0.13782647,-0.0078566759,0.0070495331,-0.00040357142
3.4,59,54,0.19229165,0.19264165,-0.493,0.1701696,-0.14057734,-0.0093416111,0.0091373562,-0.00010212745
3.41,59,59,0.20080013,0.1928068,-0.233,-0.068067841,-0.14246936,-0.010362936,0.010312901,-2.5017103e-05
3.42,59,59,0.20080013,0.19301522,0.051,-0.068067841,-0.14276744,-0.010523839,0.010275129,-0.00012435501
3.43,54,54,0.18378317,0.19321018,-0.109,0,-0.14122134,-0.0096892444,0.0091453896,-0.00027192739
3.44,59,54,0.19229165,0.19334119,-0.434,-0.23823744,-0.13803266,-0.0079679793,0.0073681524,-0.00029991345
3.45,59,54,0.19229165,0.19342792,0.05,-0.068067841,-0.13353594,-0.0055406241,0.0052114848,-0.00016456963
3.46,59,59,0.20080013,0.1934722,0.04,0.2552544,-0.12779638,-0.0024423733,0.0025061359,3.1881302e-05
3.47,54,50,0.17697639,0.19349474,-0.244,0,-0.12104523,0.0012019408,-0.0003600961,0.00042092235
3.48,59,59,0.20080013,0.19352619,-0.144,-0.2552544,-0.11357881,0.0052323591,-0.0030264648,0.0011029472
3.49,59,59,0.20080013,0.19358308,-0.183,0.068067841,-0.10560833,0.0095348722,-0.0059371959,0.0017988382
3.5,54,54,0.18378317,0.19363757,-0.078,0.23823744,-0.097289117,0.014025631,-0.0096145006,0.0022055651
3.51,54,54,0.18378317,0.19360817,-0.115,0,-0.089581997,0.01818598,-0.013754754,0.002215613
3.52,59,59,0.20080013,0.19345516,-0.079,0.085084801,-0.083641238,0.021392837,-0.017453906,0.0019694658
3.53,59,59,0.20080013,0.19318924,-0.042,0.1701696,-0.07973452,0.023501707,-0.020123544,0.0016890816
3.54,59,59,0.20080013,0.19284229,0.099,-0.085084801,-0.077694757,0.024602784,-0.021386486,0.0016081491
3.55,59,54,0.19229165,0.19244638,-0.12,-0.3403392,-0.077126529,0.024909517,-0.020928361,0.0019905776
3.56,59,54,0.19229165,0.1920255,0.033,-0.1701696,-0.077334685,0.024797153,-0.019275354,0.0027608992
3.57,54,54,0.18378317,0.19157615,-0.094,0.085084801,-0.077585175,0.024661937,-0.016901039,0.003880449
3.58,54,54,0.18378317,0.19112764,-0.148,0,-0.077406015,0.024758648,-0.014018026,0.0053703113
3.59,59,59,0.20080013,0.19071513,-0.106,-0.085084801,-0.076483883,0.025256421,-0.010739892,0.0072582645
3.6,59,59,0.20080013,0.19037997,0.07,0.085084801,-0.07489889,0.026112009,-0.0068738211,0.009619094
3.61,54,54,0.18378317,0.19016499,-0.035,0,-0.073160673,0.027050309,-0.0024398929,0.012305208
3.62,54,54,0.18378317,0.19006026,-0.158,-0.32332224,-0.072095888,0.027625086,0.0023190465,0.014972067
3.63,54,59,0.19229165,0.19003848,-0.163,-0.30630528,-0.072585593,0.027360741,0.00758653,0.017473635
3.64,59,54,0.19229165,0.19012598,-0.029,0.10210176,-0.075355978,0.02586527,0.013275961,0.019570616
3.65,50,54,0.17697639,0.19033523,-0.191,0.2552544,-0.080427837,0.02312745,0.019366397,0.021246924
3.66,50,54,0.17697639,0.19066396,-0.219,0.085084801,-0.08717616,0.019484665,0.025310853,0.022397759
3.67,59,59,0.20080013,0.191104,-0.061,0.15315264,-0.094981215,0.01527145,0.031269413,0.023270431
3.68,59,59,0.20080013,0.19165675,-0.187,0.45945793,-0.10267365,0.011119027,0.037250779,0.024184903
3.69,54,59,0.19229165,0.19228007,-0.227,0.13613568,-0.10853805,0.0079533918,0.042680957,0.025317175
3.7,59,54,0.19229165,0.19293251,-0.194,-0.1701696,-0.11142025,0.0063975617,0.046894109,0.026645835
3.71,59,63,0.20760691,0.19364225,0.325,-1.7763568e-15,-0.11093656,0.0066586609,0.049322148,0.027990405
3.72,54,54,0.18378317,0.19443735,0.322,0,-0.10780586,0.0083486322,0.049619385,0.028984009
3.73,59,59,0.20080013,0.19528254,-0.188,-0.068067841,-0.1034239,0.010714035,0.047967003,0.029340519
3.74,54,59,0.19229165,0.19610244,-0.139,0.01701696,-0.09897404,0.013116099,0.044720227,0.028918163
3.75,54,59,0.19229165,0.1968154,0.04,0,-0.095419901,0.015034645,0.040189364,0.027612005
3.76,59,59,0.20080013,0.19734992,-0.268,0.13613568,-0.093599457,0.016017331,0.034464667,0.025240999
3.77,59,54,0.19229165,0.1976585,-0.334,0.13613568,-0.094105784,0.015744013,0.027976129,0.021860071
3.78,54,59,0.19229165,0.19777062,-0.407,-0.01701696,-0.096673553,0.014357916,0.021614411,0.017986164
3.79,63,63,0.2144137,0.19776425,-0.193,-0.01701696,-0.10024694,0.012428978,0.016040926,0.014234952
3.8,54,54,0.18378317,0.197681,-0.255,0.13613568,-0.10418699,0.010302116,0.01157884,0.010940478
3.81,63,59,0.20760691,0.19756046,0.087,0.1138884,-0.1076018,0.0084587822,0.0084237123,0.0084412473
3.821,54,54,0.18378317,0.1975184,0.015,0.09660133,-0.10956969,0.0073965056,0.0058961979,0.0066463518
3.83,63,63,0.2144137,0.19762651,-0.234,0.13454345,-0.10906573,0.0076685438,0.0036135122,0.005641028
3.84,59,59,0.20080013,0.19786551,0.305,-0.068067841,-0.1060247,0.009310111,-0.00036749117,0.0044713099
3.85,59,59,0.20080013,0.19810544,0.276,-0.30630528,-0.10050554,0.012289388,-0.0062746533,0.0030073676
3.86,59,59,0.20080013,0.19823882,-0.254,-0.30630528,-0.092886825,0.016402014,-0.013428646,0.001486684
3.87,54,54,0.18378317,0.19821942,0.01,0,-0.083772956,0.021321735,-0.021181608,7.0063723e-05
3.88,54,54,0.18378317,0.1980318,0.122,0,-0.074331339,0.026418377,-0.029265483,-0.0014235534
3.89,59,59,0.20080013,0.19769656,-0.592,0.085084801,-0.066123471,0.030849033,-0.037485838,-0.0033184024
3.9,59,59,0.20080013,0.19721893,-0.424,0.2552544,-0.060803105,0.033720999,-0.04499129,-0.0056351454
3.91,59,59,0.20080013,0.19658748,-0.405,0.1701696,-0.059752621,0.034288056,-0.051208909,-0.0084604264
3.92,54,59,0.19229165,0.19581769,-0.007,-0.085084801,-0.063771499,0.032118642,-0.055509036,-0.011695197
3.93,59,59,0.20080013,0.19493058,0.286,-0.085084801,-0.072677411,0.027311177,-0.057447661,-0.015068242
3.94,59,59,0.20080013,0.1940048,-0.189,0.15315264,-0.08504721,0.020633885,-0.057329939,-0.018348027
3.95,59,54,0.19229165,0.19310438,-0.027,-0.085084801,-0.09882338,0.013197426,-0.055471463,-0.021137018
3.96,59,59,0.20080013,0.19223636,0.135,-0.47647489,-0.11236597,0.0058870528,-0.052113863,-0.023113405
3.97,59,63,0.20760691,0.19141036,0.419,-0.39139008,-0.12408238,-0.0004375347,-0.047440126,-0.02393883
3.98,54,50,0.17697639,0.1906821,-0.063,-0.23823744,-0.13270793,-0.0050936562,-0.041785196,-0.023439426
3.99,50,54,0.17697639,0.19004371,-0.534,-0.15315264,-0.13752858,-0.0076958736,-0.035812127,-0.021754
4,50,54,0.17697639,0.18948931,0.287,0,-0.13863759,-0.0082945249,-0.029794565,-0.019044545
4.01,59,54,0.19229165,0.1890059,-0.393,0.13613568,-0.13693538,-0.0073756587,-0.023912756,-0.015644207
4.02,59,59,0.20080013,0.18863384,-0.31,1.9184654e-13,-0.13386841,-0.005720089,-0.017829265,-0.011774677
4.03,54,54,0.18378317,0.18842803,-0.279,0.01701696,-0.13108779,-0.0042190971,-0.011224486,-0.0077217914
4.04,54,54,0.18378317,0.1884341,-0.177,2.4336089e-13,-0.12961404,-0.0034235593,-0.0039680846,-0.0036958219
4.05,50,50,0.1701696,0.18867274,-0.26,1.7763568e-15,-0.12993364,-0.0035960786,0.0037397843,7.1852825e-05
4.06,59,59,0.20080013,0.18909819,-0.296,0.32332224,-0.13215034,-0.0047926644,0.011227429,0.0032173824
4.07,59,54,0.19229165,0.18962949,-0.361,0.30630528,-0.13498564,-0.0063231778,0.01799413,0.0058354763
4.08,59,54,0.19229165,0.19020128,-0.154,-0.01701696,-0.13665781,-0.0072258253,0.024068599,0.0084213866
4.09,59,63,0.20760691,0.19076628,-0.088,2.4158453e-13,-0.13584051,-0.0067846445,0.029590769,0.011403062
4.1,50,54,0.17697639,0.19133725,0.109,0.1701696,-0.13149607,-0.0044394869,0.033903121,0.014731817
4.11,54,59,0.19229165,0.19188859,0.006,-0.15315264,-0.12339218,-6.495939e-05,0.036341604,0.018138322
4.12,59,59,0.20080013,0.19237666,0.01,-0.085084801,-0.11272958,0.005690776,0.036905257,0.021298017
4.13,59,59,0.20080013,0.19276406,-0.005,0.15315264,-0.10125274,0.011886043,0.036006181,0.023946112
4.14,54,54,0.18378317,0.19302725,0.097,-0.085084801,-0.090891166,0.017479283,0.034300571,0.025889927
4.15,59,54,0.19229165,0.19319362,-0.26,-0.1701696,-0.082585309,0.021962834,0.032861929,0.027412382
4.16,54,59,0.19229165,0.19334884,0.069,0,-0.076988285,0.024984142,0.032397247,0.028690694
4.17,54,59,0.19229165,0.19355869,-0.189,0.085084801,-0.074755905,0.026189194,0.032293406,0.0292413
4.18,59,54,0.19229165,0.19382964,0.091,0,-0.076248667,0.025383391,0.031728691,0.028556041
4.19,59,54,0.19229165,0.19411464,-0.359,0,-0.081014035,0.022811018,0.030693305,0.026752161
4.2,59,54,0.19229165,0.19444569,-0.29,0.085084801,-0.08774791,0.019176031,0.029390256,0.024283143
4.21,59,54,0.19229165,0.19487052,-0.148,0.1701696,-0.095305725,0.015096277,0.028131433,0.021613855
4.22,59,54,0.19229165,0.19536897,-0.059,0.30630528,-0.10255191,0.011184743,0.026975367,0.019080055
4.23,59,59,0.20080013,0.1958753,0.152,0.068067841,-0.10785666,0.0083212094,0.025747108,0.017034159
4.24,59,59,0.20080013,0.19630842,0.002,-0.15315264,-0.11072055,0.0067752637,0.02417642,0.015475842
4.25,63,63,0.2144137,0.19665193,-0.18,0,-0.11093244,0.0066608832,0.022416426,0.014538654
4.26,50,54,0.17697639,0.19692167,0.147,0,-0.10848897,0.0079798821,0.020391328,0.014185605
4.27,54,59,0.19229165,0.1971341,-0.303,-0.13613568,-0.10366184,0.010585597,0.018022784,0.014304191
4.28,59,59,0.20080013,0.1972996,-0.345,0.1701696,-0.097351617,0.013991893,0.015505912,0.014748903
4.29,59,59,0.20080013,0.19738652,-0.264,0.39139008,-0.091038276,0.017399872,0.012609137,0.015004504
4.3,59,59,0.20080013,0.19741607,-0.201,-0.085084801,-0.085831696,0.020210415,0.0090473169,0.014628866
4.31,59,63,0.20760691,0.19743577,-0.107,-0.32560591,-0.082342614,0.022093842,0.0048582707,0.013476057
4.321,59,59,0.20080013,0.19744782,0.043,0.027158381,-0.080745895,0.022955761,-4.5249159e-05,0.011455256
4.33,54,54,0.18378317,0.19742153,-0.181,-0.066475611,-0.081127904,0.02274955,-0.0041607659,0.0092943922
4.34,54,54,0.18378317,0.19734774,0.355,-0.32332224,-0.08309983,0.021685093,-0.0087124082,0.0064863423
4.35,63,63,0.2144137,0.19724956,-0.343,0.085084801,-0.086223545,0.019998893,-0.013257296,0.0033707985
4.36,54,54,0.18378317,0.19711149,0.133,0.3403392,-0.089873408,0.018028675,-0.017429873,0.0002994008
4.37,54,59,0.19229165,0.19690179,-0.132,0.03403392,-0.093597928,0.016018157,-0.020702638,-0.0023422409
4.38,59,59,0.20080013,0.19660914,0.122,0.03403392,-0.097346564,0.01399462,-0.022714655,-0.0043600173
4.39,59,59,0.20080013,0.1962537,0.147,0.1701696,-0.1010518,0.01199451,-0.023542233,-0.0057738616
4.4,59,59,0.20080013,0.19586698,-0.17,-0.085084801,-0.10451027,0.010127611,-0.023595223,-0.0067338059
4.41,59,59,0.20080013,0.19549394,-0.102,-0.085084801,-0.10719789,0.0086768161,-0.023477894,-0.007400539
4.42,59,54,0.19229165,0.19518766,-0.224,0,-0.10926107,0.0075630978,-0.023600534,-0.0080187183
4.43,59,54,0.19229165,0.19499123,-0.525,-0.1701696,-0.11075115,0.0067587441,-0.024152143,-0.0086966992
4.44,59,59,0.20080013,0.19490751,0.134,-0.2552544,-0.11146447,0.0063736903,-0.025163895,-0.0093951024
4.45,59,59,0.20080013,0.19481259,-0.346,2.4158453e-13,-0.11124801,0.0064905387,-0.026784639,-0.01014705
4.46,54,54,0.18378317,0.1945925,-0.21,2.4158453e-13,-0.10992878,0.0072026657,-0.028774721,-0.010786028
4.47,54,54,0.18378317,0.19421595,-0.212,-0.1701696,-0.10720289,0.0086741171,-0.030758233,-0.011042058
4.48,59,59,0.20080013,0.1936813,-0.152,-0.15315264,-0.10269286,0.011108658,-0.032036476,-0.010463909
4.49,54,59,0.19229165,0.19303637,0.281,0.10210176,-0.095990333,0.014726722,-0.031821469,-0.0085473735
4.5,54,59,0.19229165,0.19238351,-0.222,0.1701696,-0.08679833,0.019688621,-0.029550291,-0.0049308351
4.51,54,50,0.17697639,0.19180282,-0.106,0.085084801,-0.075199524,0.025949725,-0.025077325,0.00043620038
4.52,59,59,0.20080013,0.19132056,-0.095,0.085084801,-0.061889474,0.03313457,-0.018830577,0.0071519965
4.53,59,59,0.20080013,0.19097307,0.044,0.15315264,-0.047716047,0.040785471,-0.011389774,0.014697849
4.54,59,59,0.20080013,0.19083292,-0.021,-0.01701696,-0.03359722,0.048406899,-0.003282974,0.022561962
4.55,54,59,0.19229165,0.19085955,-0.043,-0.3403392,-0.020634439,0.055404286,0.0048711029,0.030137694
4.56,54,59,0.19229165,0.1910186,-0.152,-0.3403392,-0.0094645231,0.061433873,0.012303882,0.036868878
4.57,54,54,0.18378317,0.19131511,0.087,-0.2552544,-2.6420545e-05,0.066528617,0.018274219,0.042401418
4.58,54,54,0.18378317,0.19174383,0.119,1.7763568e-15,0.0073792113,0.070526222,0.02225797,0.046392096
4.59,54,54,0.18378317,0.19226091,0.297,0.2552544,0.012988597,0.073554202,0.024256734,0.048905468
4.6,54,54,0.18378317,0.19279287,0.196,0.1701696,0.0170728,0.075758879,0.024758844,0.050258861
4.61,59,59,0.20080013,0.19326544,-0.262,0.1701696,0.020169588,0.077430544,0.024355689,0.050893116
4.62,59,59,0.20080013,0.193646,0.197,0.3403392,0.022694724,0.078793627,0.023722521,0.051258074
4.63,54,54,0.18378317,0.19396502,-0.209,0.085084801,0.024311777,0.079666522,0.023531164,0.051598843
4.64,59,59,0.20080013,0.19428547,-0.266,-0.085084801,0.024401248,0.079714819,0.023918123,0.051816471
4.65,59,59,0.20080013,0.19463276,0.031,0.1701696,0.022433947,0.078652858,0.024410895,0.051531877
4.66,54,59,0.19229165,0.19499456,0.165,0.1701696,0.0186704,0.076621273,0.024685018,0.050653145
4.67,59,59,0.20080013,0.195367,0.031,-0.1701696,0.01440793,0.074320366,0.024793826,0.049557096
4.68,59,59,0.20080013,0.19571819,-0.034,0.051050881,0.010410648,0.07216261,0.024722698,0.048442654
4.69,59,59,0.20080013,0.1959919,0.268,0.13613568,0.0068734276,0.070253197,0.024259768,0.047256482
4.7,54,54,0.18378317,0.19617264,-0.209,-0.2552544,0.0030130585,0.068169346,0.022447253,0.0453083
4.71,63,63,0.2144137,0.19626231,-0.291,-0.3403392,-0.0022233482,0.065342703,0.019203685,0.042273194
4.72,54,59,0.19229165,0.19630757,0.161,-0.085084801,-0.0091433548,0.061607242,0.014758838,0.03818304
4.73,54,54,0.18378317,0.19635988,-0.001,-0.051050881,-0.017989164,0.056832221,0.0094326336,0.033132427
4.74,54,54,0.18378317,0.19644607,-0.018,-0.051050881,-0.028745463,0.051025906,0.0035895501,0.027307728
4.75,54,59,0.19229165,0.19656139,0.383,0.2552544,-0.04052014,0.044669865,-0.0022473131,0.021211276
4.76,59,59,0.20080013,0.19668057,0.052,0.3403392,-0.051955468,0.038497006,-0.0077692229,0.015363892
4.77,59,59,0.20080013,0.1967829,-0.25,0.1701696,-0.061565064,0.033309689,-0.013061202,0.010124243
4.78,59,59,0.20080013,0.19683075,0.133,-0.085084801,-0.068610453,0.029506545,-0.018301533,0.0056025061
4.79,59,59,0.20080013,0.19675971,-0.334,-0.085084801,-0.072827614,0.027230097,-0.02320282,0.0020136384
4.8,59,54,0.19229165,0.19654396,-0.122,0,-0.074076009,0.026556206,-0.027054379,-0.0002490868
4.81,59,54,0.19229165,0.19618553,-0.268,0,-0.072200876,0.027568414,-0.029428602,-0.00093009395
4.821,59,59,0.20080013,0.19564256,-0.273,0.27038059,-0.066364896,0.03071871,-0.030642388,3.8161069e-05
4.83,59,59,0.20080013,0.19512055,0.173,0.049160107,-0.059106715,0.03463672,-0.030733996,0.0019513619
4.84,59,59,0.20080013,0.19447455,0.182,-0.22122048,-0.048753126,0.04022565,-0.029869674,0.0051779879
4.85,63,63,0.2144137,0.19375186,0.248,-0.1701696,-0.036298207,0.04694889,-0.027890497,0.0095291966
4.86,50,50,0.1701696,0.19302063,-0.193,-0.3403392,-0.023076776,0.054085897,-0.025101115,0.014492391
4.87,59,59,0.20080013,0.19236378,-0.599,-0.47647489,-0.01045753,0.060897842,-0.021937288,0.019480277
4.88,54,54,0.18378317,0.19182148,-0.31,-0.085084801,0.00096804474,0.067065436,-0.018526081,0.024269677
4.89,54,54,0.18378317,0.19139164,-0.462,0.13613568,0.011337543,0.072662953,-0.014614844,0.029024055
4.9,54,54,0.18378317,0.19115284,0.232,-0.085084801,0.021082923,0.077923568,-0.0098384084,0.03404258
4.91,54,59,0.19229165,0.19114295,0.499,-1.7763568e-15,0.030544533,0.083031001,-0.0043679412,0.03933153
4.92,59,54,0.19229165,0.19134358,0.226,0.1701696,0.040355261,0.088326891,0.0010831077,0.044704999
4.93,54,54,0.18378317,0.19172645,0.317,0.2552544,0.050649045,0.093883537,0.0054881324,0.049685835
4.94,54,54,0.18378317,0.19224084,0.616,0.1701696,0.060808992,0.099367938,0.008300692,0.053834315
4.95,59,59,0.20080013,0.19280655,0.049,0.1701696,0.070148127,0.10440926,0.009858382,0.05713382
4.96,59,59,0.20080013,0.19333997,0.227,0.1701696,0.077817672,0.10854932,0.01095063,0.059749978
4.97,59,59,0.20080013,0.19378608,-0.359,0.085084801,0.083403288,0.11156447,0.012268899,0.061916687
4.98,59,54,0.19229165,0.19413512,0.098,0.13613568,0.086746472,0.11336914,0.013872275,0.06362071
4.99,59,54,0.19229165,0.19440245,-0.078,-0.03403392,0.087300042,0.11366797,0.014906678,0.064287322
5,59,59,0.20080013,0.19458436,-0.064,-0.2552544,0.084489635,0.11215089,0.014435899,0.063293395
5.01,63,63,0.2144137,0.19465313,0.013,-0.085084801,0.078247609,0.10878141,0.012318033,0.06054972
5.02,54,54,0.18378317,0.19459977,-0.215,0.068067841,0.068928196,0.10375073,0.0089580885,0.056354411
5.03,54,54,0.18378317,0.19443362,0.5,-0.23823744,0.05739395,0.097524477,0.0052070324,0.051365755
5.04,54,59,0.19229165,0.19421105,-0.312,-0.22122048,0.044640824,0.090640264,0.0018777195,0.046258992
5.05,63,59,0.20760691,0.19394242,-0.215,0.1701696,0.031621448,0.083612326,-0.00081369656,0.041399315
5.06,54,54,0.18378317,0.19364979,0.406,-0.068067841,0.019544405,0.077093066,-0.0021362963,0.037478385
5.07,59,54,0.19229165,0.19336215,0.159,-0.39139008,0.0099204086,0.071897975,-0.0017350766,0.035081449
5.08,59,54,0.19229165,0.1931291,0.119,-0.068067841,0.0039550634,0.068677846,0.00021112057,0.034444483
5.09,50,54,0.17697639,0.19299417,0.121,0.32332224,0.0018677293,0.067551091,0.0034635542,0.035507322
5.1,54,54,0.18378317,0.19298303,-0.078,0.30630528,0.0033028332,0.068325768,0.0080781386,0.038201954
5.11,59,59,0.20080013,0.1931446,0.322,0.39139008,0.0072798955,0.07047261,0.013472003,0.041972307
5.12,59,63,0.20760691,0.19347446,-0.091,0.23823744,0.012292268,0.073178319,0.018700472,0.045939396
5.13,59,63,0.20760691,0.193958,-0.379,-0.1701696,0.017480537,0.075978978,0.022610258,0.049294618
5.14,59,59,0.20080013,0.19456553,0.015,-0.23823744,0.022309205,0.078585522,0.024627084,0.051606303
5.15,54,54,0.18378317,0.19519499,-0.048,-0.22122048,0.026480643,0.080837289,0.025118325,0.052977807
5.16,54,54,0.18378317,0.19573866,0.064,-0.15315264,0.029922306,0.08269512,0.024653956,0.053674538
5.17,59,59,0.20080013,0.19612437,-0.266,0.085084801,0.032931012,0.084319237,0.023491385,0.053905311
5.18,59,54,0.19229165,0.19634752,-0.017,0.1701696,0.035854023,0.085897096,0.021663255,0.053780175
5.19,59,59,0.20080013,0.19646089,0.286,0.15315264,0.038956497,0.08757183,0.019451554,0.053511692
5.2,59,54,0.19229165,0.19652679,0.153,0.15315264,0.041966364,0.089196574,0.01739811,0.053297342
5.21,59,54,0.19229165,0.19654339,0.303,2.4158453e-13,0.044661674,0.090651519,0.015544441,0.05309798
5.22,63,59,0.20760691,0.19650473,-0.053,-0.085084801,0.046465557,0.091625266,0.013858799,0.052742032
5.23,59,59,0.20080013,0.19646595,-0.155,0.22122048,0.047283377,0.092066729,0.012466686,0.052266708
5.24,59,54,0.19229165,0.19650417,-0.155,-0.01701696,0.047615527,0.092246026,0.011671389,0.051958708
5.25,59,54,0.19229165,0.19663053,-0.01,-0.23823744,0.047721484,0.092303222,0.011568278,0.05193575
5.26,63,63,0.2144137,0.1968604,0.341,-0.085084801,0.048061393,0.092486707,0.01191858,0.052202644
5.27,54,54,0.18378317,0.19717484,0.259,-0.1701696,0.048502927,0.09272505,0.012148087,0.052436568
5.28,59,59,0.20080013,0.1974689,0.237,-0.085084801,0.048785341,0.092877499,0.011547271,0.052212385
5.29,54,54,0.18378317,0.1976424,0.364,0.23823744,0.048727051,0.092846034,0.0098490001,0.051347517
5.3,54,54,0.18378317,0.19765865,-0.307,0.23823744,0.047573891,0.092223551,0.0076166043,0.049920078
5.31,63,63,0.2144137,0.19754626,-0.116,0.073666494,0.044955101,0.090809912,0.0059888298,0.048399371
5.321,63,59,0.20760691,0.19740823,0.14,0.17360737,0.04052751,0.088419872,0.0055832802,0.047001576
5.33,59,59,0.20080013,0.19736805,-0.243,-0.029456259,0.035727389,0.085828738,0.0061987575,0.046013748
5.34,54,59,0.19229165,0.19741539,0.078,-0.20420352,0.029479334,0.082456,0.0072302142,0.044843107
5.35,54,59,0.19229165,0.1975676,-0.224,-0.068067841,0.022865444,0.078885783,0.0076990168,0.0432924
5.36,59,59,0.20080013,0.19782773,0.048,0,0.016858427,0.075643159,0.0070284564,0.041335808
5.37,59,59,0.20080013,0.19813867,0.153,0,0.012217068,0.073137726,0.0051001859,0.039118956
5.38,59,59,0.20080013,0.19843181,-0.163,0.068067841,0.0094342421,0.07163554,0.0020442802,0.03683991
5.39,59,54,0.19229165,0.19862605,-0.061,-0.01701696,0.0089280425,0.07136229,-0.0019666659,0.034697812
5.4,59,54,0.19229165,0.19869138,0.135,-0.1701696,0.01063961,0.072286205,-0.0068962687,0.032694968
5.41,68,54,0.20760691,0.19864541,0.045,0,0.014220979,0.074219449,-0.012402642,0.030908403
5.42,59,54,0.19229165,0.19847613,0.561,0.15315264,0.019587392,0.077116271,-0.017854894,0.029630688
5.43,59,54,0.19229165,0.19815649,0.106,-0.01701696,0.026630241,0.080918043,-0.02261271,0.029152667
5.44,59,59,0.20080013,0.19770296,-0.315,0.13613568,0.035157208,0.085520951,-0.025939982,0.029790484
5.45,54,63,0.19909843,0.19720016,0.153,0.22122048,0.044126586,0.090362675,-0.027160095,0.03160129
5.46,54,63,0.19909843,0.19672102,-0.006,-0.085084801,0.051812633,0.094511649,-0.026635501,0.033938074
5.47,63,63,0.2144137,0.19632303,-0.215,-0.068067841,0.056152513,0.096854343,-0.0251717,0.035841321
5.48,59,54,0.19229165,0.1959658,-0.26,-0.13613568,0.055572056,0.096541008,-0.023582215,0.036479396
5.49,59,54,0.19229165,0.19558498,-0.078,-0.45945793,0.050194764,0.093638314,-0.022243898,0.035697208
5.5,59,59,0.20080013,0.19520343,0.461,-0.22122048,0.041128872,0.088744491,-0.020888973,0.033927759
5.51,54,54,0.18378317,0.19486257,-0.019,0.085084801,0.029671351,0.082559653,-0.019223524,0.031668064
5.52,54,54,0.18378317,0.19455913,-0.124,0,0.017060633,0.075752311,-0.016992631,0.02937984
5.53,59,59,0.20080013,0.19427329,0.342,0,0.0041921606,0.068805833,-0.014148236,0.027328798
5.54,59,54,0.19229165,0.19403807,0.414,0,-0.00803998,0.06220285,-0.011116067,0.025543391
5.55,59,59,0.20080013,0.19388089,0.146,0,-0.019204388,0.056176235,-0.0079296918,0.024123272
5.56,54,54,0.18378317,0.19383406,-0.501,0.085084801,-0.029352051,0.050698466,-0.0045804963,0.023058985
5.57,54,54,0.18378317,0.19391677,0.167,0.085084801,-0.038280959,0.045878588,-0.0012030593,0.022337764
5.58,59,59,0.20080013,0.19412982,0.051,0.1701696,-0.046301696,0.041548946,0.0017582413,0.021653594
5.59,59,59,0.20080013,0.19449097,-0.272,0.2552544,-0.053579235,0.037620487,0.0035535965,0.020587042
5.6,59,59,0.20080013,0.19498781,-0.321,-0.085084801,-0.060511674,0.033878315,0.0037625583,0.018820437
5.61,59,59,0.20080013,0.19549736,0.084,-0.1701696,-0.067977764,0.029848075,0.0024385902,0.016143332
5.62,54,59,0.19229165,0.1959308,-0.152,-1.7763568e-15,-0.076645776,0.02516903,-0.00073890676,0.012215062
5.63,54,54,0.18378317,0.19622527,-0.089,-0.085084801,-0.086003915,0.02011745,-0.0059041357,0.0071066572
5.64,59,59,0.20080013,0.19629249,-0.41,-0.085084801,-0.094843748,0.015345655,-0.012422832,0.0014614116
5.65,59,59,0.20080013,0.19608324,-0.204,0.1701696,-0.10180332,0.011588835,-0.019113445,-0.003762305
5.66,54,59,0.19229165,0.19562398,-0.134,0.23823744,-0.10573679,0.0094655265,-0.024601126,-0.0075677998
5.67,54,59,0.19229165,0.19495865,0.068,-0.1701696,-0.10558007,0.0095501219,-0.0280757,-0.0092627888
5.68,59,59,0.20080013,0.19415177,0.403,-0.15315264,-0.10074755,0.012158747,-0.028985444,-0.0084133485
5.69,63,59,0.20760691,0.19329071,-0.224,0.085084801,-0.091930873,0.016918043,-0.026950277,-0.0050161167
5.7,50,54,0.17697639,0.19248673,-0.237,-0.085084801,-0.080385129,0.023150505,-0.02277867,0.00018591733
5.71,59,59,0.20080013,0.19183123,0.052,-0.23823744,-0.066977034,0.030388275,-0.017539127,0.0064245737
5.72,59,54,0.19229165,0.19137377,0.036,-0.15315264,-0.052614911,0.038141035,-0.011490528,0.013325253
5.73,59,54,0.19229165,0.19112002,-0.181,-0.23823744,-0.037711607,0.046185928,-0.0046143149,0.020785806
5.74,54,59,0.19229165,0.19109911,-0.261,-0.01701696,-0.023357842,0.053934176,0.0025533475,0.028243762
5.75,54,50,0.17697639,0.19125658,0.164,0.068067841,-0.011322074,0.060431156,0.0093462277,0.034888692
5.76,54,50,0.17697639,0.19154699,0.142,-0.30630528,-0.0028451304,0.065007061,0.01494738,0.03997722
5.77,63,63,0.2144137,0.19196015,-0.413,0.085084801,0.0023958554,0.067836176,0.019041925,0.043439051
5.78,54,50,0.17697639,0.1924824,0.22,0.47647489,0.005599844,0.069565709,0.021802471,0.04568409
5.79,50,54,0.17697639,0.19312632,-0.177,0.10210176,0.0070520238,0.070349604,0.023158682,0.046754143
5.8,59,59,0.20080013,0.19387848,0.072,0.10210176,0.0077597805,0.070731655,0.023050996,0.046891326
5.81,59,59,0.20080013,0.1946564,0.159,0.47647489,0.0090791659,0.071443867,0.02155516,0.046499514
5.82,59,59,0.20080013,0.19536428,0.426,0.37437312,0.011593459,0.072801098,0.018664834,0.045732966
5.83,59,59,0.20080013,0.1959443,-0.164,-0.03403392,0.015060139,0.074672433,0.01468583,0.044679131
5.84,59,59,0.20080013,0.19635806,-0.174,-0.3403392,0.018931608,0.076762275,0.0099199509,0.043341113
5.85,63,63,0.2144137,0.19659205,0.306,-0.1701696,0.022703209,0.078798208,0.0040870788,0.041442643
5.86,54,54,0.18378317,0.19661969,0.098,0.13613568,0.025853005,0.080498486,-0.0028338035,0.038832341
5.87,54,54,0.18378317,0.19642735,-0.442,-0.23823744,0.027347786,0.081305378,-0.010286726,0.035509326
5.88,59,59,0.20080013,0.19601977,-0.04,-0.13613568,0.026739713,0.080977137,-0.017496779,0.031740179
5.89,63,63,0.2144137,0.19540692,0.435,0.23823744,0.024960694,0.080016811,-0.024245969,0.027885421
5.9,54,50,0.17697639,0.19462894,0.216,-0.1701696,0.023058079,0.078989768,-0.029784426,0.024602671
5.91,59,63,0.20760691,0.19374736,-0.578,-0.30630528,0.021826171,0.078324777,-0.033312843,0.022505967
5.92,54,54,0.18378317,0.19285832,0.173,-0.13613568,0.021181365,0.077976707,-0.034372938,0.021801885
5.93,54,54,0.18378317,0.19205293,-0.382,-0.23823744,0.021062092,0.077912323,-0.032943814,0.022484254
5.94,59,59,0.20080013,0.19138031,-0.182,-0.068067841,0.02120442,0.077989152,-0.02950514,0.024242006
5.95,54,50,0.17697639,0.19088561,0.359,0.2552544,0.02152445,0.078161907,-0.02448647,0.026837718
5.96,54,54,0.18378317,0.19063903,0.811,2.4158453e-13,0.021849437,0.078337336,-0.018021877,0.03015773
5.97,59,59,0.20080013,0.19061883,0.146,0.15315264,0.021960391,0.07839723,-0.011037846,0.033679692
5.98,59,54,0.19229165,0.19074759,-0.757,0.1701696,0.022132625,0.078490203,-0.0045040431,0.03699308
5.99,59,54,0.19229165,0.19095928,0.51,-0.15315264,0.022759451,0.078828568,0.0013931853,0.040110876
6,59,59,0.20080013,0.19120229,-0.051,-0.085084801,0.023550148,0.079255391,0.0067606684,0.043008029
6.01,54,50,0.17697639,0.19144189,-0.397,0.085084801,0.024320837,0.079671413,0.011745145,0.045708279
6.02,59,54,0.19229165,0.1916731,-0.21,-0.085084801,0.024408547,0.079718759,0.016464388,0.048091574
6.03,59,54,0.19229165,0.19193971,0.082,0.051050881,0.023275424,0.079107093,0.020879139,0.049993116
6.04,59,59,0.20080013,0.19228581,0.378,0.28928832,0.02091694,0.077833969,0.024897772,0.05136587
6.05,54,54,0.18378317,0.19264809,0.084,0.068067841,0.01747682,0.075976972,0.028193055,0.052085014
6.06,54,63,0.19909843,0.19293138,-0.015,-0.085084801,0.012817883,0.073462049,0.030837146,0.052149598
6.07,54,63,0.19909843,0.19312141,0.327,-2.4158453e-13,0.0069547941,0.070297119,0.033573833,0.051935476
6.08,54,59,0.19229165,0.19332937,0.256,0.01701696,0.00051695008,0.066821932,0.036450885,0.051636408
6.09,54,59,0.19229165,0.19360152,-0.733,-0.13613568,-0.0059677092,0.063321474,0.039074622,0.051198048
6.1,54,59,0.19229165,0.19398118,0.007,-0.068067841,-0.012657343,0.05971037,0.041496352,0.050603361
6.11,54,59,0.19229165,0.19446583,-0.118,0,-0.019133398,0.056214556,0.043556785,0.04988567
6.12,54,59,0.19229165,0.19503323,0.119,0.085084801,-0.024495761,0.053319921,0.045118891,0.049219406
6.13,54,59,0.19229165,0.19567095,-0.353,0.1701696,-0.028285082,0.051274422,0.046210629,0.048742525
6.14,54,59,0.19229165,0.19633423,0.37,0.1701696,-0.031126304,0.049740714,0.046393263,0.048066988
6.15,59,59,0.20080013,0.19701572,0.002,0.1701696,-0.033747144,0.048325969,0.045045735,0.046685852
6.16,59,59,0.20080013,0.19773432,0.013,0.085084801,-0.037173821,0.046476228,0.041973599,0.044224913
6.17,59,59,0.20080013,0.19845521,0.136,-0.085084801,-0.041959995,0.043892622,0.037452027,0.040672324
6.18,59,59,0.20080013,0.1991266,-0.005,-0.01701696,-0.047303112,0.041008376,0.032046926,0.036527651
6.19,54,59,0.19229165,0.19970468,-0.408,0.13613568,-0.051699059,0.038635417,0.026330631,0.032483024
6.2,54,59,0.19229165,0.20012198,0.012,0.28928832,-0.054601107,0.037068874,0.020438483,0.028753678
6.21,63,59,0.20760691,0.20034734,-0.306,0.068067841,-0.056183633,0.036214617,0.014611784,0.0254132
6.22,63,59,0.20760691,0.2003928,-0.049,-0.068067841,-0.05610056,0.03625946,0.0090752868,0.022667374
6.23,63,68,0.22292218,0.20029808,0.076,0.01701696,-0.054563451,0.037089201,0.003861683,0.020475442
6.24,50,54,0.17697639,0.20006869,-0.104,-0.13613568,-0.052310927,0.038305127,-0.0010800478,0.01861254
6.25,59,59,0.20080013,0.19972693,0.131,-0.28928832,-0.050127706,0.039483643,-0.0054308653,0.017026389
6.26,59,59,0.20080013,0.19932609,-0.069,0.01701696,-0.04796851,0.04064919,-0.0088691661,0.015890012
6.27,59,59,0.20080013,0.19892467,0.019,0.23823744,-0.045460923,0.042002801,-0.011442135,0.015280333
6.28,59,59,0.20080013,0.19857026,0.009,-0.1701696,-0.042194008,0.043766301,-0.013349235,0.015208533
6.29,59,59,0.20080013,0.19828524,-0.288,-0.3403392,-0.037576332,0.04625895,-0.014750049,0.01575445
6.3,59,59,0.20080013,0.1980553,0.07,-0.1701696,-0.031373428,0.049607315,-0.015607409,0.016999953
6.31,54,54,0.18378317,0.1978521,-0.089,0,-0.023686854,0.053756574,-0.015847474,0.01895455
6.32,54,54,0.18378317,0.19764717,0.045,0,-0.015260687,0.058305069,-0.015413372,0.021445848
6.33,59,59,0.20080013,0.197431,-0.156,0.1701696,-0.0071446132,0.062686174,-0.014207259,0.024239457
6.34,59,59,0.20080013,0.19722888,-0.043,0.3403392,-0.00097234773,0.066018,-0.012022759,0.02699762
6.35,59,59,0.20080013,0.19707169,0.118,0.1701696,0.0019039274,0.067570631,-0.00865411,0.02945826
6.36,59,59,0.20080013,0.19700005,-0.036,-0.085084801,0.0013692968,0.067282034,-0.0042616213,0.031510206
6.37,59,59,0.20080013,0.19703839,0.127,-0.085084801,-0.0015476095,0.06570747,0.00056164681,0.033134559
6.38,59,59,0.20080013,0.19716979,0.005,0,-0.005995293,0.063306584,0.0048234792,0.034065032
6.39,59,54,0.19229165,0.19734345,-0.096,-0.01701696,-0.010819906,0.060702229,0.0078361163,0.034269173
6.4,59,59,0.20080013,0.19753238,0.103,-0.10210176,-0.014658679,0.058630036,0.0095934927,0.034111765
6.41,59,59,0.20080013,0.19773387,-0.039,-0.085084801,-0.017015933,0.057357577,0.010530871,0.033944224
6.42,63,54,0.19909843,0.19794775,0.075,-0.085084801,-0.018283344,0.056673421,0.011176838,0.033925129
6.43,59,54,0.19229165,0.19812378,0.146,-0.085084801,-0.018786892,0.056401602,0.011130184,0.033765893
6.44,59,54,0.19229165,0.19823905,-0.197,0,-0.01941462,0.056062751,0.010264175,0.033163463
6.45,59,54,0.19229165,0.19832407,0.236,0.068067841,-0.021025856,0.055192996,0.0084836781,0.031838337
6.46,59,59,0.20080013,0.19840678,-0.248,0.15315264,-0.023292236,0.053969591,0.005934373,0.029951982
6.47,63,54,0.19909843,0.19848111,0.032,0.15315264,-0.025324735,0.052872435,0.0034151013,0.028143768
6.48,63,54,0.19909843,0.1985803,-0.076,0.13613568,-0.026159702,0.052421715,0.0014528263,0.026937271
6.49,59,59,0.20080013,0.19873329,-0.464,0.068067841,-0.024921624,0.053090037,7.7008064e-05,0.026583523
6.5,63,54,0.19909843,0.19889991,0.261,0,-0.020743138,0.055345609,-0.0011332435,0.027106183
6.51,63,59,0.20760691,0.19902039,-0.06,-0.085084801,-0.01309479,0.059474233,-0.002608242,0.028432995
6.52,63,54,0.19909843,0.19907946,-0.54,-0.085084801,-0.0023971964,0.065248858,-0.0045372477,0.030355805
6.53,63,54,0.19909843,0.19906554,0.009,-0.085084801,0.010886579,0.07241952,-0.0069252472,0.032747136
6.54,59,54,0.19229165,0.1989459,0.468,-0.085084801,0.025941253,0.080546123,-0.0094097968,0.035568163
6.55,63,54,0.19909843,0.19871076,0.607,0.085084801,0.042138321,0.089289397,-0.011605835,0.038841781
6.56,63,54,0.19909843,0.19836439,-0.231,0.085084801,0.0591284,0.098460744,-0.013070049,0.042695348
6.57,63,54,0.19909843,0.19792308,-0.175,-1.7763568e-15,0.076425186,0.10779765,-0.013393465,0.047202094
6.58,63,59,0.20760691,0.19746447,0.327,-0.13613568,0.093047303,0.11677037,-0.012968961,0.051900705
6.59,59,54,0.19229165,0.19705755,-0.037,-0.27227136,0.10769211,0.12467573,-0.011930492,0.056372618
6.6,63,54,0.19909843,0.19675445,-0.25,-0.068067841,0.11977624,0.13119881,-0.010239442,0.060479684
6.61,59,50,0.18548487,0.19659055,0.13,0.068067841,0.12860524,0.13596476,-0.0080312191,0.063966771
6.62,59,50,0.18548487,0.19654404,0.283,-0.068067841,0.13352611,0.13862108,-0.0054322101,0.066594433
6.63,63,63,0.2144137,0.19656364,-0.003,0.068067841,0.13457807,0.13918893,-0.0024140753,0.068387426
6.64,59,54,0.19229165,0.19664044,0.359,0.27227136,0.13191177,0.13774964,0.00068399757,0.069216819
6.65,59,54,0.19229165,0.19676393,0.801,-0.085084801,0.12571218,0.13440307,0.0037182318,0.06906065
6.66,63,54,0.19909843,0.19694335,0.028,-0.22122048,0.11590991,0.12911174,0.0062869243,0.067699333
6.67,63,54,0.19909843,0.19716154,-0.095,0.15315264,0.1028621,0.12206846,0.0081766986,0.065122578
6.68,59,54,0.19229165,0.19739315,0.214,0.15315264,0.087464896,0.11375695,0.0093771761,0.061567065
6.69,59,54,0.19229165,0.19761961,0.019,0.01701696,0.070315835,0.10449979,0.010028085,0.057263937
6.7,63,59,0.20760691,0.19784792,-0.085,0.2552544,0.052323749,0.094787553,0.010373761,0.052580657
6.71,63,54,0.19909843,0.19809265,-0.254,0.085084801,0.034233724,0.085022449,0.010275215,0.047648832
6.72,59,59,0.20080013,0.19834878,0.23,-0.23823744,0.016486335,0.075442302,0.0093703655,0.042406334
6.73,68,59,0.21611539,0.19857899,-0.122,-0.085084801,-0.00049041635,0.06627815,0.007316682,0.036797416
6.74,54,50,0.17697639,0.19873221,0.286,-0.085084801,-0.017225605,0.057244395,0.0042188957,0.030731645
6.75,63,54,0.19909843,0.1987665,0.043,-0.2552544,-0.034526574,0.047905228,0.00051600478,0.024210616
6.76,63,54,0.19909843,0.19867947,-0.444,0.20420352,-0.051751462,0.03860713,-0.0031532683,0.017726931
6.77,59,54,0.19229165,0.19850844,-0.334,0.23823744,-0.06729797,0.030215032,-0.006114378,0.012050327
6.78,63,54,0.19909843,0.19827443,0.025,-0.051050881,-0.079870659,0.023428219,-0.0079584664,0.0077348761
6.79,63,63,0.2144137,0.19799396,0.371,0.01701696,-0.089290612,0.018343271,-0.0083986861,0.0049722926
6.8,59,50,0.18548487,0.19771944,-0.478,-0.051050881,-0.095405608,0.01504236,-0.0081864195,0.0034279704
6.81,63,59,0.20760691,0.19748809,-0.036,-0.13613568,-0.098139803,0.013566425,-0.0079629083,0.0028017586
6.82,59,50,0.18548487,0.19735815,0.092,-0.01701696,-0.097926968,0.013681315,-0.0077645843,0.0029583652
6.83,59,59,0.20080013,0.19733371,-0.385,0.068067841,-0.095743967,0.014859712,-0.0078313594,0.0035141763
6.84,63,54,0.19909843,0.19738269,-0.161,1.9184654e-13,-0.091974456,0.016894517,-0.008336729,0.0042788938
6.85,63,54,0.19909843,0.19745865,-0.164,-0.01701696,-0.086899047,0.019634253,-0.0090751245,0.0052795641
6.86,59,59,0.20080013,0.19750517,0.421,-0.15315264,-0.081158354,0.022733113,-0.0097792661,0.0064769237
6.87,59,54,0.19229165,0.19744895,-0.205,-0.068067841,-0.07480693,0.02616165,-0.010217847,0.0079719017
6.88,59,54,0.19229165,0.19725526,-0.177,-0.01701696,-0.067719177,0.029987661,-0.01019443,0.0098966155
6.89,59,54,0.19229165,0.19695596,0.186,0.051050881,-0.06033707,0.033972567,-0.0093575506,0.012307508
6.9,63,54,0.19909843,0.1966095,-0.206,0.13613568,-0.052929022,0.037971476,-0.0075078484,0.015231814
6.91,63,54,0.19909843,0.19629359,-0.124,0.13613568,-0.045623789,0.041914884,-0.0044434311,0.018735727
6.92,63,54,0.19909843,0.19608741,-0.23,0.23823744,-0.039110464,0.045430816,-6.0879737e-05,0.022684968
6.93,63,54,0.19909843,0.19601198,-0.078,-0.051050881,-0.033953967,0.048214324,0.004760891,0.026487608
6.94,63,54,0.19909843,0.19606623,0.249,-0.28928832,-0.030254988,0.050211055,0.0094203541,0.029815705
6.95,68,59,0.21611539,0.19622422,0.225,-0.13613568,-0.027346534,0.051781056,0.013611667,0.032696362
6.96,59,45,0.17697639,0.19645211,-0.35,-0.13613568,-0.024770474,0.053171629,0.016932732,0.03505218
6.97,63,50,0.19229165,0.19672871,-0.17,-0.30630528,-0.022269161,0.054521853,0.019377368,0.03694961
6.98,63,50,0.19229165,0.19708743,0.057,6.7679196e-13,-0.019741866,0.055886102,0.020870432,0.038378267
6.99,63,50,0.19229165,0.19747187,0.276,0.30630528,-0.017581052,0.057052522,0.021535113,0.039293817
7,63,50,0.19229165,0.19784908,-0.173,0.22122048,-0.015484173,0.05818443,0.021675361,0.039929896
7.01,68,50,0.20080013,0.19818508,0.21,0.23823744,-0.012490441,0.059800464,0.021324937,0.0405627
7.02,63,54,0.19909843,0.19847416,-0.086,0.1701696,-0.0073553535,0.062572415,0.020768092,0.041670254
7.03,68,54,0.20760691,0.1987372,0.228,0.085084801,-5.4910086e-05,0.066513238,0.020334992,0.043424115
7.04,68,50,0.20080013,0.19904994,-0.325,0.01701696,0.0087732534,0.071278734,0.019737482,0.045508108
7.05,68,50,0.20080013,0.19947711,-0.223,0.01701696,0.01810686,0.076317071,0.018295181,0.047306126
7.06,68,50,0.20080013,0.19997636,0.127,-0.085084801,0.026127481,0.08064665,0.015611408,0.048129029
7.07,68,50,0.20080013,0.20044692,-0.109,-0.10210176,0.031743418,0.083678167,0.011615927,0.047647047
7.08,68,54,0.20760691,0.20078324,0.127,0.051050881,0.03485662,0.085358692,0.006492981,0.045925836
7.09,63,50,0.19229165,0.20091159,0.151,-0.01701696,0.036035529,0.085995074,0.00067696638,0.04333602
7.1,63,54,0.19909843,0.20079386,-0.169,-0.085084801,0.035635716,0.085779253,-0.0052979676,0.040240642
7.11,72,50,0.20760691,0.20043984,-0.103,-0.15315264,0.034105156,0.084953047,-0.010908419,0.037022314
7.12,63,50,0.19229165,0.19990883,0.447,4.3520743e-13,0.032140548,0.08389254,-0.01566892,0.03411181
7.13,68,54,0.20760691,0.19928049,0.046,0.068067841,0.030175294,0.082831684,-0.018773302,0.032029191
7.14,59,45,0.17697639,0.19867008,0.025,-0.01701696,0.027848022,0.081575408,-0.019546899,0.031014255
7.15,72,54,0.2144137,0.19813077,-0.159,1.936229e-13,0.02468993,0.079870652,-0.018237363,0.030816645
7.16,63,54,0.19909843,0.19771323,0.019,0.23823744,0.0207692,0.077754218,-0.015300439,0.03122689
7.17,63,54,0.19909843,0.19745712,0.449,0.01701696,0.016755008,0.075587333,-0.011428158,0.032079587
7.18,68,50,0.20080013,0.19735158,0.024,-0.51050881,0.012920928,0.073517673,-0.0072758564,0.033120909
7.19,72,50,0.20760691,0.19735536,0.372,-0.20420352,0.0085467408,0.071156461,-0.0033266974,0.033914882
7.2,59,50,0.18548487,0.19743353,-0.279,0.01701696,0.0030131642,0.068169403,0.00016196859,0.034165686
7.21,59,45,0.17697639,0.1975703,-0.065,-0.068067841,-0.0037833333,0.064500613,0.0029176489,0.033709131
7.22,68,50,0.20080013,0.19775543,-0.489,0.085084801,-0.011491832,0.060339519,0.0049443099,0.032641915
7.23,68,50,0.20080013,0.19794282,-0.314,0.39139008,-0.020040783,0.055724745,0.0066276612,0.031176203
7.24,68,50,0.20080013,0.19810881,0.081,0.23823744,-0.028927451,0.050927668,0.0082253927,0.02957653
7.25,68,50,0.20080013,0.1982559,-0.164,-0.085084801,-0.037512668,0.046293316,0.0098520558,0.028072686
7.26,68,50,0.20080013,0.19839998,0.434,-0.01701696,-0.045484139,0.041990268,0.011606224,0.026798246
7.27,68,50,0.20080013,0.19856248,-0.015,0.068067841,-0.05290728,0.037983212,0.013575546,0.025779379
7.28,63,50,0.19229165,0.19875572,-0.167,0,-0.059660589,0.034337736,0.015376937,0.024857336
7.29,72,50,0.20760691,0.19897675,0.04,0,-0.065034413,0.031436913,0.016913758,0.024175336
7.3,68,50,0.20080013,0.19923603,-0.022,0,-0.068323044,0.02966169,0.018174071,0.023917881
7.31,68,50,0.20080013,0.19951672,-0.114,-0.068067841,-0.068738558,0.029437394,0.018885786,0.02416159
7.32,68,50,0.20080013,0.19980802,0.033,-0.068067841,-0.065711298,0.031071527,0.018614898,0.024843212
7.33,68,45,0.19229165,0.20010034,-0.377,0,-0.058923577,0.034735579,0.016250949,0.025493264
7.34,68,50,0.20080013,0.20040895,0.238,-0.085084801,-0.04916182,0.040005034,0.011451591,0.025728312
7.35,68,50,0.20080013,0.20067497,0.03,-0.085084801,-0.037894189,0.046087369,0.004802347,0.025444858
7.36,68,50,0.20080013,0.20081637,-0.079,0.13613568,-0.027211521,0.051853937,-0.0024092837,0.024722327
7.37,68,45,0.19229165,0.20081632,-0.228,0.13613568,-0.018845034,0.056370217,-0.0088059067,0.023782155
7.38,68,45,0.19229165,0.20074746,-0.133,1.7763568e-15,-0.014090161,0.058936926,-0.013896733,0.022520096
7.39,72,54,0.2144137,0.20064595,0.072,0.085084801,-0.013341579,0.059341015,-0.018259003,0.020541006
7.4,68,50,0.20080013,0.20048735,-0.098,0.23823744,-0.015390863,0.058234799,-0.022602119,0.01781634
7.41,68,50,0.20080013,0.20025095,-0.042,-0.068067841,-0.018975789,0.056299635,-0.026940705,0.014679465
7.42,68,50,0.20080013,0.19989921,-0.231,-0.15315264,-0.022698096,0.054290311,-0.030710983,0.011789664
7.43,72,50,0.20760691,0.19941954,0.1,0.068067841,-0.025913454,0.052554641,-0.033397637,0.0095785022
7.44,68,45,0.19229165,0.19885776,0.043,0,-0.028550588,0.051131101,-0.035064498,0.0080333014
7.45,72,50,0.20760691,0.19824961,-0.12,-0.085084801,-0.03150058,0.049538677,-0.035855957,0.00684136
7.46,68,50,0.20080013,0.19762351,0.38,-0.2552544,-0.035449732,0.047406901,-0.036062103,0.0056723989
7.47,68,50,0.20080013,0.19698638,0.169,-0.49349185,-0.040446465,0.044709635,-0.035958574,0.0043755307
7.48,72,45,0.19909843,0.19634079,0.17,-0.32332224,-0.046693262,0.041337576,-0.03520686,0.0030653582
7.49,63,40,0.17527469,0.19568227,-0.066,0.068067841,-0.054574334,0.037083327,-0.033220409,0.0019314588
7.5,63,40,0.17527469,0.19507358,0.002,0.15315264,-0.065067553,0.031419024,-0.030053557,0.00068273341
7.51,68,50,0.20080013,0.19460029,-0.237,0.1701696,-0.07833843,0.024255325,-0.026212765,-0.0009787201
7.52,72,50,0.20760691,0.19430593,-0.151,0.1701696,-0.093863642,0.015874723,-0.022249542,-0.0031874095
7.53,72,50,0.20760691,0.19417944,-1.023,-2.4158453e-13,-0.1107401,0.006764712,-0.018087213,-0.0056612508
7.54,63,45,0.18378317,0.19421056,-0.175,-0.23823744,-0.12751612,-0.0022910887,-0.013731178,-0.0080111334
7.55,63,45,0.18378317,0.19437393,0.129,-0.15315264,-0.14230681,-0.010275191,-0.0094688566,-0.0098720236
7.56,68,45,0.19229165,0.19460595,0.24,0.23823744,-0.15402753,-0.016602104,-0.0057352854,-0.011168694
7.57,68,45,0.19229165,0.19482571,-0.197,0.23823744,-0.16145884,-0.020613569,-0.0025177503,-0.01156566
7.58,72,50,0.20760691,0.19501635,-0.145,0.068067841,-0.16407481,-0.022025689,0.00047639255,-0.010774648
7.59,72,50,0.20760691,0.19518215,0.237,0.068067841,-0.16205153,-0.020933509,0.0030294783,-0.0089520154
7.6,63,45,0.18378317,0.19531396,-0.588,-0.15315264,-0.1559075,-0.017616926,0.004767689,-0.0064246183
7.61,72,45,0.19909843,0.19538262,-0.022,-0.23823744,-0.14606308,-0.012302846,0.0056492105,-0.0033268178
7.62,68,45,0.19229165,0.19536903,-0.308,0.22122048,-0.13282076,-0.0051545634,0.0059238516,0.00038464409
7.63,68,45,0.19229165,0.19525836,-0.17,0.15315264,-0.1171752,0.0032910037,0.0058682758,0.0045796397
7.64,72,45,0.19909843,0.19508867,-0.302,-0.23823744,-0.10024405,0.012430542,0.0060835669,0.0092570546
7.65,72,54,0.2144137,0.19492788,0.078,-0.1701696,-0.083506179,0.021465743,0.0071266858,0.014296214
7.66,63,45,0.18378317,0.19485255,-0.205,0,-0.067970056,0.029852235,0.0092683508,0.019560293
7.67,63,45,0.18378317,0.19491212,-0.405,-0.13613568,-0.054268008,0.037248683,0.012115237,0.02468196
7.68,63,45,0.18378317,0.19506722,-0.157,-0.13613568,-0.042632752,0.043529464,0.014649462,0.029089463
7.69,68,54,0.20760691,0.19524019,0.157,0.1701696,-0.032872779,0.048797956,0.016287647,0.032542801
7.7,63,50,0.19229165,0.19541931,0.762,0.32332224,-0.024632957,0.053245861,0.017402673,0.035324267
7.71,63,50,0.19229165,0.19565208,-0.114,0.1701696,-0.017505493,0.057093309,0.018677253,0.037885281
7.72,68,45,0.19229165,0.19598146,0.167,-0.068067841,-0.010832689,0.060695329,0.020481157,0.040588243
7.73,72,50,0.20760691,0.1963595,0.183,0,-0.0042559928,0.064245469,0.022806715,0.043526092
7.74,68,50,0.20080013,0.19676489,-0.083,0.085084801,0.0016063353,0.067409989,0.024892472,0.04615123
7.75,68,45,0.19229165,0.1971687,-0.545,0.01701696,0.0058030372,0.069675394,0.026198758,0.047937076
7.76,68,45,0.19229165,0.19754459,0.213,-0.068067841,0.0072410698,0.070451652,0.026592301,0.048521976
7.77,68,50,0.20080013,0.19790076,-0.242,0.085084801,0.0055221949,0.069523793,0.0264347,0.047979246
7.78,68,50,0.20080013,0.19824491,0.067,0.1701696,0.00098691835,0.067075624,0.026047909,0.046561766
7.79,68,50,0.20080013,0.19856224,0.097,0.085084801,-0.006158458,0.063218507,0.025082901,0.044150704
7.8,68,50,0.20080013,0.19883349,0.036,-0.085084801,-0.015916079,0.057951285,0.0234093,0.040680292
7.81,68,50,0.20080013,0.19902977,-0.058,-0.1701696,-0.027737908,0.05156979,0.021034622,0.036302206
7.82,68,50,0.20080013,0.19913195,-0.272,-0.085084801,-0.040560861,0.044647883,0.018247446,0.031447664
7.83,68,45,0.19229165,0.19916347,0.265,0,-0.053350681,0.037743862,0.015823221,0.026783541
7.84,68,45,0.19229165,0.19920866,-0.237,0,-0.064915113,0.031501312,0.014353594,0.022927453
7.85,68,50,0.20080013,0.19933049,0.192,0,-0.07417183,0.026504481,0.013182164,0.019843322
7.86,68,50,0.20080013,0.19953221,-0.102,0.30630528,-0.079774298,0.023480235,0.011395897,0.017438066
7.87,68,50,0.20080013,0.19974975,-0.17,0.13613568,-0.081102593,0.022763213,0.00893622,0.015849717
7.88,68,45,0.19229165,0.19995707,-0.373,-0.1701696,-0.078157667,0.024352902,0.0062757,0.015314301
7.89,77,54,0.22292218,0.20017798,0.069,0,-0.072118381,0.027612945,0.0029539554,0.01528345
7.9,63,45,0.18378317,0.20041492,-0.053,0.085084801,-0.064757892,0.031586181,-0.0017266417,0.01492977
7.91,68,50,0.20080013,0.20060996,0.173,-0.068067841,-0.057730455,0.035379634,-0.0076936854,0.013842974
7.92,68,50,0.20080013,0.20073096,-0.352,-0.068067841,-0.051724575,0.038621643,-0.014336953,0.012142345
7.93,68,50,0.20080013,0.20074246,-0.156,0.085084801,-0.046390463,0.041501029,-0.02114011,0.01018046
7.94,72,50,0.20760691,0.20058105,0.31,0,-0.041538208,0.044120305,-0.027717079,0.0082016131
7.95,68,45,0.19229165,0.2001945,-0.015,0,-0.036867724,0.046641461,-0.033625578,0.0065079413
7.96,68,50,0.20080013,0.19957393,-0.533,0,-0.031956603,0.049292514,-0.038249253,0.0055216301
7.97,68,50,0.20080013,0.19874924,-0.033,0.085084801,-0.026850369,0.052048889,-0.040952153,0.0055483681
7.98,68,50,0.20080013,0.19780338,-0.273,-0.085084801,-0.022253887,0.054530098,-0.041464222,0.0065329378
7.99,72,50,0.20760691,0.19685537,0.216,-0.3403392,-0.01867488,0.056462067,-0.039948898,0.0082565846
8,68,50,0.20080013,0.19601769,0.263,-0.10210176,-0.016815417,0.057465816,-0.036821671,0.010322073
8.01,63,45,0.18378317,0.19535995,0.079,0.068067841,-0.016874049,0.057434166,-0.032660585,0.01238679
8.02,63,45,0.18378317,0.19487441,0.265,-0.2552544,-0.018843801,0.056370883,-0.028019988,0.014175447
8.03,72,50,0.20760691,0.19450388,-0.101,-0.3403392,-0.022347742,0.054479434,-0.022977718,0.015750858
8.04,72,50,0.20760691,0.19425046,0.166,0.068067841,-0.02669749,0.052131414,-0.017782208,0.017174603
8.05,63,40,0.17527469,0.19410518,0.174,0,-0.031477324,0.049551231,-0.012562451,0.01849439
8.06,63,40,0.17527469,0.19403868,-0.545,-0.30630528,-0.036294869,0.046950691,-0.0072733651,0.019838663
8.07,72,45,0.19909843,0.1940335,-0.07,0.085084801,-0.040896359,0.04446678,-0.0016735322,0.021396624
8.08,68,45,0.19229165,0.19415248,-0.244,0.49349185,-0.044912232,0.042298987,0.0043869462,0.023342967
8.09,68,45,0.19229165,0.19440544,0.036,0.27227136,-0.048272998,0.040484826,0.010262191,0.025373508
8.1,72,45,0.19909843,0.19477875,-0.187,0.1701696,-0.051089383,0.038964524,0.015517205,0.027240864
8.11,68,50,0.20080013,0.19525254,0.088,0.22122048,-0.053551854,0.037635267,0.019919819,0.028777543
8.12,68,50,0.20080013,0.19580893,0.026,-1.936229e-13,-0.055560925,0.036550759,0.023201254,0.029876006
8.13,72,50,0.20760691,0.19644809,-0.145,-0.15315264,-0.057165155,0.035684786,0.024768609,0.030226698
8.14,72,45,0.19909843,0.19712698,-0.167,-0.1701696,-0.058443706,0.034994616,0.023765864,0.02938024
8.15,68,45,0.19229165,0.1977781,0.027,-0.23823744,-0.060179578,0.034057582,0.019712331,0.026884957
8.16,68,45,0.19229165,0.19831724,-0.193,0.01701696,-0.06254803,0.032779078,0.012734523,0.0227568
8.17,68,45,0.19229165,0.19865556,-0.318,0.085084801,-0.065428258,0.031224314,0.0037400865,0.0174822
8.18,68,45,0.19229165,0.1987551,-0.025,-0.01701696,-0.068821684,0.029392522,-0.0060423386,0.011675092
8.19,77,50,0.21611539,0.19858878,-0.007,0.13613568,-0.073592535,0.026817188,-0.015491216,0.0056629858
8.2,68,40,0.18378317,0.19811954,0.254,0.22122048,-0.08042402,0.023129511,-0.023756123,-0.00031330583
8.21,72,45,0.19909843,0.19735385,-0.052,-0.085084801,-0.089714321,0.018114551,-0.029716176,-0.0058008126
8.22,72,45,0.19909843,0.19645701,0.245,-0.15315264,-0.10136822,0.011823706,-0.032442183,-0.010309239
8.23,72,50,0.20760691,0.19562368,-0.004,0.085084801,-0.11466093,0.0046482218,-0.03185609,-0.013603934
8.24,68,45,0.19229165,0.19494508,-0.426,0,-0.12894723,-0.003063609,-0.029082714,-0.016073161
8.25,68,45,0.19229165,0.19443541,-0.152,-0.085084801,-0.14305933,-0.010681406,-0.025365244,-0.018023325
8.26,72,45,0.19909843,0.19407999,0.034,-0.1701696,-0.15577441,-0.017545083,-0.021193989,-0.019369536
8.27,72,45,0.19909843,0.19382306,-0.271,-0.1701696,-0.16579245,-0.022952879,-0.016808563,-0.019880721
8.28,72,45,0.19909843,0.19362225,-0.156,-0.23823744,-0.17270258,-0.026683008,-0.012619655,-0.019651332
8.29,63,45,0.18378317,0.19345585,-0.179,-0.30630528,-0.17670158,-0.028841693,-0.0088619318,-0.018851812
8.3,63,45,0.18378317,0.19330742,-0.363,-0.15315264,-0.17818432,-0.029642086,-0.0053882048,-0.017515146
8.31,63,45,0.18378317,0.19318492,-0.374,0.068067841,-0.17779745,-0.029433248,-0.0017662863,-0.015599767
8.32,63,45,0.18378317,0.19312491,-0.419,0.22122048,-0.17541586,-0.028147656,0.0026119911,-0.012767832
8.33,72,45,0.19909843,0.19316661,-0.139,0.30630528,-0.17079645,-0.025654071,0.0080092455,-0.0088224126
8.34,72,40,0.19058995,0.19336701,-0.474,0.47647489,-0.16374847,-0.021849529,0.013811499,-0.0040190151
8.35,72,45,0.19909843,0.19374287,0.227,0.23823744,-0.15483462,-0.017037775,0.019210413,0.0010863192
8.36,72,45,0.19909843,0.19426054,-0.412,-0.068067841,-0.14450344,-0.011460944,0.023629837,0.0060844461
8.37,77,50,0.21611539,0.19486743,0.214,-0.068067841,-0.13306457,-0.005286172,0.026887841,0.010800834
8.38,72,40,0.19058995,0.19552731,-0.405,-0.1701696,-0.12078581,0.0013419743,0.02914334,0.015242657
8.39,68,45,0.19229165,0.19619167,0.119,-0.2552544,-0.1087137,0.0078585717,0.02967183,0.018765201
8.4,72,40,0.19058995,0.19681546,0.054,-4.8316906e-13,-0.098523736,0.013359176,0.027933985,0.020646581
8.41,72,40,0.19058995,0.19733185,-0.134,0.1701696,-0.09158475,0.017104882,0.024168112,0.020636497
8.42,72,45,0.19909843,0.1976835,0.254,0.01701696,-0.08864578,0.018691356,0.019086984,0.01888917
8.43,68,54,0.20760691,0.19782709,-0.227,0.10210176,-0.08937349,0.018298534,0.01320736,0.015752947
8.44,68,45,0.19229165,0.1977839,0.274,0.085084801,-0.093224233,0.01621988,0.0067388839,0.011479382
8.45,68,45,0.19229165,0.1976181,-0.244,-0.068067841,-0.098851234,0.013182391,0.00011362532,0.0066480079
8.46,72,45,0.19909843,0.1973782,-0.113,0.085084801,-0.10524022,0.0097335773,-0.0056651382,0.0020342195
8.47,72,45,0.19909843,0.19710874,-0.404,0.068067841,-0.11268611,0.0057142399,-0.0095804226,-0.0019330913
8.48,68,50,0.20080013,0.19689354,0.218,-0.15315264,-0.12143202,0.00099314793,-0.011959788,-0.0054833201
8.49,72,50,0.20760691,0.19677795,-0.398,-0.068067841,-0.13121933,-0.0042901033,-0.01368207,-0.0089860866
8.5,68,40,0.18378317,0.19669688,-0.181,-0.01701696,-0.1413701,-0.0097695485,-0.01507118,-0.012420364
8.51,68,45,0.19229165,0.19655168,0.196,-0.01701696,-0.15079095,-0.014854982,-0.016040345,-0.015447664
8.52,72,45,0.19909843,0.196312,-0.569,0,-0.15800924,-0.018751457,-0.016529814,-0.017640636
8.53,72,45,0.19909843,0.19601848,-0.341,-0.085084801,-0.16194927,-0.020878306,-0.017228634,-0.01905347
8.54,72,50,0.20760691,0.19572673,-0.431,-0.068067841,-0.16175735,-0.020774707,-0.018753237,-0.019763972
8.55,63,45,0.18378317,0.19546144,0.362,0.03403392,-0.15700022,-0.01820678,-0.020954265,-0.019580522
8.56,63,45,0.18378317,0.19524536,-0.27,-0.051050881,-0.14738926,-0.013018727,-0.023152093,-0.01808541
8.57,68,50,0.20080013,0.19504971,-0.242,-0.068067841,-0.13328198,-0.0054035308,-0.02493592,-0.015169725
8.58,68,50,0.20080013,0.19482255,-0.355,0,-0.1149021,0.0045180386,-0.02592022,-0.010701091
8.59,68,50,0.20080013,0.19454902,-0.156,0,-0.093589416,0.016022751,-0.026186092,-0.0050816705
8.6,63,45,0.18378317,0.19421698,0.204,0.13613568,-0.070608498,0.028427989,-0.025763216,0.0013323862
8.61,63,45,0.18378317,0.19385394,0.093,-0.10210176,-0.047747999,0.040768223,-0.024561883,0.00810317
8.62,68,50,0.20080013,0.1935075,0.287,-0.30630528,-0.026260503,0.052367302,-0.022491025,0.014938139
8.63,72,54,0.2144137,0.19317445,-0.266,0.1701696,-0.0072170478,0.062647074,-0.019627198,0.021509938
8.64,59,45,0.17697639,0.1928115,0.189,0.30630528,0.0088396998,0.071314602,-0.015792463,0.027761069
8.65,59,45,0.17697639,0.19240136,-0.371,-0.068067841,0.021814823,0.078318652,-0.010570625,0.033874013
8.66,68,54,0.20760691,0.1920499,-0.511,-0.15315264,0.031258111,0.083416195,-0.0044923224,0.039461936
8.67,68,54,0.20760691,0.19188365,0.371,-0.03403392,0.037031077,0.086532477,0.0015761729,0.044054325
8.68,68,50,0.20080013,0.19196853,0.228,-0.1701696,0.038636052,0.087398852,0.006787801,0.047093326
8.69,63,40,0.17527469,0.19224016,0.377,-0.30630528,0.03585398,0.085897072,0.010395197,0.048146135
8.7,63,40,0.17527469,0.19256997,0.054,-0.23823744,0.028673746,0.082021139,0.012582633,0.047301886
8.71,68,45,0.19229165,0.19285391,0.307,0.23823744,0.017772306,0.076136477,0.014401221,0.045268849
8.72,68,45,0.19229165,0.19310483,-0.138,0.40840704,0.0033475865,0.068349927,0.016455896,0.042402911
8.73,68,45,0.19229165,0.1933685,0.115,0.15315264,-0.014243878,0.058853949,0.019051724,0.038952836
8.74,72,50,0.20760691,0.19368318,-0.198,0.068067841,-0.034549182,0.047893024,0.021383394,0.034638209
8.75,63,45,0.18378317,0.1940326,0.039,0,-0.057008116,0.035769556,0.022904561,0.029337058
8.76,72,45,0.19909843,0.19440454,-0.325,-0.068067841,-0.080684698,0.022988795,0.023830115,0.023409455
8.77,68,45,0.19229165,0.19479606,0.013,0.1701696,-0.10412215,0.010337119,0.024644392,0.017490755
8.78,68,45,0.19229165,0.19522539,-0.587,0.47647489,-0.12506122,-0.00096591683,0.025242099,0.012138091
8.79,68,50,0.20080013,0.19567264,0.228,0.068067841,-0.14242725,-0.010340205,0.02489581,0.0072778024
8.8,72,50,0.20760691,0.19607279,-0.338,-0.2552544,-0.15583616,-0.017578412,0.023376283,0.0028989359
8.81,77,54,0.22292218,0.19641132,0.131,-0.2552544,-0.16599029,-0.023059677,0.021012073,-0.0010238023
8.82,63,40,0.17527469,0.19666569,-0.303,-0.32332224,-0.1733411,-0.027027688,0.018465389,-0.0042811497
8.83,63,45,0.18378317,0.19674574,0.019,-0.37437312,-0.17754212,-0.02929542,0.015750817,-0.0067723015
8.84,63,45,0.18378317,0.19661829,-0.485,0.2552544,-0.1772932,-0.029161052,0.012803707,-0.0081786723
8.85,68,45,0.19229165,0.19637086,-0.453,0.47647489,-0.17223529,-0.026430764,0.010346206,-0.0080422787
8.86,68,50,0.20080013,0.19615583,-0.103,0.23823744,-0.16224257,-0.021036632,0.0090418761,-0.0059973779
8.87,77,54,0.22292218,0.19608572,-0.338,0.068067841,-0.14756985,-0.013116209,0.0089568513,-0.0020796789
8.88,63,45,0.18378317,0.19615445,0.106,-0.18718656,-0.13020779,-0.0037440645,0.0095628757,0.0029094056
8.89,72,50,0.20760691,0.19629533,-0.312,-0.2552544,-0.11284335,0.0056293632,0.010415353,0.0080223582
8.9,63,40,0.17527469,0.19646487,-0.035,-6.7679196e-13,-0.096984602,0.014190009,0.011533419,0.012861714
8.91,72,45,0.19909843,0.19665434,-0.377,0.085084801,-0.082579196,0.021966134,0.012839584,0.017402859
8.92,72,45,0.19909843,0.19685558,0.178,-0.068067841,-0.069818262,0.028854563,0.014494407,0.021674485
8.93,72,50,0.20760691,0.19707311,0.015,0.1701696,-0.0591386,0.034619509,0.016780565,0.025700037
8.94,68,45,0.19229165,0.19729767,0.585,0.01701696,-0.050954419,0.039037379,0.019297904,0.029167641
8.95,63,45,0.18378317,0.19756123,-0.094,-0.068067841,-0.045282446,0.042099143,0.021077348,0.031588246
8.96,72,50,0.20760691,0.19783303,-0.003,0.15315264,-0.041830273,0.043962647,0.021462825,0.032712736
8.97,68,45,0.19229165,0.19805945,0.052,0.23823744,-0.039913075,0.044997562,0.020341845,0.032669704
8.98,72,50,0.20760691,0.19824092,-0.553,-2.4158453e-13,-0.038316057,0.045859642,0.018133349,0.031996496
8.99,72,50,0.20760691,0.19845989,0.147,-0.085084801,-0.036688427,0.046738246,0.015463235,0.031100741
9,68,45,0.19229165,0.19878135,-0.444,-0.15315264,-0.035136642,0.047575909,0.013083792,0.030329851
9.01,72,45,0.19909843,0.19914233,0.453,-0.22122048,-0.034185734,0.048089215,0.010874633,0.029481924
9.02,68,45,0.19229165,0.19942796,0.036,0.01701696,-0.034538145,0.047898981,0.0086897045,0.028294343
9.03,68,45,0.19229165,0.19953589,0.323,0.1701696,-0.036609771,0.046780705,0.006561575,0.02667114
9.04,68,50,0.20080013,0.19942645,-0.946,0.085084801,-0.040585619,0.044634519,0.0048391229,0.024736821
9.05,68,50,0.20080013,0.19917226,0.53,0.15315264,-0.046640376,0.041366125,0.004005955,0.02268604
9.06,68,54,0.20760691,0.19894692,-0.493,0.22122048,-0.054196984,0.037287022,0.0040642964,0.020675659
9.07,68,45,0.19229165,0.19881052,-0.523,0.13613568,-0.062834243,0.032624578,0.0046945656,0.018659572
9.08,72,50,0.20760691,0.19878174,0.086,-0.2552544,-0.071311995,0.028048237,0.0056862277,0.016867232
9.09,72,50,0.20760691,0.19881985,0.197,-0.23823744,-0.078461525,0.024188878,0.0065010721,0.015344975
9.1,72,50,0.20760691,0.19889828,0.355,0.01701696,-0.083754938,0.021331462,0.007050133,0.014190797
9.11,63,40,0.17527469,0.19901143,-0.912,-0.15315264,-0.087050513,0.01955249,0.0075370032,0.013544747
9.12,68,50,0.20080013,0.19918499,0.23,-0.32332224,-0.088803078,0.018606445,0.0078625423,0.013234494
9.13,68,50,0.20080013,0.19937999,0.051,0.01701696,-0.089852253,0.018040094,0.0077830625,0.012911578
9.14,72,45,0.19909843,0.19954782,0.479,0.2552544,-0.091582443,0.017106128,0.0068637238,0.011984926
9.15,63,45,0.18378317,0.19967671,-0.082,0.068067841,-0.094692672,0.015427207,0.0050959704,0.010261589
9.16,68,50,0.20080013,0.19974613,0.128,0.15315264,-0.09902712,0.013087446,0.0027284738,0.0079079599
9.17,68,50,0.20080013,0.19977447,-0.109,0.32332224,-0.10383485,0.010492202,0.00043999835,0.0054661003
9.18,72,50,0.20760691,0.19981678,-0.781,0.30630528,-0.10832478,0.0080685121,-0.0013397668,0.0033643726
9.19,72,50,0.20760691,0.1999474,-0.256,-0.18718656,-0.11213168,0.0060135269,-0.0032476385,0.0013829442
9.2,72,50,0.20760691,0.20020212,-0.183,-0.2552544,-0.11523723,0.0043371311,-0.0061828158,-0.00092284235
9.21,72,50,0.20760691,0.20050317,-0.641,-0.068067841,-0.11819358,0.0027412776,-0.010599712,-0.0039292171
9.22,63,40,0.17527469,0.20070484,0.394,-0.13613568,-0.12146377,0.00097600992,-0.016265232,-0.0076446112
9.23,72,50,0.20760691,0.20070908,-0.373,-0.15315264,-0.12460781,-0.000721162,-0.022734272,-0.011727717
9.24,68,50,0.20080013,0.20048129,0.085,0.23823744,-0.12612902,-0.0015423212,-0.029604739,-0.01557353
9.25,68,50,0.20080013,0.20002884,0.309,0.085084801,-0.12493755,-0.00089915997,-0.036567429,-0.018733294
9.26,72,45,0.19909843,0.1993421,-0.191,-0.1701696,-0.12059309,0.0014460063,-0.043126042,-0.020840018
9.27,72,50,0.20760691,0.1984609,0.263,-0.01701696,-0.11409366,0.0049544363,-0.048304746,-0.021675155
9.28,63,45,0.18378317,0.19746006,-0.746,-0.15315264,-0.10623671,0.0091956682,-0.050988514,-0.020896423
9.29,72,50,0.20760691,0.19641041,-0.134,-0.15315264,-0.0983886,0.013432123,-0.050433773,-0.018500825
9.3,68,45,0.19229165,0.19539275,-0.134,0.085084801,-0.092190224,0.016778044,-0.047200701,-0.015211329
9.31,68,45,0.19229165,0.19449742,-0.064,0.10210176,-0.088317522,0.018868551,-0.04166759,-0.01139952
9.32,72,45,0.19909843,0.19379054,-0.261,-0.23823744,-0.087114858,0.019517757,-0.034109548,-0.0072958955
9.33,68,50,0.20080013,0.19327943,-0.114,-0.3403392,-0.088803041,0.018606465,-0.02496319,-0.0031783622
9.34,68,50,0.20080013,0.1929546,0.221,-0.23823744,-0.094887908,0.015321818,-0.015403903,-4.1042665e-05
9.35,63,40,0.17527469,0.19279007,0.155,-1.9184654e-13,-0.10588481,0.0093856254,-0.0061718657,0.0016068798
9.36,63,40,0.17527469,0.19277484,-0.229,-0.01701696,-0.12111764,0.0011628497,0.0022007579,0.0016818038
9.37,68,45,0.19229165,0.19288449,0.164,0.085084801,-0.13948307,-0.0087509162,0.0099646147,0.00060684925
9.38,72,50,0.20760691,0.19314144,-0.509,0.2552544,-0.15975567,-0.019694187,0.017368763,-0.0011627118
9.39,68,45,0.19229165,0.19356866,-0.094,0.15315264,-0.18049291,-0.030888274,0.024629416,-0.0031294291
9.4,68,45,0.19229165,0.19418291,-0.116,-0.01701696,-0.20017129,-0.041510782,0.031273688,-0.005118547
9.41,63,45,0.18378317,0.19494078,-0.288,0,-0.21788068,-0.051070421,0.036151158,-0.0074596312
9.42,72,45,0.19909843,0.19578755,0.303,0.32332224,-0.23290382,-0.059179999,0.039006119,-0.01008694
9.43,72,45,0.19909843,0.19666116,-0.51,0.23823744,-0.24460186,-0.065494671,0.039963668,-0.012765501
9.44,68,50,0.20080013,0.19749101,-0.629,0.01701696,-0.25268067,-0.069855663,0.039332294,-0.015261685
9.45,77,50,0.21611539,0.19820814,-0.237,0.01701696,-0.257319,-0.072359458,0.037700785,-0.017329337
9.46,68,40,0.18378317,0.19880559,-0.476,0.15315264,-0.25903956,-0.073288228,0.035215923,-0.019036153
9.47,68,50,0.20080013,0.19926338,-0.25,-0.1701696,-0.25826248,-0.072868753,0.031567691,-0.020650531
9.48,72,45,0.19909843,0.19957772,-0.034,-0.085084801,-0.25500588,-0.071110821,0.026925126,-0.022092848
9.49,77,50,0.21611539,0.19973344,-0.572,0.068067841,-0.24886339,-0.06779507,0.021487538,-0.023153766
9.5,63,45,0.18378317,0.19971966,-0.048,-3.5527137e-15,-0.23950718,-0.062744533,0.015708711,-0.023517911
9.51,72,50,0.20760691,0.19956678,-0.49,-0.068067841,-0.22775061,-0.056398263,0.010441685,-0.022978289
9.52,63,45,0.18378317,0.1993739,-0.024,-6.750156e-13,-0.21409953,-0.049029332,0.0062679596,-0.021380686
9.53,77,50,0.21611539,0.19923165,-0.775,0.085084801,-0.19918775,-0.04097986,0.0032009687,-0.018889446
9.54,68,45,0.19229165,0.19914753,0.04,-0.15315264,-0.18374549,-0.032644037,0.00052555009,-0.016059243
9.55,72,50,0.20760691,0.19908104,0.074,-0.15315264,-0.16856459,-0.0244493,-0.0023605446,-0.013404922
9.56,68,45,0.19229165,0.19901405,-0.38,-0.068067841,-0.15400113,-0.016587854,-0.0052411873,-0.010914521
9.57,68,40,0.18378317,0.19895747,0.288,2.4158453e-13,-0.13893215,-0.0084535293,-0.0074278278,-0.0079406786
9.58,68,50,0.20080013,0.19890098,0.094,0.15315264,-0.12250854,0.00041203517,-0.0085248002,-0.0040563825
9.59,68,50,0.20080013,0.19883849,0.299,0.32332224,-0.10556117,0.0095603273,-0.0087024794,0.00042892394
9.6,72,45,0.19909843,0.19872965,-0.127,2.4336089e-13,-0.08906409,0.018465549,-0.0081636632,0.0051509431
9.61,77,50,0.21611539,0.1985565,-0.221,-0.085084801,-0.073950689,0.026623854,-0.0068031431,0.0099103555
9.62,68,45,0.19229165,0.1983294,-0.025,-1.7763568e-15,-0.061135199,0.033541733,-0.0044584712,0.014541631
9.63,68,45,0.19229165,0.19808497,-0.255,-0.15315264,-0.051456523,0.03876634,-0.0009574737,0.018904433
9.64,68,50,0.20080013,0.19789687,-0.831,4.3343107e-13,-0.0456465,0.041902625,0.003617789,0.022760207
9.65,72,45,0.19909843,0.19781519,0.282,0.15315264,-0.042951817,0.043357231,0.0081534257,0.025755328
9.66,68,50,0.20080013,0.19785377,-0.303,-0.085084801,-0.042899865,0.043385275,0.011951898,0.027668587
9.67,72,50,0.20760691,0.19801156,0.127,-0.15315264,-0.046195561,0.041606238,0.014815248,0.028210743
9.68,68,45,0.19229165,0.19827404,0.293,-0.15315264,-0.053120627,0.037868046,0.016941388,0.027404717
9.69,68,45,0.19229165,0.19855198,-0.297,-0.1701696,-0.063098805,0.032481766,0.018524443,0.025503104
9.7,68,45,0.19229165,0.19881234,-0.213,-0.01701696,-0.075225022,0.025935961,0.019754914,0.022845438
9.71,68,45,0.19229165,0.19906058,0.252,0.22122048,-0.088263148,0.018897903,0.020420971,0.019659437
9.72,72,45,0.19909843,0.1993612,-0.24,0.15315264,-0.10190699,0.011532877,0.020602077,0.016067477
9.73,72,45,0.19909843,0.19975731,0.176,0.15315264,-0.11588786,0.0039859181,0.020158086,0.012072002
9.74,77,45,0.20760691,0.20027804,0.04,0.23823744,-0.1297928,-0.003520055,0.018907362,0.0076936537
9.75,68,45,0.19229165,0.20088735,0.028,0.1701696,-0.14372792,-0.011042316,0.016314031,0.0026358577
9.76,72,50,0.20760691,0.20145334,0.317,0.085084801,-0.1583575,-0.018939447,0.012275728,-0.0033318594
9.77,72,50,0.20760691,0.20187332,-0.832,0.15315264,-0.1734017,-0.027060398,0.0072737907,-0.0098933034
9.78,72,50,0.20760691,0.20212043,-0.678,-0.085084801,-0.18853581,-0.035229883,0.0015638118,-0.016833036
9.79,72,50,0.20760691,0.20221563,0.298,-0.30630528,-0.20317418,-0.043131759,-0.0047928832,-0.023962321
9.8,72,50,0.20760691,0.20217789,-0.098,-0.13613568,-0.21614461,-0.050133279,-0.011365139,-0.030749209
9.81,63,45,0.18378317,0.2019717,-0.762,-0.14497566,-0.22648677,-0.055716035,-0.017978825,-0.03684743
9.821,68,50,0.20080013,0.20150047,-0.179,0.034377697,-0.2321492,-0.058772649,-0.025040935,-0.041906792
9.83,68,50,0.20080013,0.200928,-0.321,0.26072769,-0.23034931,-0.057801057,-0.030218721,-0.044009889
9.84,72,45,0.19909843,0.20013527,0.267,0.085084801,-0.22047256,-0.052469531,-0.034812172,-0.043640852
9.85,77,50,0.21611539,0.19925684,-0.698,-0.1701696,-0.20174116,-0.042358211,-0.037612612,-0.039985411
9.86,68,50,0.20080013,0.19838694,-0.769,-0.15315264,-0.17581347,-0.028362284,-0.038032877,-0.033197581
9.87,68,45,0.19229165,0.19756261,0.268,-0.30630528,-0.14545771,-0.011976062,-0.035662373,-0.023819218
9.88,68,45,0.19229165,0.19682163,0.149,-0.40840704,-0.11287617,0.0056116464,-0.030535577,-0.012461965
9.89,68,45,0.19229165,0.19621474,-0.562,-0.01701696,-0.080988861,0.022824607,-0.023170237,-0.00017281523
9.9,68,45,0.19229165,0.19577117,0.032,0.30630528,-0.051837853,0.038560495,-0.014161238,0.012199629
9.91,63,45,0.18378317,0.1955114,-0.42,0.15315264,-0.026701083,0.052129475,-0.0040208602,0.024054307
9.92,72,50,0.20760691,0.19544377,0.294,-0.085084801,-0.0066903117,0.062931409,0.0067923933,0.034861901
9.93,72,50,0.20760691,0.19557732,0.368,0.068067841,0.0075056015,0.070594448,0.01775071,0.044172579
9.94,68,45,0.19229165,0.19593249,-0.249,0.068067841,0.01591579,0.075134318,0.027570737,0.051352528
9.95,63,45,0.18378317,0.19650977,0.354,-0.1701696,0.017300549,0.075881819,0.035390809,0.055636314
9.96,72,45,0.19909843,0.19726286,0.413,-0.01701696,0.011596693,0.072802843,0.041158414,0.056980629
9.97,72,45,0.19909843,0.19814155,-0.133,0.22122048,-5.045481e-05,0.066515643,0.04520902,0.055862332
9.98,72,45,0.19909843,0.19911291,0.317,0.15315264,-0.015869293,0.05797654,0.047828262,0.052902401
9.99,72,45,0.19909843,0.20012222,-0.04,0,-0.034065917,0.048153893,0.049114082,0.048633988
10,72,45,0.19909843,0.20107448,0.006,0.1701696,-0.054250028,0.037258389,0.04866079,0.042959589
10.01,72,45,0.19909843,0.20188881,0.854,0.2552544,-0.076208786,0.02540492,0.046427465,0.035916192
10.02,77,40,0.19909843,0.20253397,-0.551,0.085084801,-0.098881324,0.013166148,0.042561105,0.027863627
10.03,77,50,0.21611539,0.20301446,-0.78,0.085084801,-0.12201764,0.00067702509,0.03744385,0.019060437
10.04,72,50,0.20760691,0.2033761,-0.121,0.1701696,-0.14604005,-0.012290415,0.031918896,0.0098142405
10.05,72,45,0.19909843,0.20366037,-1.138,1.7763568e-15,-0.17124585,-0.025896655,0.026416895,0.0002601199
10.06,72,50,0.20760691,0.20388411,-0.077,-0.01701696,-0.19727778,-0.039948849,0.020938765,-0.0095050419
10.07,72,50,0.20760691,0.20404696,-0.249,-0.085084801,-0.22225567,-0.053432064,0.015384211,-0.019023926
10.08,77,45,0.20760691,0.20413362,-0.58,-0.30630528,-0.24529065,-0.065866483,0.0096078262,-0.028129328
10.09,81,45,0.2144137,0.20410686,0.385,-0.15315264,-0.26570452,-0.076886014,0.003536735,-0.03667464
10.1,68,40,0.18378317,0.20392565,-0.276,0,-0.28165615,-0.085496799,-0.0026169171,-0.044056858
10.11,68,45,0.19229165,0.20363737,-0.104,-0.15315264,-0.29173138,-0.090935467,-0.0082826617,-0.049609064
10.12,77,45,0.20760691,0.20331431,-0.52,0.085084801,-0.29636782,-0.093438245,-0.01291181,-0.053175028
10.13,77,45,0.20760691,0.20298841,-0.104,0.30630528,-0.29612466,-0.093306987,-0.016452024,-0.054879505
10.14,72,45,0.19909843,0.20265485,-0.988,0.068067841,-0.29223365,-0.091206599,-0.019030781,-0.05511869
10.15,77,45,0.20760691,0.20232919,0.876,-0.085084801,-0.28582586,-0.087747634,-0.020523161,-0.054135397
10.16,72,45,0.19909843,0.20205751,-0.083,-0.085084801,-0.27785507,-0.083444953,-0.021092523,-0.052268738
10.17,77,45,0.20760691,0.20184236,-0.327,0,-0.2688954,-0.07860847,-0.020743161,-0.049675816
10.18,72,45,0.19909843,0.20169366,-0.344,0.01701696,-0.25924131,-0.073397133,-0.019877638,-0.046637386
10.19,72,45,0.19909843,0.20156787,-0.531,-0.068067841,-0.24902002,-0.067879621,-0.018679742,-0.043279682
10.2,72,50,0.20760691,0.20144618,-0.44,-0.068067841,-0.23797855,-0.061919367,-0.017686739,-0.039803053
10.21,68,50,0.20080013,0.20132772,-0.271,0.01701696,-0.2257768,-0.055332792,-0.017481639,-0.036407216
10.22,72,45,0.19909843,0.20118875,-0.598,-0.085084801,-0.21264799,-0.048245783,-0.017807587,-0.033026685
10.23,68,50,0.20080013,0.20098105,-0.225,-0.01701696,-0.19807221,-0.04037769,-0.018208008,-0.029292849
10.24,72,45,0.19909843,0.20066914,-0.389,1.936229e-13,-0.18107494,-0.031202461,-0.018374438,-0.024788449
10.25,72,45,0.19909843,0.2002899,0.227,-0.085084801,-0.16217716,-0.021001324,-0.018143739,-0.019572531
10.26,72,50,0.20760691,0.19990372,0.33,-0.01701696,-0.14291829,-0.01060527,-0.017239263,-0.013922266
10.27,68,45,0.19229165,0.1995691,-0.71,-1.7763568e-15,-0.12433317,-0.00057291104,-0.015233975,-0.0079034433
10.28,72,45,0.19909843,0.19934459,-0.013,1.7763568e-15,-0.10806061,0.0082111158,-0.012099029,-0.0019439565
10.29,72,45,0.19909843,0.19922912,0.067,-0.085084801,-0.095028281,0.015246044,-0.0087073601,0.0032693417
10.3,72,45,0.19909843,0.19919396,-0.165,0.085084801,-0.085007406,0.020655372,-0.0057282742,0.0074635488
10.31,72,50,0.20760691,0.19922429,-0.479,0.01701696,-0.078088955,0.024389993,-0.0032291554,0.010580419
10.32,63,45,0.18378317,0.19930474,0.464,0.01701696,-0.073903637,0.026649253,-0.0011156172,0.012766818
10.33,77,50,0.21611539,0.19943688,-0.284,0.01701696,-0.07244984,0.027434021,0.00027649696,0.013855259
10.34,63,45,0.18378317,0.19960697,0.224,-0.15315264,-0.073595246,0.026815724,0.00091117477,0.01386345
10.35,77,50,0.21611539,0.19977875,0.294,-0.085084801,-0.07740417,0.024759644,0.00088654418,0.012823094
10.36,68,45,0.19229165,0.19992556,0.516,0.15315264,-0.084205973,0.02108799,0.0004652112,0.010776601
10.37,63,45,0.18378317,0.20000597,-0.532,0.15315264,-0.0939227,0.015842843,-6.7986329e-05,0.0078874283
10.38,72,50,0.20760691,0.2000062,0.012,-0.085084801,-0.104888,0.0099237077,-0.00047606226,0.0047238227
10.39,72,50,0.20760691,0.19995104,0.016,0.15315264,-0.11577332,0.0040477492,-0.0004581129,0.0017948181
10.4,72,50,0.20760691,0.19988217,-0.807,0.15315264,-0.12598674,-0.0014655189,-0.00015229047,-0.0008089047
10.41,68,45,0.19229165,0.1998081,-0.572,-0.068067841,-0.13568135,-0.0066987256,0.00036024429,-0.0031692406
10.42,72,45,0.19909843,0.19973846,0.115,-0.22122048,-0.14471822,-0.011576881,0.00096921193,-0.0053038346
10.43,72,50,0.20760691,0.19969011,-0.522,-0.085084801,-0.15233505,-0.015688495,0.0014700562,-0.0071092193
10.44,68,50,0.20080013,0.19969485,-0.182,0.068067841,-0.15751221,-0.018483155,0.0015358991,-0.0084736278
10.45,68,45,0.19229165,0.1997668,-0.292,0,-0.15972538,-0.019677839,0.00099771519,-0.0093400619
10.46,72,45,0.19909843,0.19984531,0.315,-0.1701696,-0.15875684,-0.019155013,-3.0373553e-05,-0.0095926931
10.47,72,45,0.19909843,0.19986735,-0.334,-0.085084801,-0.15480429,-0.017021405,-0.0010864908,-0.0090539477
10.48,72,50,0.20760691,0.19980999,-0.139,0.10210176,-0.14761363,-0.013139842,-0.0017173844,-0.0074286131
10.49,68,40,0.18378317,0.19971208,0.462,0.01701696,-0.13786309,-0.0078764419,-0.0018819647,-0.0048792033
10.5,68,50,0.20080013,0.1996277,-0.844,0,-0.12733182,-0.0021916012,-0.0017436665,-0.0019676338
10.51,68,50,0.20080013,0.19956809,0.078,0.15315264,-0.11707205,0.0033466837,-0.0015689623,0.00088886069
10.52,72,45,0.19909843,0.19955623,0.019,0.22122048,-0.10766093,0.0084268619,-0.0011280201,0.0036494209
10.53,72,50,0.20760691,0.19957108,0.212,-0.03403392,-0.1004888,0.012298424,-0.00027801748,0.006010203
10.54,72,45,0.19909843,0.19961175,-0.215,-0.01701696,-0.097297795,0.014020946,0.0014175659,0.0077192559
10.55,72,50,0.20760691,0.19964214,-0.323,0,-0.098888915,0.01316205,0.0038630951,0.0085125725
10.56,72,40,0.19058995,0.19964945,0.188,-0.085084801,-0.10541056,0.0096416257,0.0062646735,0.0079531496
10.57,77,45,0.20760691,0.19966871,-0.321,-0.1701696,-0.11651269,0.0036486322,0.0082174206,0.0059330264
10.58,72,45,0.19909843,0.19975621,-0.191,-0.1701696,-0.13081594,-0.0040723508,0.0093714771,0.0026495632
10.59,72,45,0.19909843,0.19993018,-0.098,0,-0.14629664,-0.012428923,0.0093709246,-0.0015289992
10.6,72,40,0.19058995,0.20013814,-0.229,0.085084801,-0.1611403,-0.020441623,0.0080202293,-0.006210697
10.61,72,40,0.19058995,0.20032727,0.456,0.1701696,-0.17357384,-0.027153318,0.0056080035,-0.010772657
10.62,77,45,0.20760691,0.20048072,-0.065,0.10210176,-0.18248695,-0.031964669,0.0027502134,-0.014607228
10.63,77,45,0.20760691,0.20058911,-0.253,0.03403392,-0.18731375,-0.034570207,-0.00011370939,-0.017341958
10.64,72,50,0.20760691,0.20062676,-0.559,-0.068067841,-0.18798986,-0.034935175,-0.002668348,-0.018801762
10.65,68,45,0.19229165,0.20057166,-0.432,-0.15315264,-0.18443556,-0.033016542,-0.0042935955,-0.018655069
10.66,68,45,0.19229165,0.20045682,-0.497,-0.068067841,-0.17772405,-0.029393626,-0.0046757919,-0.017034709
10.67,72,45,0.19909843,0.20033362,-0.031,0.15315264,-0.16871986,-0.024533115,-0.0038559108,-0.014194513
10.68,68,50,0.20080013,0.2001914,-0.635,0.39139008,-0.15845604,-0.018992642,-0.0021934685,-0.010593055
10.69,72,50,0.20760691,0.20003021,0.16,0.15315264,-0.14765353,-0.013161379,0.00013346686,-0.0065139563
10.7,72,50,0.20760691,0.19992087,0.103,-0.10210176,-0.1379716,-0.0079350176,0.0022699994,-0.0028325091
10.71,77,50,0.21611539,0.19992305,-0.231,-0.18718656,-0.13047111,-0.0038862077,0.0031553651,-0.00036542126
10.72,72,40,0.19058995,0.20001251,-0.449,-0.3403392,-0.12574064,-0.0013326718,0.002663106,0.00066521713
10.73,72,45,0.19909843,0.20013401,0.018,-0.3403392,-0.12437627,-0.00059617637,0.00099238475,0.00019810419
10.74,72,40,0.19058995,0.20025608,0.074,-0.085084801,-0.12556086,-0.0012356279,-0.0015903341,-0.001412981
10.75,72,40,0.19058995,0.20034641,0.152,0.085084801,-0.12853283,-0.0028399121,-0.0049305078,-0.00388521
10.76,72,45,0.19909843,0.20040813,-0.492,0.085084801,-0.13253252,-0.0049989703,-0.0086161236,-0.006807547
10.77,72,45,0.19909843,0.20044259,0.415,0.1701696,-0.13750516,-0.00768323,-0.012315406,-0.0099993179
10.78,72,45,0.19909843,0.20042789,0.021,0.2552544,-0.14337659,-0.010852666,-0.015811184,-0.013331925
10.79,72,45,0.19909843,0.20032311,0.036,0.1701696,-0.14956261,-0.014191912,-0.019119603,-0.016655758
10.8,77,40,0.19909843,0.20008961,-0.296,0,-0.15603086,-0.017683514,-0.021980272,-0.019831893
10.81,77,50,0.21611539,0.19977222,-0.103,0.073666494,-0.16309667,-0.021497682,-0.02398128,-0.022739481
10.821,72,45,0.19909843,0.19941036,0.292,0.27759991,-0.17170723,-0.026145715,-0.024786466,-0.025466091
10.83,72,45,0.19909843,0.19914022,-0.877,-0.10727651,-0.1785432,-0.029835811,-0.024314517,-0.027075164
10.84,72,50,0.20760691,0.19884228,-0.182,-0.56155969,-0.18453452,-0.033069961,-0.02293452,-0.028002241
10.85,77,50,0.21611539,0.19850728,-0.693,-0.15315264,-0.18753927,-0.034691942,-0.021225271,-0.027958606
10.86,63,45,0.18378317,0.19810012,0.025,0,-0.18656647,-0.034166819,-0.019613518,-0.026890168
10.87,63,40,0.17527469,0.19760267,-0.806,-0.32332224,-0.18135944,-0.031356035,-0.018236652,-0.024796343
10.88,72,50,0.20760691,0.19704241,-0.082,-0.15315264,-0.17184598,-0.026220612,-0.016816637,-0.021518625
10.89,72,45,0.19909843,0.19649405,-0.617,0.2552544,-0.158538,-0.019036882,-0.01481108,-0.016923981
10.9,68,45,0.19229165,0.19606171,0.488,0.01701696,-0.14150742,-0.0098436734,-0.01178049,-0.010812082
10.91,68,45,0.19229165,0.19583172,-0.159,-0.15315264,-0.12128474,0.001072648,-0.0081569836,-0.0035421678
10.92,68,45,0.19229165,0.19584402,0.238,0,-0.098322368,0.013467875,-0.0044222674,0.004522804
10.93,68,45,0.19229165,0.19604311,0.012,0.15315264,-0.073736045,0.02673972,-0.00064314755,0.013048286
10.94,72,45,0.19909843,0.19637003,-0.569,0.15315264,-0.049529531,0.039806541,0.0030148344,0.021410688
10.95,68,45,0.19229165,0.1967681,0.359,0.068067841,-0.028243646,0.05129679,0.0066051604,0.028950975
10.96,72,50,0.20760691,0.19719123,-0.096,0.068067841,-0.011697616,0.060228436,0.010046699,0.035137567
10.97,68,45,0.19229165,0.19758325,0.248,0.15315264,-0.0010056695,0.066000013,0.013238474,0.039619243
10.98,72,45,0.19909843,0.19788949,0.139,0.068067841,0.0028490566,0.068080817,0.016086869,0.042083843
10.99,72,45,0.19909843,0.19808925,-0.229,-2.4336089e-13,-0.0009024331,0.06605574,0.018551548,0.042303644
11,72,50,0.20760691,0.19822025,-0.047,0.085084801,-0.012188424,0.059963495,0.020590747,0.040277121
11.01,72,45,0.19909843,0.19830919,0.031,1.7763568e-15,-0.031104095,0.049752702,0.021889912,0.035821307
11.02,68,50,0.20080013,0.19838243,0.421,-0.085084801,-0.057101553,0.035719119,0.022326049,0.029022584
11.03,72,45,0.19909843,0.19849282,-0.472,-0.085084801,-0.089030317,0.01848378,0.02220091,0.020342345
11.04,72,45,0.19909843,0.19869424,0.184,-0.1701696,-0.12497506,-0.00091940483,0.02178467,0.010432633
11.05,72,45,0.19909843,0.19896231,-0.07,-0.32332224,-0.16269972,-0.021283404,0.020562236,-0.00036058383
11.06,72,45,0.19909843,0.1992235,-0.408,4.3520743e-13,-0.20068201,-0.041786472,0.018217729,-0.011784371
11.07,68,40,0.18378317,0.19946203,-0.018,0.085084801,-0.23730327,-0.06155485,0.015312662,-0.023121094
11.08,68,40,0.18378317,0.19968911,-0.667,0.01701696,-0.27127767,-0.079894432,0.012342983,-0.033775724
11.09,81,45,0.2144137,0.19993892,0.147,0.23823744,-0.30148621,-0.096201185,0.0091759369,-0.043512624
11.1,68,45,0.19229165,0.20022063,-0.778,0.39139008,-0.32791405,-0.11046709,0.0056115231,-0.052427783
11.11,77,45,0.20760691,0.20047905,-0.448,0.1701696,-0.35036445,-0.12258595,0.0019416527,-0.06032215
11.12,72,45,0.19909843,0.20071106,-0.584,0.085084801,-0.36836664,-0.13230364,-0.002023713,-0.067163678
11.13,77,45,0.20760691,0.20094993,-0.271,0.068067841,-0.38068756,-0.13895455,-0.0069200479,-0.072937299
11.14,77,45,0.20760691,0.20117485,-0.499,-0.085084801,-0.38657397,-0.14213207,-0.013178502,-0.077655284
11.15,77,45,0.20760691,0.20126891,-0.204,-0.085084801,-0.38592894,-0.14178388,-0.019943614,-0.080863746
11.16,72,45,0.19909843,0.20110919,-0.308,-0.1701696,-0.37996531,-0.13856467,-0.026348965,-0.082456818
11.17,72,45,0.19909843,0.20063461,-0.619,-0.1701696,-0.3702406,-0.13331521,-0.031657605,-0.08248641
11.18,77,40,0.19909843,0.19985292,-0.353,-0.1701696,-0.35766678,-0.12652779,-0.035228295,-0.080878045
11.19,72,45,0.19909843,0.19882208,-0.605,-0.085084801,-0.34266573,-0.11843014,-0.036310563,-0.077370351
11.2,72,45,0.19909843,0.197676,-0.531,0,-0.32557795,-0.10920605,-0.034990938,-0.072098494
11.21,72,40,0.19058995,0.19655111,0.209,0,-0.30700155,-0.0991784,-0.031496921,-0.065337661
11.22,72,45,0.19909843,0.19560757,-0.276,-0.15315264,-0.28815031,-0.089002385,-0.02649729,-0.057749838
11.23,72,45,0.19909843,0.19497421,-0.224,-0.22122048,-0.27023381,-0.07933095,-0.020705402,-0.050018176
11.24,77,40,0.19909843,0.19469952,-0.272,0.10210176,-0.2537642,-0.07044056,-0.014476975,-0.042458767
11.25,68,40,0.18378317,0.19477416,-0.042,0.01701696,-0.23860225,-0.062256046,-0.0083252593,-0.035290653
11.26,68,40,0.18378317,0.19511285,-0.152,-0.39139008,-0.22467492,-0.054737992,-0.0030921697,-0.028915081
11.27,77,50,0.21611539,0.19561171,-0.236,-0.32332224,-0.21111212,-0.047416708,0.00061889093,-0.023398909
11.28,68,40,0.18378317,0.19619093,-0.137,0.30630528,-0.19735828,-0.039992302,0.0029610315,-0.018515635
11.29,63,40,0.17527469,0.19671363,-0.296,0.30630528,-0.183036,-0.032261053,0.0044403517,-0.013910351
11.3,63,40,0.17527469,0.19710663,0.136,0.15315264,-0.1682209,-0.024263772,0.005535234,-0.0093642691
11.31,77,54,0.22292218,0.19734418,-0.186,0.49349185,-0.15336637,-0.016245205,0.006568081,-0.004838562
11.32,72,50,0.20760691,0.19743725,-0.338,0.73172929,-0.1386685,-0.0083112081,0.0080720122,-0.00011959796
11.33,72,50,0.20760691,0.19744601,-0.401,0.10210176,-0.12486592,-0.00086049431,0.010248382,0.0046939437
11.34,68,50,0.20080013,0.19742665,-0.353,-0.37437312,-0.11294075,0.005576786,0.01309277,0.0093347779
11.35,77,54,0.22292218,0.19740747,-0.35,-0.23823744,-0.10381841,0.010501077,0.016357929,0.013429503
11.36,59,50,0.18548487,0.19740897,0.361,-0.40840704,-0.098139479,0.0135666,0.019637142,0.016601871
11.37,72,50,0.20760691,0.19746235,-0.25,-0.39139008,-0.096274511,0.014573321,0.022251645,0.018412483
11.38,63,45,0.18378317,0.19758241,0.166,-0.1701696,-0.098147437,0.013562304,0.023601293,0.018581799
11.39,63,45,0.18378317,0.19773867,-0.397,-0.11911872,-0.10342928,0.010711131,0.023487428,0.01709928
11.4,68,50,0.20080013,0.1978788,-0.039,-0.10210176,-0.11183698,0.0061726045,0.022102739,0.014137672
11.41,72,40,0.19058995,0.19798709,-0.126,0.13613568,-0.12262451,0.00034943278,0.020113162,0.010231298
11.42,72,40,0.19058995,0.19808865,0.073,0.22122048,-0.13490206,-0.0062780634,0.01831828,0.0060201082
11.43,72,40,0.19058995,0.19822792,0.227,0.23823744,-0.14784002,-0.013262048,0.017320273,0.0020291125
11.44,72,40,0.19058995,0.19843783,0.068,0.1701696,-0.16011192,-0.019886492,0.017283763,-0.0013013648
11.45,77,50,0.21611539,0.19877185,-0.053,0.3403392,-0.1710067,-0.02576756,0.018316241,-0.0037256593
11.46,72,45,0.19909843,0.19931634,-0.024,0.3403392,-0.1800216,-0.030633858,0.020540421,-0.0050467188
11.47,72,45,0.19909843,0.2000402,-0.547,0,-0.18670713,-0.034242751,0.02305712,-0.0055928151
11.48,77,50,0.21611539,0.20079505,-0.057,2.4158453e-13,-0.19062743,-0.03635895,0.024518523,-0.0059202135
11.49,72,45,0.19909843,0.20143488,-0.702,0.1701696,-0.19184892,-0.037018317,0.023878227,-0.006570045
11.5,77,45,0.20760691,0.20191173,-0.097,-0.15315264,-0.19083635,-0.036471724,0.021105675,-0.0076830246
11.51,72,50,0.20760691,0.20220089,-0.37,-0.30630528,-0.18834642,-0.035127649,0.016253271,-0.0094371892
11.52,72,50,0.20760691,0.2022638,-0.368,-0.15315264,-0.18484334,-0.033236664,0.0097462657,-0.011745199
11.53,68,45,0.19229165,0.20207608,-0.617,-0.15315264,-0.18028879,-0.030778088,0.0026062238,-0.014085932
11.54,68,45,0.19229165,0.20167843,-0.292,-0.13613568,-0.17510967,-0.02798237,-0.0037106547,-0.015846512
11.55,72,45,0.19909843,0.20111585,-0.301,0,-0.16943185,-0.02491745,-0.0082704904,-0.01659397
11.56,68,50,0.20080013,0.20048408,-0.054,0.13613568,-0.16353602,-0.021734842,-0.010328885,-0.016031863
11.57,68,50,0.20080013,0.19987563,-0.007,0.068067841,-0.15798194,-0.018736719,-0.0099416301,-0.014339175
11.58,72,45,0.19909843,0.19937663,0.148,-0.01701696,-0.15280103,-0.01594003,-0.007479384,-0.011709707
11.59,77,40,0.19909843,0.19908142,0.097,-0.03403392,-0.14755445,-0.013107896,-0.0032464933,-0.0081771945
11.6,72,45,0.19909843,0.19903101,0.18,-0.01701696,-0.14172348,-0.0099603026,0.0021646537,-0.0038978245
11.61,72,45,0.19909843,0.1992172,0.045,0.085084801,-0.13531666,-0.006501864,0.007886755,0.00069244553
11.62,77,40,0.19909843,0.19963584,-0.282,0.085084801,-0.12939742,-0.0033066251,0.012437485,0.0045654297
11.63,77,40,0.19909843,0.20023793,0.18,0,-0.12520708,-0.0010446553,0.014667688,0.0068115165
11.64,72,50,0.20760691,0.20093863,-0.162,-0.068067841,-0.12383825,-0.00030575054,0.014494826,0.0070945378
11.65,72,45,0.19909843,0.20160781,0.04,-0.051050881,-0.12573365,-0.0013288986,0.012068661,0.005369881
11.66,72,45,0.19909843,0.20212213,-0.268,0.01701696,-0.13071879,-0.0040199051,0.0078395814,0.0019098382
11.67,68,45,0.19229165,0.20241667,-0.334,0.085084801,-0.13789871,-0.0078956706,0.0027058701,-0.0025949003
11.68,68,50,0.20080013,0.20248372,-0.531,0.1701696,-0.14529114,-0.011886149,-0.0028789407,-0.0073825447
11.69,72,50,0.20760691,0.20236493,-0.283,0.23823744,-0.15088407,-0.014905247,-0.0084346471,-0.011669947
11.7,72,50,0.20760691,0.20211527,-0.456,0.15315264,-0.15320411,-0.016157616,-0.013291844,-0.01472473
11.71,72,50,0.20760691,0.20179501,-0.007,-0.068067841,-0.15109418,-0.015018665,-0.017125921,-0.016072293
11.72,68,54,0.20760691,0.20138508,-0.222,-0.13613568,-0.14452904,-0.011474762,-0.019632206,-0.015553484
11.73,68,50,0.20080013,0.20086145,-0.334,-0.13613568,-0.13385418,-0.0057124097,-0.020532371,-0.01312239
11.74,68,50,0.20080013,0.20027247,0.349,-0.068067841,-0.11986625,0.0018383571,-0.019931444,-0.0090465436
11.75,68,50,0.20080013,0.19971001,-0.376,-0.23823744,-0.10380676,0.010507369,-0.018365635,-0.0039291328
11.76,68,50,0.20080013,0.19924176,-0.161,-0.39139008,-0.08708986,0.019531251,-0.016409141,0.0015610547
11.77,72,50,0.20760691,0.19886728,0.335,-0.15315264,-0.071211549,0.028102458,-0.014181562,0.0069604484
11.78,59,45,0.17697639,0.19856808,-0.181,0,-0.057103968,0.035717815,-0.01160931,0.012054252
11.79,59,50,0.18548487,0.19835637,0.323,-0.085084801,-0.045356852,0.042058978,-0.0089002018,0.016579388
11.8,68,50,0.20080013,0.19824823,-0.455,0.22122048,-0.036781053,0.046688246,-0.0062731363,0.020207555
11.81,68,50,0.20080013,0.19823338,-0.069,0.37437312,-0.032012242,0.049262479,-0.0035786138,0.022841933
11.82,72,45,0.19909843,0.19831744,0.082,-0.01701696,-0.031800315,0.049376879,-0.00062272237,0.024377078
11.83,72,50,0.20760691,0.19852648,0.057,-0.01701696,-0.036679223,0.046743215,0.0027332828,0.024738249
11.84,68,45,0.19229165,0.19886384,0.195,-0.01701696,-0.046573261,0.041402354,0.0062647472,0.02383355
11.85,68,45,0.19229165,0.19929598,0.07,-2.4158453e-13,-0.060997403,0.033616115,0.0094589733,0.021537544
11.86,77,45,0.20760691,0.19974239,0.273,0.32332224,-0.079191796,0.023794673,0.011828144,0.017811408
11.87,72,40,0.19058995,0.20011002,0.195,0.30630528,-0.09997146,0.012577686,0.01345915,0.013018418
11.88,77,50,0.21611539,0.2003923,-0.634,-0.10210176,-0.12165492,0.00087282426,0.014156962,0.0075148932
11.89,77,50,0.21611539,0.20062026,-0.373,-0.1701696,-0.14262347,-0.010446123,0.013513653,0.001533765
11.9,72,45,0.19909843,0.20081476,-0.441,-0.085084801,-0.16176116,-0.020776765,0.01119922,-0.0047887723
11.91,72,40,0.19058995,0.20096075,-0.538,-0.1701696,-0.17835143,-0.02973229,0.007222386,-0.011254952
11.92,72,40,0.19058995,0.20100385,-0.173,-0.1701696,-0.19223199,-0.037225103,0.0020783807,-0.017573361
11.93,77,45,0.20760691,0.20092371,-0.037,-0.085084801,-0.20378913,-0.043463716,-0.0036039341,-0.023533825
11.94,72,50,0.20760691,0.20072693,-0.145,0.1701696,-0.21340514,-0.048654496,-0.008917165,-0.02878583
11.95,72,40,0.19058995,0.20046753,0.04,0.085084801,-0.22123672,-0.05288203,-0.013138484,-0.033010257
11.96,72,40,0.19058995,0.20017874,-0.436,-0.1701696,-0.22744596,-0.056233815,-0.015631059,-0.035932437
11.97,77,45,0.20760691,0.19983737,0.115,0,-0.23193428,-0.058656637,-0.016469488,-0.037563062
11.98,77,40,0.19909843,0.19944966,-0.473,0.1701696,-0.23475932,-0.060181607,-0.015962007,-0.038071807
11.99,72,45,0.19909843,0.19906483,-0.613,2.4158453e-13,-0.23576086,-0.060722244,-0.014199458,-0.037460851
12,72,45,0.19909843,0.19873262,-0.097,0.15315264,-0.23446032,-0.060020208,-0.011181324,-0.035600766
12.01,77,40,0.19909843,0.19850479,-0.443,0.15315264,-0.2313227,-0.058326501,-0.0070836454,-0.032705073
12.02,72,45,0.19909843,0.19840397,-0.012,-0.1701696,-0.22762864,-0.056332423,-0.0020243995,-0.029178411
12.03,81,50,0.22292218,0.19840303,0.093,-0.1701696,-0.22486681,-0.054841572,0.0035103637,-0.025665604
12.04,72,40,0.19058995,0.19848929,-0.261,-0.1701696,-0.22469886,-0.05475091,0.0085371709,-0.02310687
12.05,72,40,0.19058995,0.19862403,-0.413,-0.23823744,-0.22856809,-0.056839544,0.012598956,-0.022120294
12.06,72,40,0.19058995,0.19879042,0.208,-0.15315264,-0.23684511,-0.061307531,0.015115657,-0.023095937
12.07,72,40,0.19058995,0.19900684,-0.149,0.1701696,-0.24874897,-0.067733305,0.016391035,-0.025671135
12.08,77,45,0.20760691,0.19929855,-0.25,0.1701696,-0.26260768,-0.075214319,0.017020408,-0.029096955
12.09,72,40,0.19058995,0.19965337,-0.541,0.1701696,-0.27550394,-0.082175799,0.017137583,-0.032519108
12.1,77,45,0.20760691,0.20002541,-0.29,0.1701696,-0.28546091,-0.08755063,0.016570334,-0.035490148
12.11,72,40,0.19058995,0.20035242,-0.632,0.085084801,-0.29176785,-0.090955153,0.01564772,-0.037653717
12.12,77,45,0.20760691,0.20064405,-0.292,-2.4158453e-13,-0.29472761,-0.092552852,0.014922743,-0.038815055
12.13,77,45,0.20760691,0.20093176,-0.191,0.085084801,-0.2955239,-0.092982695,0.014660535,-0.03916108
12.14,72,45,0.19909843,0.20119469,0.037,0.085084801,-0.29539211,-0.092911555,0.014698687,-0.039106434
12.15,72,45,0.19909843,0.20140077,-0.461,-0.085084801,-0.29482462,-0.092605221,0.01487269,-0.038866265
12.16,77,45,0.20760691,0.20154635,-0.258,0.1701696,-0.29310473,-0.091676813,0.015316493,-0.03818016
12.17,72,45,0.19909843,0.20163601,-0.106,0.01701696,-0.28886757,-0.089389567,0.015909314,-0.036740127
12.18,72,50,0.20760691,0.20173585,-0.48,-0.085084801,-0.28048101,-0.084862451,0.015566711,-0.03464787
12.19,77,50,0.21611539,0.20190022,-0.48,-0.085084801,-0.26717762,-0.0776812,0.012999185,-0.032341007
12.2,63,45,0.18378317,0.20213191,-0.628,-0.22122048,-0.2491167,-0.067931811,0.0074017545,-0.030265028
12.21,72,54,0.2144137,0.20238356,-0.393,-0.22122048,-0.22771691,-0.056380073,-0.00089671374,-0.028638394
12.22,63,45,0.18378317,0.20258748,0.256,0.01701696,-0.20479732,-0.044007944,-0.010222302,-0.027115123
12.23,68,50,0.20080013,0.20263461,-0.638,-0.051050881,-0.181667,-0.031522057,-0.019094852,-0.025308455
12.24,68,50,0.20080013,0.2024505,0.019,0.085084801,-0.1598507,-0.019745489,-0.026434649,-0.023090069
12.25,68,50,0.20080013,0.20203748,0.358,0.30630528,-0.1401826,-0.0091285308,-0.031754686,-0.020441608
12.26,63,50,0.19229165,0.20145429,-0.003,-1.7763568e-15,-0.12337688,-5.669792e-05,-0.034982562,-0.01751963
12.27,72,54,0.2144137,0.20077369,-0.054,0.068067841,-0.11008886,0.0071162539,-0.035874989,-0.014379367
12.28,68,50,0.20080013,0.200043,0.203,0.22122048,-0.10093307,0.012058604,-0.034438786,-0.011190091
12.29,68,50,0.20080013,0.1993122,-0.916,0.085084801,-0.095639332,0.014916194,-0.030716633,-0.0079002195
12.3,72,50,0.20760691,0.1986401,0.085,0.085084801,-0.094043108,0.015777846,-0.025369708,-0.0047959315
12.31,72,50,0.20760691,0.19810285,-0.426,-0.10210176,-0.096455634,0.01447555,-0.019082929,-0.0023036897
12.32,68,54,0.20760691,0.19774875,-0.076,-0.56155969,-0.10376146,0.010531822,-0.012578236,-0.0010232066
12.33,77,50,0.21611539,0.19756405,0.328,-0.61261057,-0.11616679,0.0038353479,-0.0066571493,-0.0014109007
12.34,63,40,0.17527469,0.19749766,0.133,-0.54454273,-0.13378678,-0.0056760283,-0.0018571236,-0.003766576
12.35,68,36,0.17697639,0.19748972,0.337,-0.32332224,-0.15593796,-0.017633364,0.0018124836,-0.0079104401
12.36,68,36,0.17697639,0.19748026,-0.268,0.23823744,-0.18080825,-0.031058497,0.0048296348,-0.013114431
12.37,68,40,0.18378317,0.19747375,-0.288,0.62962753,-0.20576027,-0.044527745,0.0080504339,-0.018238656
12.38,72,50,0.20760691,0.19755699,-0.646,0.52752577,-0.22856429,-0.056837493,0.011912332,-0.02246258
12.39,72,50,0.20760691,0.19782082,-0.522,0.30630528,-0.24811942,-0.06739347,0.015758637,-0.025817416
12.4,77,45,0.20760691,0.19831045,-0.168,0.085084801,-0.26364696,-0.075775331,0.019338197,-0.028218567
12.41,72,45,0.19909843,0.19897091,-0.187,1.7763568e-15,-0.27507487,-0.081944187,0.022335106,-0.02980454
12.42,68,45,0.19229165,0.19974394,-0.199,0.068067841,-0.28293497,-0.086187115,0.024504719,-0.030841198
12.43,77,45,0.20760691,0.20056623,-0.596,0.068067841,-0.28836034,-0.089115761,0.025595545,-0.031760108
12.44,77,45,0.20760691,0.20134147,-0.145,0.068067841,-0.29228036,-0.09123181,0.025399155,-0.032916328
12.45,81,45,0.2144137,0.20196888,-0.556,-0.01701696,-0.29542043,-0.092926839,0.023663783,-0.034631528
12.46,72,45,0.19909843,0.20240764,-0.104,-0.1701696,-0.29908872,-0.094907005,0.02021659,-0.037345208
12.47,72,45,0.19909843,0.20259887,-0.663,-0.23823744,-0.3030684,-0.097055258,0.014941719,-0.04105677
12.48,77,40,0.19909843,0.20248968,-0.175,-0.15315264,-0.30619296,-0.098741916,0.0081536363,-0.04529414
12.49,77,40,0.19909843,0.20208176,-0.49,0.085084801,-0.30701537,-0.099185856,0.0008734258,-0.049156215
12.5,72,45,0.19909843,0.20147501,-0.368,0.1701696,-0.3048464,-0.098015037,-0.0057123905,-0.051863714
12.51,72,45,0.19909843,0.20087029,-0.248,0.085084801,-0.29970878,-0.095241717,-0.010789671,-0.053015694
12.52,77,45,0.20760691,0.20045377,0.324,-0.22122048,-0.2927889,-0.091506322,-0.013899228,-0.052702775
12.53,77,45,0.20760691,0.20024121,-0.347,-0.22122048,-0.28455733,-0.087062873,-0.015231132,-0.051147003
12.54,72,45,0.19909843,0.200191,0.098,0,-0.27601812,-0.082453359,-0.015709968,-0.049081664
12.55,68,36,0.17697639,0.20020042,0,-0.085084801,-0.26836928,-0.078324465,-0.016111778,-0.047218121
12.56,72,45,0.19909843,0.20017798,-0.274,-0.085084801,-0.26206216,-0.074919844,-0.016735165,-0.045827504
12.57,77,45,0.20760691,0.20012319,-0.644,0.30630528,-0.2569327,-0.072150933,-0.017446396,-0.044798665
12.58,72,45,0.19909843,0.20006547,-0.902,0.39139008,-0.25235098,-0.069677692,-0.018093201,-0.043885447
12.59,72,45,0.19909843,0.20001286,0.127,-0.068067841,-0.2483213,-0.067502445,-0.018647772,-0.043075108
12.6,77,45,0.20760691,0.19994875,-0.349,-0.13613568,-0.24465204,-0.065521756,-0.019525692,-0.042523724
12.61,72,50,0.20760691,0.19983194,-0.309,0.03403392,-0.24140601,-0.063769532,-0.021182486,-0.042476009
12.62,68,45,0.19229165,0.1996309,-0.455,0.01701696,-0.23734257,-0.061576064,-0.023423028,-0.042499546
12.63,68,50,0.20080013,0.19933397,-0.201,-0.068067841,-0.23071474,-0.057998322,-0.025625976,-0.041812149
12.64,68,50,0.20080013,0.19896401,-0.3,-0.15315264,-0.22039361,-0.052426913,-0.027142946,-0.039784929
12.65,72,50,0.20760691,0.19857236,-0.192,-0.2552544,-0.20625076,-0.044792515,-0.028217501,-0.036505008
12.66,68,50,0.20080013,0.19816412,0.4,-0.03403392,-0.18966206,-0.035837838,-0.029034763,-0.032436301
12.67,63,45,0.18378317,0.197717,-0.405,-0.10210176,-0.17170231,-0.02614306,-0.029563622,-0.027853341
12.68,63,45,0.18378317,0.19721817,0.061,-0.23823744,-0.15342181,-0.016275135,-0.029749636,-0.023012385
12.69,72,54,0.2144137,0.19670292,-0.584,0.1701696,-0.13579336,-0.0067591898,-0.029798338,-0.018278764
12.7,63,45,0.18378317,0.19623413,0.115,0.2552544,-0.11992076,0.0018089346,-0.029901291,-0.014046178
12.71,68,50,0.20080013,0.1958707,-0.1,-0.13613568,-0.10653723,0.0090334426,-0.0298389,-0.010402729
12.72,68,50,0.20080013,0.19561912,0.137,-0.068067841,-0.096260398,0.014580939,-0.028939932,-0.0071794965
12.73,68,45,0.19229165,0.19543849,-0.611,0.051050881,-0.089808255,0.018063845,-0.026939714,-0.0044379349
12.74,68,45,0.19229165,0.19523507,-0.313,-0.20420352,-0.087559777,0.019277587,-0.023935454,-0.0023289337
12.75,72,45,0.19909843,0.19497337,0.228,-0.03403392,-0.089105608,0.018443138,-0.019766332,-0.00066159705
12.76,72,40,0.19058995,0.19468333,0.049,0.13613568,-0.093937988,0.01583459,-0.01437793,0.00072832997
12.77,72,40,0.19058995,0.19438433,0.067,0.15315264,-0.10101354,0.012015167,-0.0079337682,0.0020406994
12.78,72,45,0.19909843,0.19409626,-0.211,-0.051050881,-0.10878178,0.0078218212,-0.0005665132,0.003627654
12.79,72,45,0.19909843,0.19386191,0.514,-0.051050881,-0.11623428,0.0037989155,0.0077604034,0.0057796594
12.8,77,45,0.20760691,0.19373613,-0.258,0.085084801,-0.12329227,-1.1026815e-05,0.016755169,0.0083720711
12.81,68,36,0.17697639,0.1937427,0.42,0,-0.13057874,-0.0039443073,0.025781142,0.010918418
12.82,72,45,0.19909843,0.19395009,-0.85,-0.23823744,-0.138057,-0.007981118,0.033825364,0.012922123
12.83,72,45,0.19909843,0.19439313,-0.673,-0.1701696,-0.14512349,-0.011795653,0.040415383,0.014309865
12.84,72,45,0.19909843,0.19507487,-0.337,-0.085084801,-0.15145574,-0.015213835,0.045554575,0.01517037
12.85,68,40,0.18378317,0.19594912,-0.541,-0.068067841,-0.15745769,-0.018453724,0.049153096,0.015349686
12.86,68,40,0.18378317,0.19690513,0.475,0.085084801,-0.16330064,-0.021607784,0.05093733,0.014664773
12.87,68,40,0.18378317,0.19784483,-0.136,0.23823744,-0.16856865,-0.02445149,0.050971571,0.01326004
12.88,77,45,0.20760691,0.19877096,-0.199,0.47647489,-0.1727469,-0.026706931,0.049467476,0.011380273
12.89,72,45,0.19909843,0.19964895,0.07,0.39139008,-0.17490676,-0.027872836,0.046484627,0.0093058954
12.9,72,50,0.20760691,0.20047113,-0.171,0.15315264,-0.17436124,-0.027578364,0.042243876,0.0073327557
12.91,72,50,0.20760691,0.20128601,-0.104,0.085084801,-0.17074054,-0.02562389,0.036414227,0.0053951686
12.92,72,45,0.19909843,0.2021102,-0.509,0.15315264,-0.16434648,-0.022172334,0.028261524,0.0030445952
12.93,72,50,0.20760691,0.20289418,-0.185,1.9539925e-13,-0.15459384,-0.016907803,0.017375632,0.00023391494
12.94,72,50,0.20760691,0.20351544,-0.104,0.085084801,-0.14157696,-0.0098812126,0.0042326214,-0.0028242956
12.95,72,54,0.2144137,0.20381604,-0.095,-0.15315264,-0.12668779,-0.0018439475,-0.010299582,-0.006071765
12.96,68,50,0.20080013,0.20366963,-0.091,-0.37437312,-0.11269122,0.0057114806,-0.025069181,-0.00967885
12.97,72,54,0.2144137,0.20306345,0.14,-0.20420352,-0.10153289,0.011734819,-0.039038143,-0.013651662
12.98,59,45,0.17697639,0.202072,-0.35,-0.15315264,-0.094286202,0.015646622,-0.05140364,-0.017878509
12.99,68,50,0.20080013,0.20080634,-0.199,-0.1701696,-0.091497794,0.017151822,-0.061642361,-0.02224527
13,68,50,0.20080013,0.19932984,-0.209,0.15315264,-0.09291908,0.016384603,-0.069416766,-0.026516082
13.01,63,54,0.19909843,0.19773966,0.104,0.13613568,-0.097761881,0.01377043,-0.073909036,-0.030069303
13.02,63,54,0.19909843,0.19616601,0.364,-0.1701696,-0.10450325,0.010131397,-0.074259141,-0.032063872
13.03,72,50,0.20760691,0.19476262,-0.586,0.01701696,-0.11193208,0.0061212709,-0.070478894,-0.032178812
13.04,63,45,0.18378317,0.19362939,-0.3,-0.22122048,-0.11928061,0.0021544914,-0.063601577,-0.030723543
13.05,68,50,0.20080013,0.19279524,0.243,-0.56155969,-0.1269707,-0.0019966661,-0.05509699,-0.028546828
13.06,68,50,0.20080013,0.1922189,0.099,-0.39139008,-0.1355094,-0.0066059078,-0.045975709,-0.026290809
13.07,63,40,0.17527469,0.19185104,-0.375,-0.085084801,-0.14471136,-0.011573178,-0.036503558,-0.024038368
13.08,63,40,0.17527469,0.19162309,0.08,-0.03403392,-0.154072,-0.016626112,-0.026685992,-0.021656052
13.09,68,36,0.17697639,0.19150526,0.016,0.30630528,-0.16265014,-0.021256641,-0.0165545,-0.01890557
13.1,72,45,0.19909843,0.1915012,-0.341,0.47647489,-0.16999902,-0.025223613,-0.0064488506,-0.015836232
13.11,72,45,0.19909843,0.19162815,-0.298,0.28928832,-0.17591473,-0.028416948,0.0028319151,-0.012792517
13.12,72,50,0.20760691,0.19188446,0.135,-0.01701696,-0.18004026,-0.030643931,0.010911905,-0.0098660127
13.13,72,40,0.19058995,0.19226967,-0.96,-0.15315264,-0.1825466,-0.031996872,0.017760047,-0.0071184121
13.14,72,40,0.19058995,0.19278377,-0.367,-0.085084801,-0.18408837,-0.032829125,0.02358056,-0.0046242827
13.15,68,40,0.18378317,0.19337031,-0.18,0.085084801,-0.18500351,-0.033323126,0.028953298,-0.0021849139
13.16,72,45,0.19909843,0.19399694,0.312,0.1701696,-0.18485897,-0.033245102,0.034117453,0.00043617506
13.17,72,45,0.19909843,0.19456631,-0.477,0.068067841,-0.18292254,-0.032199805,0.038844537,0.0033223662
13.18,77,45,0.20760691,0.19501638,-0.052,-0.085084801,-0.17910897,-0.030141216,0.043235206,0.0065469951
13.19,72,40,0.19058995,0.19533114,-0.096,-0.15315264,-0.17297464,-0.026829871,0.047509361,0.010339745
13.2,72,40,0.19058995,0.19552459,-0.377,-0.085084801,-0.16441882,-0.022211386,0.051880935,0.014834774
13.21,68,40,0.18378317,0.19567541,-0.212,0.085084801,-0.15482524,-0.017032713,0.056412253,0.01968977
13.22,72,45,0.19909843,0.19595957,-0.082,0.2552544,-0.14561911,-0.01206319,0.060363598,0.024150204
13.23,72,45,0.19909843,0.19651138,-0.103,0.23823744,-0.13763013,-0.0077506877,0.062586099,0.027417706
13.24,77,45,0.20760691,0.1973975,0.178,4.3520743e-13,-0.13094453,-0.0041417645,0.062739883,0.029299059
13.25,72,45,0.19909843,0.19860124,0.046,-0.15315264,-0.12614894,-0.0015530754,0.060774299,0.029610612
13.26,72,45,0.19909843,0.19998788,0.025,-0.085084801,-0.12487305,-0.00086433936,0.056200454,0.027668057
13.27,68,40,0.18378317,0.20136667,-0.367,-0.1701696,-0.12837858,-0.0027566462,0.048517905,0.02288063
13.28,77,40,0.19909843,0.20252691,-0.405,0.15315264,-0.13641055,-0.0070923542,0.038094454,0.01550105
13.29,77,40,0.19909843,0.20334222,-0.078,0.39139008,-0.14808744,-0.01339561,0.026238965,0.0064216776
13.3,72,40,0.19058995,0.20380518,-0.179,0.32332224,-0.1624914,-0.021170952,0.01416286,-0.003504046
13.31,81,50,0.22292218,0.2039751,-0.189,0.31087261,-0.17771914,-0.029390977,0.0027647446,-0.013313116
13.321,72,45,0.19909843,0.20386588,-0.255,0.4164858,-0.192947,-0.037611068,-0.0085438204,-0.023077444
13.33,77,50,0.21611539,0.20355742,-0.027,0.19803363,-0.20286199,-0.042963237,-0.016818892,-0.029891064
13.34,72,54,0.2144137,0.20299856,0.251,0.068067841,-0.21051859,-0.04709632,-0.025126625,-0.036111473
13.35,72,54,0.2144137,0.20227298,-0.256,-0.23823744,-0.21466846,-0.049336443,-0.032511983,-0.040924213
13.36,72,54,0.2144137,0.20146134,-0.332,-0.76576321,-0.21637111,-0.050255544,-0.038891439,-0.044573492
13.37,72,54,0.2144137,0.20062985,-0.666,-0.59559361,-0.21642668,-0.050285539,-0.044094157,-0.047189848
13.38,59,45,0.17697639,0.19976827,0.141,-0.44244097,-0.21470805,-0.049357815,-0.04807228,-0.048715047
13.39,59,45,0.17697639,0.1988215,-0.669,-0.44244097,-0.21103445,-0.047374781,-0.050726542,-0.049050661
13.4,68,45,0.19229165,0.1977309,-0.632,-0.15315264,-0.20612155,-0.044722768,-0.051651798,-0.048187283
13.41,68,45,0.19229165,0.19652108,0.182,0.30630528,-0.20069958,-0.041795956,-0.050086783,-0.04594137
13.42,63,50,0.19229165,0.19533656,-0.192,0.39139008,-0.19508093,-0.038762976,-0.045769686,-0.042266331
13.43,63,45,0.18378317,0.19434844,-0.246,0.15315264,-0.18978681,-0.035905178,-0.038503867,-0.037204522
13.44,68,50,0.20080013,0.19369903,-0.592,0,-0.18548412,-0.033582562,-0.028482887,-0.031032725
13.45,72,50,0.20760691,0.19348391,0.05,0.1701696,-0.18298053,-0.032231106,-0.016538774,-0.02438494
13.46,63,50,0.19229165,0.19369613,0.008,0.15315264,-0.18228512,-0.031855723,-0.0039034482,-0.017879586
13.47,63,50,0.19229165,0.19427395,0.279,-0.10210176,-0.18289275,-0.032183724,0.0082960976,-0.011943813
13.48,68,50,0.20080013,0.19510915,-0.113,-0.085084801,-0.18399653,-0.032779551,0.018894086,-0.0069427328
13.49,63,54,0.19909843,0.19605743,-0.181,0,-0.18501896,-0.033331463,0.026844973,-0.0032432449
13.5,63,54,0.19909843,0.19699716,0.145,-0.085084801,-0.1857476,-0.033724791,0.031749242,-0.00098777483
13.51,63,50,0.19229165,0.19778915,-0.365,-0.068067841,-0.18618072,-0.03395859,0.033290955,-0.00033381737
13.52,63,50,0.19229165,0.19833942,-0.328,0.03403392,-0.18641283,-0.034083882,0.031905027,-0.0010894272
13.53,63,50,0.19229165,0.19861495,-0.486,0.1701696,-0.18650612,-0.034134241,0.02866738,-0.0027334305
13.54,68,50,0.20080013,0.1986728,-0.14,0.37437312,-0.18686458,-0.034327739,0.024873777,-0.0047269812
13.55,68,50,0.20080013,0.19863777,0.008,0.13613568,-0.18810158,-0.034995484,0.021824973,-0.0065852551
13.56,68,54,0.20760691,0.19863555,-0.362,-0.10210176,-0.190131,-0.036090977,0.020328651,-0.0078811631
13.57,72,54,0.2144137,0.19871673,-0.106,-0.01701696,-0.19197559,-0.037086696,0.019912311,-0.0085871922
13.58,63,45,0.18378317,0.19886448,-0.626,-0.15315264,-0.19283018,-0.037548011,0.020027538,-0.0087602363
13.59,63,54,0.19909843,0.19907088,-0.212,-0.28928832,-0.19226754,-0.037244294,0.020399572,-0.0084223609
13.6,68,50,0.20080013,0.19931256,-0.197,0.03403392,-0.18995696,-0.035997024,0.020904356,-0.0075463341
13.61,63,50,0.19229165,0.19953716,0.088,0.1701696,-0.18559121,-0.033640367,0.021523381,-0.0060584927
13.62,68,50,0.20080013,0.19975558,-0.413,-0.01701696,-0.18029795,-0.030783038,0.02146894,-0.0046570488
13.63,68,50,0.20080013,0.20000024,-0.341,0.068067841,-0.17519362,-0.028027687,0.020387454,-0.0038201164
13.64,63,54,0.19909843,0.20027516,-0.285,0.068067841,-0.1698924,-0.025166059,0.018504508,-0.0033307755
13.65,63,54,0.19909843,0.20052856,0.378,-0.01701696,-0.16413169,-0.022056392,0.016165632,-0.00294538
13.66,68,50,0.20080013,0.20072153,-0.242,0.085084801,-0.1588906,-0.019227217,0.013779399,-0.0027239095
13.67,63,54,0.19909843,0.20088737,0.19,0.10210176,-0.15568346,-0.017495984,0.011570142,-0.0029629211
13.68,68,50,0.20080013,0.20107631,-0.122,0.01701696,-0.15501123,-0.017133114,0.0095418632,-0.0037956253
13.69,68,54,0.20760691,0.20130355,0.012,0.085084801,-0.15660829,-0.017995213,0.0076611171,-0.005167048
13.7,68,50,0.20080013,0.20155491,-0.236,-2.4336089e-13,-0.15977234,-0.019703187,0.0055562603,-0.0070734633
13.71,68,50,0.20080013,0.20181306,-0.318,-0.085084801,-0.16390511,-0.021934082,0.0023909588,-0.0097715614
13.72,68,54,0.20760691,0.20200702,-0.1,0,-0.16809569,-0.02419618,-0.0021987102,-0.013197445
13.73,63,50,0.19229165,0.20206825,-0.51,-1.7763568e-15,-0.17136638,-0.025961721,-0.0079969377,-0.016979329
13.74,68,54,0.20760691,0.2019655,-0.279,0.15315264,-0.17352809,-0.027128623,-0.014491991,-0.020810307
13.75,68,50,0.20080013,0.2017038,0.073,0,-0.17455445,-0.027682658,-0.020712704,-0.024197681
13.76,68,50,0.20080013,0.20129963,-0.024,-0.30630528,-0.17431755,-0.02755478,-0.025592189,-0.026573485
13.77,72,59,0.22292218,0.20074766,-0.345,-0.15315264,-0.17250093,-0.026574159,-0.028722347,-0.027648253
13.78,59,45,0.17697639,0.20010786,-0.331,0.068067841,-0.1692978,-0.02484509,-0.030103643,-0.027474367
13.79,63,50,0.19229165,0.19947681,-0.244,-0.085084801,-0.16503382,-0.022543369,-0.030262327,-0.026402848
13.8,68,50,0.20080013,0.19888281,-0.385,0,-0.15980942,-0.019723203,-0.029461038,-0.02459212
13.81,68,54,0.20760691,0.1983479,-0.318,0.16044562,-0.15409423,-0.016638109,-0.027701605,-0.022169857
13.821,68,54,0.20760691,0.19785905,0.265,0,-0.14704193,-0.012831236,-0.024743286,-0.018787261
13.83,63,50,0.19229165,0.19756133,0.172,-0.064485323,-0.14042708,-0.0092605021,-0.021864159,-0.01556233
13.84,63,50,0.19229165,0.19733539,-0.425,-0.37437312,-0.13229947,-0.0048731665,-0.018489529,-0.011681348
13.85,68,50,0.20080013,0.19717443,-0.495,-0.23823744,-0.12463379,-0.0007351888,-0.014799443,-0.0077673159
13.86,68,50,0.20080013,0.19705346,0.203,0.13613568,-0.11914866,0.0022257194,-0.010799268,-0.0042867743
13.87,59,45,0.17697639,0.19696717,0.215,-0.01701696,-0.1163987,0.0037101651,-0.0065098544,-0.0013998447
13.88,63,54,0.19909843,0.19691939,-0.039,-0.085084801,-0.11566671,0.004105294,-0.0017791429,0.0011630756
13.89,63,54,0.19909843,0.19692597,-0.088,0.30630528,-0.11614247,0.0038484791,0.0032837417,0.0035661104
13.9,63,50,0.19229165,0.19701529,-0.067,0.39139008,-0.11722929,0.0032618069,0.0083167005,0.0057892537
13.91,68,50,0.20080013,0.19722268,0.008,0.085084801,-0.11838703,0.0026368509,0.012725629,0.0076812402
13.92,68,54,0.20760691,0.19750934,-0.31,-0.15315264,-0.11927741,0.0021562161,0.01618145,0.0091688333
13.93,68,54,0.20760691,0.19784182,-0.243,-0.085084801,-0.11980806,0.0018697726,0.018789093,0.010329433
13.94,63,54,0.19909843,0.19819989,-0.04,0,-0.11981701,0.0018649382,0.020640927,0.011252932
13.95,59,45,0.17697639,0.1985518,-0.252,-0.13613568,-0.11952735,0.0020213017,0.022334797,0.012178049
13.96,68,54,0.20760691,0.19892454,-0.328,-0.13613568,-0.11844848,0.0026036795,0.024177254,0.013390467
13.97,68,50,0.20080013,0.19925317,-0.414,0.085084801,-0.11526494,0.004322172,0.025813884,0.015068028
13.98,68,50,0.20080013,0.19948168,0.255,0.22122048,-0.10938957,0.0074937326,0.027050182,0.017271958
13.99,63,50,0.19229165,0.19961122,-0.042,0.051050881,-0.10117807,0.01192635,0.028093106,0.020009728
14,63,50,0.19229165,0.19970028,-0.271,-0.03403392,-0.090994639,0.017423428,0.029263952,0.02334369
14.01,72,54,0.2144137,0.19984565,0.101,0.13613568,-0.079438544,0.023661477,0.030495745,0.027078611
14.02,63,54,0.19909843,0.20009841,-0.364,0.23823744,-0.067333975,0.030195596,0.031460374,0.030827985
14.03,63,54,0.19909843,0.20046853,-0.162,-0.051050881,-0.055851262,0.036394033,0.031977006,0.03418552
14.04,68,54,0.20760691,0.20095482,-0.158,-0.27227136,-0.046100284,0.04165767,0.032215542,0.036936606
14.05,68,50,0.20080013,0.20153951,0.079,-0.051050881,-0.038858159,0.045567012,0.032067216,0.038817114
14.06,68,50,0.20080013,0.20214766,0.57,0.085084801,-0.035045538,0.047625088,0.031012032,0.03931856
14.07,59,50,0.18548487,0.20270593,-0.047,-0.085084801,-0.035800498,0.047217556,0.029070246,0.038143901
14.08,68,54,0.20760691,0.20314804,-0.116,0.13613568,-0.041732941,0.044015187,0.026528584,0.035271886
14.09,68,54,0.20760691,0.20342237,-0.382,0.28928832,-0.052605894,0.038145902,0.023714667,0.030930285
14.1,63,50,0.19229165,0.20355718,0.248,0.13613568,-0.06832916,0.029658389,0.020886052,0.025272221
14.11,72,59,0.22292218,0.20363186,-0.13,0.068067841,-0.088249857,0.018905077,0.018362849,0.018633963
14.12,63,50,0.19229165,0.20371326,0.058,0.15315264,-0.11178516,0.0062005772,0.01646088,0.011330729
14.13,72,54,0.2144137,0.20381204,0.103,4.3698378e-13,-0.13756399,-0.007714988,0.015116139,0.0037005757
14.14,68,54,0.20760691,0.20390814,-0.395,-0.15315264,-0.16395181,-0.021959292,0.013816464,-0.0040714142
14.15,68,54,0.20760691,0.2040585,0.514,-0.13613568,-0.1900225,-0.036032405,0.012020249,-0.012006078
14.16,68,54,0.20760691,0.20430104,-0.578,-0.20420352,-0.21513669,-0.049589194,0.0091232423,-0.020232976
14.17,63,50,0.19229165,0.20459004,-1.073,-0.068067841,-0.2388642,-0.062397447,0.0048301988,-0.028783624
14.18,68,50,0.20080013,0.20482715,-0.104,-0.068067841,-0.26110471,-0.074403006,-0.00096163839,-0.037682322
14.19,68,50,0.20080013,0.20493513,0.275,0,-0.2818753,-0.085615099,-0.0080439938,-0.046829546
14.2,68,54,0.20760691,0.2048891,-0.704,0.13613568,-0.30060655,-0.095726336,-0.015593756,-0.055660046
14.21,68,50,0.20080013,0.20467025,-0.43,0.13613568,-0.31605056,-0.10406311,-0.022822252,-0.063442681
14.22,63,54,0.19909843,0.20427292,-0.491,0.13613568,-0.32674617,-0.10983666,-0.028811152,-0.069323908
14.23,68,54,0.20760691,0.20374585,-0.45,0.051050881,-0.33167076,-0.11249499,-0.032686211,-0.072590598
14.24,68,54,0.20760691,0.20316471,-0.394,-0.01701696,-0.33081743,-0.11203435,-0.034187218,-0.073110785
14.25,72,54,0.2144137,0.20258935,-0.175,0,-0.32493966,-0.1088615,-0.033638342,-0.07124992
14.26,63,54,0.19909843,0.20206108,0.02,1.7763568e-15,-0.31499153,-0.10349144,-0.032064584,-0.067778011
14.27,63,54,0.19909843,0.20158872,-0.367,-0.068067841,-0.30163433,-0.096281141,-0.029880004,-0.063080572
14.28,63,59,0.20760691,0.20115082,-0.502,-0.20420352,-0.28509016,-0.0873505,-0.027240046,-0.057295273
14.29,63,59,0.20760691,0.20071011,-0.523,-0.27227136,-0.26533972,-0.076689092,-0.024362917,-0.050526005
14.3,68,54,0.20760691,0.20028467,0.437,-0.22122048,-0.2429912,-0.06462523,-0.021272425,-0.042948828
14.31,59,50,0.18548487,0.19986624,-0.605,-0.1701696,-0.21921949,-0.051793116,-0.018229012,-0.035011064
14.32,59,50,0.18548487,0.19945081,0.255,-0.23823744,-0.1958084,-0.039155668,-0.01479898,-0.026977324
14.33,63,54,0.19909843,0.19906131,-0.426,-0.01701696,-0.17450366,-0.027655243,-0.010325913,-0.018990578
14.34,63,54,0.19909843,0.1988013,-0.515,0.27227136,-0.15727113,-0.018353017,-0.0049446637,-0.011648841
14.35,59,54,0.19229165,0.19872811,-0.131,0.22122048,-0.14528335,-0.011881945,0.0011912989,-0.005345323
14.36,63,54,0.19909843,0.19886563,-0.151,0.1701696,-0.13871927,-0.0083386124,0.0073742293,-0.00048219152
14.37,63,54,0.19909843,0.19919366,-0.046,0.15315264,-0.13678293,-0.0072933682,0.013245518,0.0029760749
14.38,63,59,0.20760691,0.19972338,-0.059,0.15315264,-0.13802115,-0.0079617637,0.018084266,0.0050612512
14.39,63,59,0.20760691,0.2004389,0.24,-0.051050881,-0.14212811,-0.010178725,0.021197888,0.0055095815
14.4,63,54,0.19909843,0.20122864,-0.189,-0.13613568,-0.14912345,-0.013954854,0.022381308,0.0042132268
14.41,63,59,0.20760691,0.20198968,0.038,1.7763568e-15,-0.1580084,-0.018751001,0.021352245,0.001300622
14.42,59,50,0.18548487,0.20265918,-0.34,0.085084801,-0.16729998,-0.023766653,0.017965825,-0.0029004141
14.43,68,54,0.20760691,0.20320634,-0.545,2.4158453e-13,-0.1764144,-0.028686673,0.012162202,-0.0082622358
14.44,63,59,0.20760691,0.20358992,0.245,0.051050881,-0.185068,-0.033357935,0.0042850597,-0.014536438
14.45,63,59,0.20760691,0.20369689,-0.168,0.13613568,-0.19330419,-0.037803882,-0.0047036891,-0.021253785
14.46,63,54,0.19909843,0.2034724,-0.035,0.15315264,-0.20139363,-0.042170612,-0.01377917,-0.027974891
14.47,63,54,0.19909843,0.20292181,-0.3,-0.15315264,-0.20905443,-0.046305957,-0.021351889,-0.033828923
14.48,63,59,0.20760691,0.20215783,-0.312,-0.13613568,-0.21535308,-0.049706005,-0.026267845,-0.037986925
14.49,72,59,0.22292218,0.20133112,-0.295,0.03403392,-0.21927306,-0.051822032,-0.028170109,-0.039996071
14.5,54,50,0.17697639,0.20053938,-0.444,-0.051050881,-0.22065102,-0.052565865,-0.02763796,-0.040101912
14.51,68,59,0.21611539,0.19982636,-0.592,-0.28928832,-0.219958,-0.052191768,-0.025347311,-0.03876954
14.52,59,50,0.18548487,0.19921181,-0.424,-0.28928832,-0.21767047,-0.050956948,-0.021397257,-0.036177102
14.53,68,59,0.21611539,0.19871232,-0.209,0.085084801,-0.21340497,-0.048654403,-0.016017302,-0.032335852
14.54,59,50,0.18548487,0.19833294,0.118,0.068067841,-0.20709618,-0.045248883,-0.0097518239,-0.027500353
14.55,59,50,0.18548487,0.19805807,-0.06,-0.1701696,-0.19886426,-0.040805238,-0.0028489945,-0.021827116
14.56,68,59,0.21611539,0.19791254,0.033,-0.23823744,-0.18970895,-0.035863151,0.0043658857,-0.015748633
14.57,63,50,0.19229165,0.19794804,-0.404,0,-0.18099605,-0.031159876,0.011675186,-0.0097423451
14.58,63,50,0.19229165,0.19818623,-0.227,0.068067841,-0.17346713,-0.027095715,0.019017922,-0.0040388966
14.59,59,50,0.18548487,0.19861502,0.006,0.068067841,-0.16760344,-0.023930465,0.026255412,0.0011624737
14.6,59,50,0.18548487,0.19921165,-0.217,0.30630528,-0.16397017,-0.021969202,0.033117713,0.0055742556
14.61,68,63,0.22292218,0.19992794,-0.021,0.45945793,-0.16270206,-0.021284667,0.038933901,0.008824617
14.62,63,50,0.19229165,0.20072753,-0.164,0.30630528,-0.16370157,-0.02182421,0.043532485,0.010854138
14.63,68,63,0.22292218,0.20157175,-0.179,-0.085084801,-0.16709803,-0.023657637,0.047012364,0.011677363
14.64,59,59,0.20080013,0.20244343,-0.173,-0.1701696,-0.1729627,-0.026823421,0.04906513,0.011120854
14.65,59,59,0.20080013,0.20330297,-0.054,1.9539925e-13,-0.18076311,-0.031034131,0.049092269,0.0090290691
14.66,63,54,0.19909843,0.20411206,0.136,1.7763568e-15,-0.18936624,-0.03567815,0.046632966,0.005477408
14.67,63,54,0.19909843,0.20488198,-0.233,0.051050881,-0.19735674,-0.039991472,0.041467829,0.00073817873
14.68,68,59,0.21611539,0.20561019,-0.367,0.15315264,-0.20430833,-0.043743983,0.033749241,-0.0049973709
14.69,63,59,0.20760691,0.20617115,-0.459,0.1701696,-0.20969222,-0.046650241,0.023908359,-0.011370941
14.7,63,54,0.19909843,0.20649727,-0.303,-0.1701696,-0.21302909,-0.048451502,0.012992555,-0.017729473
14.71,68,59,0.21611539,0.20655263,-0.349,-0.1701696,-0.21416356,-0.049063895,0.0018822152,-0.02359084
14.72,63,54,0.19909843,0.20636531,-0.1,0.085084801,-0.21334665,-0.048622923,-0.0083658876,-0.028494405
14.73,63,54,0.19909843,0.20594935,-0.279,-2.4158453e-13,-0.21088652,-0.047294927,-0.017218161,-0.032256544
14.74,59,63,0.20760691,0.20536542,-0.467,-0.068067841,-0.20714103,-0.045273092,-0.024393099,-0.034833096
14.75,59,63,0.20760691,0.20472253,-0.089,0.10210176,-0.20248106,-0.042757609,-0.029137488,-0.035947549
14.76,59,63,0.20760691,0.20408074,-0.146,0.1701696,-0.19658367,-0.039574164,-0.031214244,-0.035394204
14.77,59,59,0.20080013,0.20345472,-0.043,2.4336089e-13,-0.18914547,-0.03555898,-0.030926818,-0.033242899
14.78,59,63,0.20760691,0.20285022,-0.323,-0.1701696,-0.1803066,-0.030787707,-0.029282482,-0.030035094
14.79,68,59,0.21611539,0.20225463,-0.347,-0.10210176,-0.17007149,-0.025262728,-0.026941781,-0.026102255
14.8,63,54,0.19909843,0.20170437,0.149,-0.23823744,-0.15900733,-0.019290233,-0.023834815,-0.021562524
14.81,63,54,0.19909843,0.2012234,-0.224,-0.52752577,-0.1480778,-0.013390405,-0.020107664,-0.016749034
14.82,63,54,0.19909843,0.20085666,0.08,-0.15315264,-0.13788407,-0.0078877703,-0.015501215,-0.011694493
14.83,59,50,0.18548487,0.20061953,0.027,0.1701696,-0.12841163,-0.0027744887,-0.01011786,-0.0064461745
14.84,59,50,0.18548487,0.20049934,0.34,0.03403392,-0.11973465,0.0019093973,-0.0043061007,-0.0011983517
14.85,63,63,0.2144137,0.20045072,-0.418,0.1701696,-0.11324612,0.0054119445,0.0018809313,0.0036464379
14.86,59,59,0.20080013,0.20048239,-0.63,0.37437312,-0.11018863,0.0070623956,0.0082123663,0.007637381
14.87,59,59,0.20080013,0.20065081,-0.446,-6.2883032e-13,-0.11107745,0.0065826072,0.014506057,0.010544332
14.88,59,59,0.20080013,0.20097931,0.33,-0.15315264,-0.11556312,0.0041612139,0.020510237,0.012335725
14.89,59,63,0.20760691,0.20144004,-0.213,0.13613568,-0.12324016,1.7103736e-05,0.026170222,0.013093663
14.9,54,59,0.19229165,0.20206087,-0.23,0.20420352,-0.13329987,-0.0054131913,0.031065259,0.012826034
14.91,59,63,0.20760691,0.20282561,-0.069,-0.01701696,-0.14451377,-0.011466519,0.034299745,0.011416613
14.92,59,63,0.20760691,0.20365868,0.182,4.3343107e-13,-0.15666425,-0.018025424,0.035257463,0.0086160196
14.93,63,63,0.2144137,0.20449853,-0.145,0.15315264,-0.16980094,-0.025116685,0.033526685,0.0042050001
14.94,54,59,0.19229165,0.20528139,-0.406,-0.068067841,-0.18407122,-0.032819869,0.028877173,-0.0019713481
14.95,59,63,0.20760691,0.20593129,0.032,-0.13613568,-0.1992984,-0.041039594,0.021331207,-0.0098541935
14.96,59,63,0.20760691,0.20637132,-0.523,0.085084801,-0.21482293,-0.049419828,0.01127952,-0.019070154
14.97,59,59,0.20080013,0.20655587,-0.145,0.068067841,-0.22911792,-0.057136347,-0.00016960807,-0.028652977
14.98,63,59,0.20760691,0.20649433,0.133,0.068067841,-0.24030404,-0.063174681,-0.011572589,-0.037373635
14.99,63,59,0.20760691,0.20621319,-0.478,0.15315264,-0.24802452,-0.067342241,-0.02186639,-0.044604315
15,63,54,0.19909843,0.20574202,-0.343,-0.068067841,-0.25265233,-0.069840361,-0.030207228,-0.050023794
15.01,68,63,0.22292218,0.20508774,0.064,-0.13613568,-0.25430766,-0.070733921,-0.035848624,-0.053291273
15.02,59,59,0.20080013,0.20427494,-0.151,0.1701696,-0.25331201,-0.070196461,-0.038967144,-0.054581802
15.03,59,59,0.20080013,0.2033549,-0.745,-0.068067841,-0.24990174,-0.068355581,-0.040027265,-0.054191423
15.04,59,59,0.20080013,0.20241965,-0.901,-0.39139008,-0.24512733,-0.065778321,-0.039013984,-0.052396152
15.05,68,63,0.22292218,0.2015172,0.352,-0.01701696,-0.23955292,-0.062769222,-0.035790297,-0.04927976
15.06,59,54,0.19229165,0.20070523,-0.347,-0.01701696,-0.23359982,-0.059555704,-0.030669857,-0.04511278
15.07,59,54,0.19229165,0.20002598,-0.244,-0.39139008,-0.22772275,-0.056383228,-0.024057529,-0.040220379
15.08,63,59,0.20760691,0.19951293,-0.504,-0.30630528,-0.2232433,-0.053965191,-0.016405629,-0.03518541
15.09,59,54,0.19229165,0.19918204,0.289,1.7763568e-15,-0.22073899,-0.052613352,-0.0084934092,-0.030553381
15.1,59,54,0.19229165,0.19905839,-0.273,-0.068067841,-0.21941678,-0.051899612,-0.00081612093,-0.026357866
15.11,54,59,0.19229165,0.19916756,-1.021,0.01701696,-0.21831575,-0.05130527,0.0063770864,-0.022464092
15.12,54,59,0.19229165,0.19950704,0.208,0.1701696,-0.21712444,-0.050662198,0.013003019,-0.018829589
15.13,59,59,0.20080013,0.20001564,-0.012,0.1701696,-0.21539131,-0.049726642,0.018895551,-0.015415545
15.14,59,59,0.20080013,0.20069799,0.216,0.39139008,-0.21239641,-0.048109975,0.023491314,-0.012309331
15.15,59,59,0.20080013,0.20155077,0.257,0.30630528,-0.2081438,-0.045814392,0.026077992,-0.0098681996
15.16,59,59,0.20080013,0.20249204,0.091,0,-0.20312015,-0.043102593,0.02628791,-0.0084073417
15.17,68,63,0.22292218,0.20340237,-0.598,0,-0.19788126,-0.040274613,0.024362604,-0.0079560045
15.18,59,59,0.20080013,0.20415483,-0.898,0.22122048,-0.19284577,-0.037556426,0.020896192,-0.0083301172
15.19,59,59,0.20080013,0.20464735,0.237,0,-0.18885054,-0.035399775,0.01662459,-0.0093875926
15.2,59,59,0.20080013,0.20492692,0.154,-0.15315264,-0.1863539,-0.034052072,0.011670703,-0.011190685
15.21,68,63,0.22292218,0.20506306,-0.893,0.13613568,-0.18514475,-0.033399369,0.0051807631,-0.014109303
15.22,59,59,0.20080013,0.20507885,-0.369,0.051050881,-0.18483454,-0.033231916,-0.0035980766,-0.018414996
15.23,59,63,0.20760691,0.20493277,-0.778,-0.2552544,-0.18524293,-0.033452365,-0.014214702,-0.023833534
15.24,54,68,0.20760691,0.20457805,0.087,-0.2552544,-0.18554463,-0.033615224,-0.025035175,-0.0293252
15.25,54,63,0.19909843,0.20395643,-0.437,-0.10210176,-0.18505735,-0.033352186,-0.034603331,-0.033977758
15.26,54,63,0.19909843,0.20312216,0.153,2.4158453e-13,-0.1841155,-0.03284377,-0.042312338,-0.037578054
15.27,54,63,0.19909843,0.20217833,-0.003,-0.068067841,-0.18333656,-0.032423296,-0.047479669,-0.039951483
15.28,54,63,0.19909843,0.20123254,0.578,-0.30630528,-0.18274703,-0.032105062,-0.050133464,-0.041119263
15.29,59,68,0.21611539,0.20034549,-0.176,-0.13613568,-0.18274544,-0.032104203,-0.050451774,-0.041277989
15.3,54,54,0.18378317,0.19957777,-0.713,0.10210176,-0.18404192,-0.032804054,-0.049097673,-0.040950864
15.31,54,54,0.18378317,0.19894604,0.009,0.015469964,-0.18709144,-0.034450199,-0.0467146,-0.0405824
15.321,59,59,0.20080013,0.19839194,-0.024,0.40875082,-0.19218355,-0.037198952,-0.04320557,-0.040202261
15.33,59,63,0.20760691,0.19802694,-0.243,0.47388751,-0.19796125,-0.040317789,-0.039811756,-0.040064773
15.34,59,63,0.20760691,0.19768711,-0.61,-0.22122048,-0.20679359,-0.045085541,-0.035683369,-0.040384455
15.35,63,68,0.22292218,0.19740114,0.248,-0.54454273,-0.21786333,-0.051061055,-0.031232665,-0.04114686
15.36,50,59,0.18548487,0.19718507,-0.158,-0.39139008,-0.23032969,-0.05779047,-0.026338083,-0.042064277
15.37,50,54,0.17697639,0.19700284,-0.413,-0.23823744,-0.2428909,-0.064571086,-0.02124586,-0.042908473
15.38,50,54,0.17697639,0.19680102,-0.432,0.22122048,-0.25450305,-0.070839396,-0.01621798,-0.043528688
15.39,54,63,0.19909843,0.19658244,-0.231,0.37437312,-0.26445088,-0.076209291,-0.011493002,-0.043851147
15.4,59,63,0.20760691,0.19639651,-0.097,0.30630528,-0.2727711,-0.080700597,-0.0069018757,-0.043801236
15.41,63,68,0.22292218,0.19626337,-0.243,0.15315264,-0.27968334,-0.084431867,-0.0024295346,-0.043430701
15.42,50,54,0.17697639,0.19619181,-0.922,-0.15315264,-0.28409398,-0.086812754,0.0021160619,-0.042348346
15.43,59,63,0.20760691,0.19619909,0.055,-0.39139008,-0.28471661,-0.087148853,0.0068311534,-0.04015885
15.44,54,54,0.18378317,0.19628692,-0.4,-0.23823744,-0.28156975,-0.08545016,0.011648536,-0.036900812
15.45,59,63,0.20760691,0.19643545,-0.545,0.085084801,-0.27585482,-0.082365206,0.016667371,-0.032848918
15.46,54,54,0.18378317,0.19666389,-0.434,0.085084801,-0.26964242,-0.079011716,0.021762182,-0.028624767
15.47,54,59,0.19229165,0.19702646,-0.3,0.068067841,-0.26429058,-0.076122758,0.026537248,-0.024792755
15.48,59,59,0.20080013,0.19755392,0.01,0.085084801,-0.26007511,-0.073847225,0.030682026,-0.0215826
15.49,54,63,0.19909843,0.19814483,-0.119,0.23823744,-0.25621997,-0.071766197,0.033721092,-0.019022552
15.5,54,63,0.19909843,0.19870393,0.06,0.068067841,-0.2522114,-0.069602347,0.034885838,-0.017358254
15.51,59,59,0.20080013,0.19915456,-0.063,0.085084801,-0.24781141,-0.067227206,0.034469854,-0.016378676
15.52,54,63,0.19909843,0.19949394,-0.106,0.01701696,-0.24321605,-0.064746604,0.033433282,-0.015656661
15.53,59,59,0.20080013,0.19979265,-0.282,-0.068067841,-0.23885068,-0.062390152,0.032903782,-0.014743185
15.54,59,63,0.20760691,0.20016032,-0.395,0.01701696,-0.23519213,-0.060415243,0.033735073,-0.013340085
15.55,54,59,0.19229165,0.20061856,-0.326,0.085084801,-0.23278317,-0.059114871,0.035496205,-0.011809333
15.56,59,59,0.20080013,0.20110776,-0.284,-1.936229e-13,-0.23204631,-0.05871711,0.036984172,-0.010866469
15.57,59,59,0.20080013,0.20153644,-0.559,0.01701696,-0.23334323,-0.059417197,0.037300205,-0.011058496
15.58,59,63,0.20760691,0.20186974,0.001,0.22122048,-0.23560694,-0.06063916,0.036400493,-0.012119334
15.59,59,59,0.20080013,0.20215199,-0.271,0.13613568,-0.23780052,-0.061823265,0.034723576,-0.013549844
15.6,59,59,0.20080013,0.20245505,-0.343,-0.15315264,-0.24012941,-0.063080417,0.032737471,-0.015171473
15.61,63,63,0.2144137,0.20277154,-0.01,-0.23823744,-0.24305243,-0.06465828,0.030352909,-0.017152685
15.62,59,59,0.20080013,0.20308533,-0.2,0.13613568,-0.24591387,-0.0662029,0.028021762,-0.019090569
15.63,59,54,0.19229165,0.20337824,-0.532,-0.085084801,-0.24815622,-0.067413335,0.025969789,-0.020721773
15.64,59,54,0.19229165,0.20367324,-0.626,-0.1701696,-0.24973585,-0.06826603,0.024286833,-0.021989598
15.65,68,63,0.22292218,0.20396678,-0.119,0.28928832,-0.25069756,-0.068785167,0.02256335,-0.023110909
15.66,54,54,0.18378317,0.20426169,0.153,0.30630528,-0.25040936,-0.068629595,0.020332386,-0.024148605
15.67,63,63,0.2144137,0.20459522,0.152,-4.3165471e-13,-0.24907504,-0.067909323,0.017002224,-0.02545355
15.68,59,63,0.20760691,0.20498186,-0.537,0.085084801,-0.24765776,-0.067144263,0.012051761,-0.027546251
15.69,59,63,0.20760691,0.20536971,-0.691,0.10210176,-0.2473969,-0.067003449,0.0055101454,-0.030746652
15.7,59,63,0.20760691,0.20567242,-0.12,-0.13613568,-0.24918006,-0.06796601,-0.0020584826,-0.035012246
15.71,63,59,0.20760691,0.20580387,0.233,0,-0.25329906,-0.070189471,-0.0097700437,-0.039979757
15.72,59,59,0.20080013,0.20575421,-0.295,-0.068067841,-0.25926641,-0.073410686,-0.017122969,-0.045266827
15.73,63,59,0.20760691,0.20554904,-0.689,-0.13613568,-0.26586749,-0.076973984,-0.023918705,-0.050446344
15.74,63,59,0.20760691,0.20517931,-0.035,-0.068067841,-0.27178568,-0.080168658,-0.030167573,-0.055168116
15.75,59,59,0.20080013,0.20463833,0.02,0.068067841,-0.27604186,-0.082466169,-0.035735336,-0.059100753
15.76,59,59,0.20080013,0.20394355,-0.435,0.068067841,-0.27811628,-0.083585957,-0.040423698,-0.062004827
15.77,59,59,0.20080013,0.2031527,-0.022,-1.7763568e-15,-0.27781699,-0.083424398,-0.044155282,-0.06378984
15.78,63,63,0.2144137,0.20232657,-0.648,-1.7763568e-15,-0.27518374,-0.082002952,-0.047026504,-0.064514728
15.79,63,59,0.20760691,0.20152865,-0.758,0,-0.26998548,-0.079196902,-0.04905082,-0.064123861
15.8,59,59,0.20080013,0.20082165,-0.094,-0.30630528,-0.26232776,-0.075063219,-0.050017329,-0.062540274
15.81,59,59,0.20080013,0.20019854,0.2,-0.54454273,-0.25174434,-0.069350226,-0.049817814,-0.05958402
15.82,59,59,0.20080013,0.19959359,-0.758,-0.2552544,-0.23779691,-0.061821321,-0.048388767,-0.055105044
15.83,54,54,0.18378317,0.19895763,-0.094,-0.01701696,-0.22057487,-0.052524759,-0.04548765,-0.049006204
15.84,54,54,0.18378317,0.19831397,-0.034,0.13613568,-0.20060164,-0.041743088,-0.040777406,-0.041260247
15.85,54,63,0.19909843,0.19768607,-0.314,0.22122048,-0.17883231,-0.029991874,-0.034804341,-0.032398108
15.86,59,59,0.20080013,0.1971196,-0.441,0.1701696,-0.15676918,-0.018082064,-0.027675966,-0.022879015
15.87,63,63,0.2144137,0.19666074,-0.061,0.10210176,-0.13577918,-0.0067515364,-0.019423629,-0.013087582
15.88,54,59,0.19229165,0.19634775,-0.205,0.01701696,-0.11656635,0.0036196623,-0.010190234,-0.0032852858
15.89,54,59,0.19229165,0.19621429,0.025,-0.13613568,-0.099268255,0.01295728,-0.00026171015,0.0063477849
15.9,59,59,0.20080013,0.19629343,-0.021,-0.13613568,-0.083565577,0.02143368,0.0097885085,0.015611094
15.91,59,59,0.20080013,0.19659307,0.27,0,-0.070071129,0.028718064,0.019206284,0.023962174
15.92,59,59,0.20080013,0.19710169,-0.029,-0.085084801,-0.060412994,0.033931583,0.027382683,0.030657133
15.93,54,59,0.19229165,0.19777602,-0.181,-0.1701696,-0.055308234,0.036687163,0.03380457,0.035245866
15.94,54,59,0.19229165,0.1985274,-0.125,-0.085084801,-0.053964646,0.03741244,0.03804178,0.03772711
15.95,54,59,0.19229165,0.19924991,0.072,0.15315264,-0.055577017,0.036542072,0.04003,0.038286036
15.96,54,59,0.19229165,0.19988133,0.076,0.30630528,-0.060106465,0.034097049,0.040031957,0.037064503
15.97,59,59,0.20080013,0.2004255,-0.119,0.30630528,-0.067711176,0.029991981,0.038757326,0.034374653
15.98,59,63,0.20760691,0.20090523,0.281,0.15315264,-0.078740898,0.02403807,0.037029929,0.030533999
15.99,59,63,0.20760691,0.20135547,-0.478,0.068067841,-0.093745175,0.015938672,0.035462868,0.02570077
16,59,63,0.20760691,0.20183124,0.103,0.068067841,-0.11228634,0.0059300422,0.034286367,0.020108205
16.01,54,59,0.19229165,0.20236409,-0.237,0,-0.13380526,-0.0056860003,0.033262863,0.013788432
16.02,59,63,0.20760691,0.20290469,-0.46,1.7763568e-15,-0.15780967,-0.018643728,0.031719697,0.0065379846
16.03,59,63,0.20760691,0.20336479,-0.346,0.085084801,-0.18282696,-0.03214821,0.029220527,-0.0014638416
16.04,59,63,0.20760691,0.20371899,0.076,0.01701696,-0.2069565,-0.045173479,0.025520577,-0.0098264513
16.05,63,59,0.20760691,0.20396336,-0.255,-0.13613568,-0.22901767,-0.05708223,0.020804006,-0.018139112
16.06,59,59,0.20080013,0.20409827,-0.228,-0.13613568,-0.24775702,-0.067197844,0.015699641,-0.025749101
16.07,59,59,0.20080013,0.20409217,-0.352,-0.13613568,-0.26216303,-0.074974298,0.010610173,-0.032182062
16.08,59,59,0.20080013,0.20392707,-0.165,0,-0.27177451,-0.080162632,0.0059685707,-0.03709703
16.09,59,59,0.20080013,0.20363882,0.05,0.068067841,-0.27660473,-0.082770013,0.0024199249,-0.040175044
16.1,59,59,0.20080013,0.20330591,-0.613,0,-0.27674599,-0.082846264,0.00050738081,-0.041169442
16.11,63,59,0.20760691,0.20302335,-0.59,0.068067841,-0.27290113,-0.080770785,0.00037094864,-0.040199918
16.12,59,59,0.20080013,0.20285491,0.252,0.13613568,-0.26562973,-0.07684564,0.0016956759,-0.037574982
16.13,59,59,0.20080013,0.20283939,0.068,1.936229e-13,-0.25502693,-0.071122189,0.0037113099,-0.03370544
16.14,63,59,0.20760691,0.20296054,-0.683,-0.068067841,-0.24132961,-0.063728293,0.005682636,-0.029022828
16.15,63,59,0.20760691,0.20318701,-0.896,0,-0.22567263,-0.055276558,0.0068410851,-0.024217736
16.16,59,59,0.20080013,0.20347838,-0.553,0.068067841,-0.20968475,-0.046646206,0.0068575946,-0.019894306
16.17,59,59,0.20080013,0.20379875,-0.037,-0.085084801,-0.19444943,-0.03842209,0.0058170176,-0.016302536
16.18,59,59,0.20080013,0.20409904,0.043,-0.15315264,-0.18037539,-0.030824837,0.0040914549,-0.013366691
16.19,63,63,0.2144137,0.20431059,0.395,0.068067841,-0.16766639,-0.023964444,0.0021921173,-0.010886163
16.2,54,59,0.19229165,0.20442511,-0.224,0.13613568,-0.15628045,-0.017818246,-0.00031684973,-0.0090675476
16.21,59,59,0.20080013,0.20448347,-0.345,1.936229e-13,-0.14615529,-0.012352623,-0.0039633,-0.0081579613
16.22,63,59,0.20760691,0.20451991,0.081,0.085084801,-0.1380873,-0.0079974742,-0.0089728518,-0.008485163
16.23,59,63,0.20760691,0.20453035,-0.04,0.22122048,-0.13241684,-0.0049365272,-0.015073318,-0.010004923
16.24,59,63,0.20760691,0.20450843,-0.144,1.936229e-13,-0.12909115,-0.0031412959,-0.021983202,-0.012562249
16.25,63,59,0.20760691,0.2044042,-0.083,-0.068067841,-0.12755338,-0.0023112007,-0.02922365,-0.015767425
16.26,63,59,0.20760691,0.2041558,-0.067,-0.15315264,-0.12626982,-0.0016183248,-0.036151669,-0.018884997
16.27,59,59,0.20080013,0.20370894,0.054,-0.15315264,-0.12373063,-0.0002476567,-0.042012193,-0.021129925
16.28,59,63,0.20760691,0.20305948,-0.219,-0.15315264,-0.1203536,0.0015752825,-0.046346594,-0.022385656
16.29,59,54,0.19229165,0.20229604,-0.126,-0.15315264,-0.11771981,0.0029970199,-0.04957012,-0.02328655
16.3,63,59,0.20760691,0.20151208,-0.328,-0.068067841,-0.11703026,0.0033692425,-0.052289825,-0.024460291
16.31,54,59,0.19229165,0.20071244,-0.003,0.0023573278,-0.11844205,0.0026071507,-0.054593029,-0.025992939
16.321,59,59,0.20080013,0.19979586,-0.063,0.2568014,-0.12243368,0.00045244488,-0.056301617,-0.027924586
16.33,59,59,0.20080013,0.19906002,-0.467,0.098519243,-0.12748386,-0.00227367,-0.056985777,-0.029629724
16.34,59,59,0.20080013,0.19827935,-0.365,-0.2552544,-0.13469215,-0.0061647522,-0.056725141,-0.031444947
16.35,63,68,0.22292218,0.19753394,-0.169,-0.3403392,-0.14158951,-0.0098879872,-0.055151207,-0.032519597
16.36,54,54,0.18378317,0.19682065,0.04,-0.1701696,-0.14610501,-0.012325482,-0.052095135,-0.032210309
16.37,54,54,0.18378317,0.19614985,-0.205,-0.39139008,-0.14765009,-0.013159526,-0.047438398,-0.030298962
16.38,54,54,0.18378317,0.1955474,-0.242,-0.22122048,-0.14715615,-0.012892892,-0.041070652,-0.026981772
16.39,59,59,0.20080013,0.19499439,-0.028,0.3403392,-0.14591756,-0.012224294,-0.033194724,-0.022709509
16.4,54,54,0.18378317,0.19452164,-0.206,0.40840704,-0.14436252,-0.011384873,-0.02445136,-0.017918117
16.41,59,59,0.20080013,0.19418454,-0.151,0.30630528,-0.1421759,-0.010204522,-0.015523277,-0.0128639
16.42,59,59,0.20080013,0.1940178,0.44,-1.936229e-13,-0.13906357,-0.0085244703,-0.0069020068,-0.0077132386
16.43,59,63,0.20760691,0.19402818,0.325,-0.30630528,-0.13509138,-0.0063802584,0.0011600061,-0.0026101261
16.44,59,63,0.20760691,0.19418379,0.034,-0.23823744,-0.13072516,-0.0040233484,0.0088491994,0.0024129255
16.45,54,50,0.17697639,0.19444058,-0.235,0,-0.12626717,-0.0016168988,0.016559589,0.0074713451
16.46,54,50,0.17697639,0.19482694,-0.863,-0.30630528,-0.12227372,0.00053878983,0.023774134,0.012156462
16.47,59,59,0.20080013,0.19539233,-0.958,-0.068067841,-0.11968273,0.0019374252,0.029511864,0.015724645
16.48,63,59,0.20760691,0.19609711,0.026,0.47647489,-0.1188083,0.0024094448,0.033081687,0.017745566
16.49,50,54,0.17697639,0.19686214,0.304,0.23823744,-0.11922084,0.002186756,0.034364122,0.018275439
16.5,59,59,0.20080013,0.19758027,0.03,-0.068067841,-0.11975786,0.0018968698,0.033341402,0.017619136
16.51,59,59,0.20080013,0.19818661,-0.483,0.15315264,-0.11998864,0.0017722919,0.030205025,0.015988659
16.52,59,59,0.20080013,0.19866192,0.397,0.37437312,-0.12017773,0.0016702185,0.025498007,0.013584113
16.53,59,59,0.20080013,0.19901913,-0.503,0.068067841,-0.12064749,0.0014166398,0.020288389,0.010852514
16.54,63,54,0.19909843,0.19930816,0.572,-0.1701696,-0.1205979,0.001443412,0.015949468,0.0086964402
16.55,68,59,0.21611539,0.1995314,-0.278,-0.10210176,-0.11879503,0.0024166093,0.012799968,0.0076082885
16.56,59,54,0.19229165,0.19968537,-0.3,-0.01701696,-0.11544687,0.0042239647,0.010309964,0.0072669643
16.57,59,54,0.19229165,0.19974577,-0.411,-0.085084801,-0.11054671,0.0068691025,0.0079622451,0.0074156738
16.58,63,54,0.19909843,0.19968425,-0.069,0.22122048,-0.10288695,0.011003885,0.005658105,0.0083309951
16.59,63,54,0.19909843,0.19947112,0.257,0.23823744,-0.091291662,0.017263093,0.0032073521,0.010235223
16.6,63,59,0.20760691,0.19911759,0.03,-0.28928832,-0.076301535,0.025354853,0.0009090119,0.013131933
16.61,68,63,0.22292218,0.19867553,-0.284,-0.22122048,-0.059907485,0.03420446,-0.00046995366,0.016867253
16.62,59,50,0.18548487,0.19826893,0.232,-0.085084801,-0.043722068,0.042941445,-0.00040265178,0.021269397
16.63,59,45,0.17697639,0.1979936,-0.306,-0.32332224,-0.029219139,0.050770213,0.0012307101,0.026000462
16.64,63,54,0.19909843,0.19786269,-0.098,-0.1701696,-0.017794763,0.056937159,0.0036993376,0.030318248
16.65,63,54,0.19909843,0.19789222,-0.158,0.22122048,-0.0091571113,0.061599816,0.0059157048,0.03375776
16.66,63,54,0.19909843,0.19811672,-0.171,0.1701696,-0.0013175705,0.065831647,0.007358458,0.036595052
16.67,59,54,0.19229165,0.19850252,0.307,0.10210176,0.0078469961,0.070778735,0.0080522462,0.039415491
16.68,59,54,0.19229165,0.19893539,-0.088,0.1701696,0.018181253,0.076357228,0.0078579479,0.042107588
16.69,59,59,0.20080013,0.19936503,0.113,0.085084801,0.02804129,0.081679736,0.0066761431,0.044177939
16.7,63,59,0.20760691,0.19975243,-0.559,0.068067841,0.036489897,0.086240344,0.0046739911,0.045457168
16.71,63,59,0.20760691,0.20005812,0.074,0.13613568,0.043725255,0.090146034,0.0021151662,0.0461306
16.72,59,54,0.19229165,0.20025232,0.423,0,0.049920856,0.093490456,-0.00069458378,0.046397936
16.73,63,54,0.19909843,0.20033155,0.675,-0.13613568,0.054636665,0.096036078,-0.0034228785,0.0463066
16.74,59,63,0.20760691,0.20032366,0.151,0.15315264,0.057927517,0.0978125,-0.0057002653,0.046056118
16.75,59,59,0.20080013,0.2002151,-0.373,0.15315264,0.060640451,0.099276958,-0.0077376193,0.04576967
16.76,59,59,0.20080013,0.19996799,0.785,-0.13613568,0.062601385,0.10033548,-0.009851097,0.045242193
16.77,63,63,0.2144137,0.1995564,0.312,-0.068067841,0.063875924,0.10102349,-0.011945164,0.044539161
16.78,59,54,0.19229165,0.19900214,-0.583,-0.1701696,0.063638613,0.10089538,-0.013653443,0.04362097
16.79,59,59,0.20080013,0.19838274,-0.629,-0.47647489,0.06050793,0.099205423,-0.014128679,0.042538372
16.8,59,59,0.20080013,0.19782409,-0.119,-0.22122048,0.053208206,0.095264988,-0.012657491,0.041303748
16.81,54,54,0.18378317,0.19737023,0.504,0.15315264,0.041507,0.088948607,-0.0095236376,0.039712485
16.82,54,54,0.18378317,0.19700367,-0.286,-0.10210176,0.026070886,0.0806161,-0.0051704444,0.037722828
16.83,59,59,0.20080013,0.19674907,-0.215,-0.01701696,0.0078651023,0.070788509,0.00039534062,0.035591925
16.84,63,59,0.20760691,0.19665547,0.643,0.30630528,-0.011956074,0.060088919,0.0071148855,0.033601902
16.85,54,54,0.18378317,0.19674065,0.386,0.15315264,-0.032164776,0.04918014,0.014829255,0.032004698
16.86,63,54,0.19909843,0.19700668,-0.264,-0.085084801,-0.051666023,0.03865325,0.022882936,0.030768093
16.87,63,54,0.19909843,0.19745385,-0.832,0.085084801,-0.068921886,0.029338432,0.03041898,0.029878706
16.88,59,59,0.20080013,0.19810109,0.546,0.18718656,-0.082993415,0.021742536,0.036632543,0.02918754
16.89,63,54,0.19909843,0.19895457,0.374,0.01701696,-0.093195217,0.016235542,0.040958777,0.02859716
16.9,59,59,0.20080013,0.19995806,-0.515,0.068067841,-0.099322621,0.012927933,0.043057579,0.027992756
16.91,59,59,0.20080013,0.20099234,-0.304,0.068067841,-0.1026224,0.011146693,0.042580119,0.026863406
16.92,63,54,0.19909843,0.20194241,0.097,0.068067841,-0.10466027,0.010046636,0.03950358,0.024775108
16.93,63,59,0.20760691,0.2027216,0.37,0.068067841,-0.1075972,0.0084612642,0.034232372,0.021346818
16.94,63,54,0.19909843,0.20325577,-0.456,0.01701696,-0.11238655,0.0058759438,0.027417345,0.016646644
16.95,63,59,0.20760691,0.20353013,-0.804,0.01701696,-0.11873136,0.0024509783,0.019792273,0.011121626
16.96,59,59,0.20080013,0.20359476,0.037,0.085084801,-0.12571569,-0.0013192038,0.012179484,0.0054301402
16.97,59,59,0.20080013,0.20349218,-0.236,0.01701696,-0.13241008,-0.0049328737,0.0050862583,7.6692328e-05
16.98,63,59,0.20760691,0.20326291,-0.205,0.068067841,-0.13808301,-0.0079951599,-0.00078407855,-0.0043896192
16.99,63,59,0.20760691,0.20295148,-0.21,0.13613568,-0.14102365,-0.0095825328,-0.0049583742,-0.0072704535
17,59,59,0.20080013,0.2026207,0.049,-0.068067841,-0.14049827,-0.0092989319,-0.0081878415,-0.0087433867
17.01,63,63,0.2144137,0.20234148,-0.069,-0.22122048,-0.1378912,-0.0078916182,-0.011711443,-0.0098015306
17.02,59,59,0.20080013,0.20216972,0.043,-0.23823744,-0.13495985,-0.0063092551,-0.016191862,-0.011250558
17.03,59,59,0.20080013,0.20207208,-0.039,-0.22122048,-0.13277538,-0.0051300678,-0.021446105,-0.013288086
17.04,59,54,0.19229165,0.20194132,-0.176,-0.13613568,-0.13122262,-0.0042918794,-0.027182917,-0.015737398
17.05,59,54,0.19229165,0.20169638,0.271,-0.01701696,-0.13031509,-0.0038019902,-0.032735528,-0.018268759
17.06,59,59,0.20080013,0.20130763,0.057,0.051050881,-0.12985155,-0.003551766,-0.037383249,-0.020467507
17.07,59,59,0.20080013,0.20079633,-0.739,0.22122048,-0.12858155,-0.0028662139,-0.04069487,-0.021780542
17.08,63,54,0.19909843,0.20019281,-0.069,0.13613568,-0.12595269,-0.0014471364,-0.042374276,-0.021910706
17.09,63,54,0.19909843,0.19953616,-0.301,-0.03403392,-0.12320688,3.5064607e-05,-0.042260506,-0.021112721
17.1,63,59,0.20760691,0.19887079,-0.37,-0.01701696,-0.12200802,0.00068222117,-0.040392286,-0.019855032
17.11,63,54,0.19909843,0.19823704,0.358,0.085084801,-0.12191545,0.00073218964,-0.036931955,-0.018099883
17.12,63,54,0.19909843,0.19766938,-0.323,0.15315264,-0.12175565,0.00081844918,-0.031986862,-0.015584206
17.13,63,54,0.19909843,0.19719508,0.224,-0.068067841,-0.12145708,0.00097961865,-0.025972533,-0.012496457
17.14,63,59,0.20760691,0.19684717,-0.227,-0.35735616,-0.12066498,0.0014071972,-0.019515948,-0.0090543756
17.15,63,63,0.2144137,0.19665254,-0.256,-0.44244097,-0.11796251,0.002866008,-0.013725241,-0.0054296162
17.16,59,50,0.18548487,0.19659299,-0.055,-0.28928832,-0.11237505,0.005882156,-0.0095459207,-0.0018318823
17.17,54,50,0.17697639,0.19659016,-0.423,-0.22122048,-0.10455746,0.010102137,-0.0069470508,0.0015775433
17.18,54,50,0.17697639,0.19657255,-0.047,-0.01701696,-0.09573824,0.014862803,-0.0053831284,0.0047398375
17.19,59,59,0.20080013,0.19651665,-0.3,0.37437312,-0.086233873,0.019993318,-0.0041829579,0.00790518
17.2,63,54,0.19909843,0.19647637,-0.243,0.39139008,-0.076662133,0.0251602,-0.0026708556,0.011244672
17.21,63,54,0.19909843,0.19650289,0.372,0.15315264,-0.068001095,0.029835481,-0.00049420658,0.014670637
17.22,59,59,0.20080013,0.19663286,0,0.01701696,-0.06084508,0.03369834,0.0023068084,0.018002574
17.23,59,54,0.19229165,0.19684834,0.407,0.03403392,-0.055403643,0.036635661,0.0055690255,0.021102343
17.24,59,59,0.20080013,0.19712257,-0.138,0.01701696,-0.051303421,0.038848985,0.0089963654,0.023922675
17.25,59,59,0.20080013,0.19744381,-0.252,0.15315264,-0.048033257,0.040614239,0.012312282,0.026463261
17.26,59,59,0.20080013,0.19780522,0.056,0.15315264,-0.045316279,0.04208088,0.015047134,0.028564007
17.27,59,59,0.20080013,0.19821046,-0.389,0,-0.04307822,0.043288998,0.016287839,0.029788418
17.28,63,59,0.20760691,0.19863503,-0.279,-0.1701696,-0.041520237,0.044130006,0.015264094,0.02969705
17.29,59,59,0.20080013,0.19900343,0.252,-0.3403392,-0.040739749,0.044551319,0.011991041,0.02827118
17.3,59,59,0.20080013,0.19922171,0.41,-0.1701696,-0.041261195,0.044269839,0.0067800089,0.025524924
17.31,54,54,0.18378317,0.1992491,-0.089,-1.7763568e-15,-0.043234322,0.043204733,-9.367625e-05,0.021555528
17.321,54,54,0.18378317,0.19907668,-0.429,1.7763568e-15,-0.046790698,0.04128498,-0.0088409888,0.016221995
17.33,63,59,0.20760691,0.19883434,0.098,0.080606654,-0.051200972,0.038904288,-0.015771725,0.011566281
17.34,59,59,0.20080013,0.1985292,0.051,0.2552544,-0.057205822,0.035662833,-0.021896008,0.0068834127
17.35,59,59,0.20080013,0.19819487,-0.546,0.01701696,-0.063455952,0.032288976,-0.025887161,0.0032009077
17.36,59,54,0.19229165,0.19779801,-0.076,-0.085084801,-0.068762946,0.029424229,-0.027911008,0.0007566102
17.37,59,59,0.20080013,0.19731641,0.109,0.068067841,-0.073351171,0.026947477,-0.028241334,-0.00064692837
17.38,54,59,0.19229165,0.19680009,0.094,0.085084801,-0.077303554,0.024813957,-0.02696899,-0.0010775166
17.39,63,59,0.20760691,0.19634589,-0.319,0.085084801,-0.079970269,0.023374449,-0.024680691,-0.00065312115
17.4,59,59,0.20080013,0.19603249,-0.059,-0.085084801,-0.081183759,0.022719399,-0.022274722,0.00022233852
17.41,59,59,0.20080013,0.195877,0.258,-0.32332224,-0.081947905,0.022306909,-0.020618061,0.00084442416
17.42,59,59,0.20080013,0.19581471,-0.143,-0.23823744,-0.084012651,0.021192346,-0.02027492,0.00045871313
17.43,54,54,0.18378317,0.19574944,0.117,0,-0.088706412,0.018658626,-0.021186846,-0.0012641101
17.44,54,54,0.18378317,0.19556827,-0.403,-0.1701696,-0.096561657,0.014418318,-0.022595682,-0.0040886821
17.45,59,59,0.20080013,0.19521069,-0.358,-0.1701696,-0.10720035,0.0086754856,-0.023535214,-0.0074298644
17.46,59,59,0.20080013,0.19471954,-0.176,0.085084801,-0.12044466,0.0015261276,-0.023360088,-0.01091698
17.47,54,54,0.18378317,0.19419785,-0.292,0.085084801,-0.13683921,-0.0073237485,-0.021614665,-0.014469207
17.48,54,54,0.18378317,0.19373487,0.485,0,-0.1564462,-0.017907719,-0.018034584,-0.017971151
17.49,54,59,0.19229165,0.19339681,-0.199,0.1701696,-0.17813645,-0.029616245,-0.01276854,-0.021192392
17.5,59,59,0.20080013,0.19320256,-0.234,0.3403392,-0.20041806,-0.041643989,-0.0065769787,-0.024110484
17.51,59,59,0.20080013,0.19312533,0.073,0.2552544,-0.2228232,-0.053738421,5.2341313e-05,-0.02684304
17.52,59,59,0.20080013,0.19316011,-0.99,-0.085084801,-0.24370548,-0.065010799,0.0071606546,-0.028925072
17.53,59,59,0.20080013,0.19330997,0.476,-0.3403392,-0.26022743,-0.073929448,0.014698499,-0.029615474
17.54,59,59,0.20080013,0.19358479,-0.204,-0.3403392,-0.27101056,-0.079750248,0.022100753,-0.028824748
17.55,54,54,0.18378317,0.1939847,-0.468,-0.2552544,-0.27684072,-0.082897403,0.028291928,-0.027302738
17.56,54,54,0.18378317,0.19445722,-0.808,-0.1701696,-0.27897017,-0.084046894,0.032717204,-0.025664845
17.57,54,54,0.18378317,0.19492125,0.501,0.15315264,-0.2781661,-0.083612851,0.035417671,-0.02409759
17.58,54,59,0.19229165,0.19535175,-0.236,0.47647489,-0.27564141,-0.082250008,0.036913844,-0.022668082
17.59,54,59,0.19229165,0.19576303,-0.865,0.32332224,-0.27258909,-0.080602345,0.037771344,-0.021415501
17.6,59,63,0.20760691,0.19619373,-0.983,0.085084801,-0.26986692,-0.079132901,0.038477966,-0.020327467
17.61,59,63,0.20760691,0.19668143,-0.17,0.085084801,-0.26770985,-0.077968505,0.039258728,-0.019354889
17.62,59,54,0.19229165,0.1972152,-0.076,0.01701696,-0.26577821,-0.076925793,0.039928796,-0.018498498
17.63,59,54,0.19229165,0.1977686,-0.499,-0.22122048,-0.26326658,-0.07557,0.040446666,-0.017561667
17.64,59,59,0.20080013,0.19837662,0.135,4.3520743e-13,-0.25903637,-0.073286505,0.040861507,-0.016212499
17.65,59,59,0.20080013,0.19909845,-0.778,0.30630528,-0.25182868,-0.069395754,0.040544509,-0.014425622
17.66,59,54,0.19229165,0.19991541,0.128,0.22122048,-0.24092005,-0.063507209,0.038227823,-0.012639693
17.67,59,63,0.20760691,0.20072988,0.537,0.068067841,-0.22685117,-0.05591274,0.032907764,-0.011502488
17.68,63,59,0.20760691,0.2014013,0.147,-0.085084801,-0.21075301,-0.047222857,0.024665415,-0.011278721
17.69,63,59,0.20760691,0.20181038,-0.084,-0.15315264,-0.19358369,-0.037954757,0.014476034,-0.011739362
17.7,59,59,0.20080013,0.20187909,-1.072,-0.068067841,-0.17614898,-0.028543394,0.0038881769,-0.012327609
17.71,54,54,0.18378317,0.201612,0.731,-0.068067841,-0.15953886,-0.019577153,-0.0054725219,-0.012524837
17.72,59,59,0.20080013,0.2011352,-0.083,-0.068067841,-0.14471564,-0.01157549,-0.012733546,-0.012154518
17.73,63,59,0.20760691,0.20059415,-1.262,0.1701696,-0.13156057,-0.0044743071,-0.017575348,-0.011024828
17.74,59,59,0.20080013,0.20008712,-0.546,0.1701696,-0.11993304,0.0018023037,-0.020546268,-0.0093719824
17.75,59,59,0.20080013,0.19961749,0.151,-0.068067841,-0.11071729,0.0067770201,-0.022130203,-0.0076765915
17.76,59,59,0.20080013,0.19915658,0.292,1.936229e-13,-0.10367933,0.010576155,-0.022736574,-0.0060802093
17.77,59,59,0.20080013,0.19868447,-0.513,0.068067841,-0.097852568,0.013721477,-0.022584579,-0.0044315512
17.78,59,59,0.20080013,0.19819593,-0.189,-0.1701696,-0.092642829,0.016533725,-0.02158523,-0.0025257527
17.79,59,63,0.20760691,0.19772867,0.063,-0.3403392,-0.088199794,0.018932102,-0.019244348,-0.00015612298
17.8,59,59,0.20080013,0.19738201,0.27,-0.3403392,-0.083734291,0.021342607,-0.01584969,0.0027464585
17.81,54,54,0.18378317,0.19721238,0.086,-0.23823744,-0.078759769,0.024027884,-0.012446063,0.0057909102
17.82,54,54,0.18378317,0.19720198,-0.207,-0.068067841,-0.074192384,0.026493386,-0.0098727623,0.0083103117
17.83,54,54,0.18378317,0.19726352,0.008,0.23823744,-0.071512048,0.027940247,-0.0079541941,0.0099930264
17.84,59,59,0.20080013,0.19732149,0.19,0.54454273,-0.071438347,0.027980031,-0.0063687292,0.010805651
17.85,59,59,0.20080013,0.19732532,-0.352,0.30630528,-0.07381693,0.026696058,-0.0048444833,0.010925787
17.86,59,63,0.20760691,0.19727756,-0.194,0,-0.07857954,0.024125172,-0.0027338857,0.010695643
17.87,63,63,0.2144137,0.19722957,0.085,-0.1701696,-0.086259613,0.019979423,0.0005342769,0.01025685
17.88,54,54,0.18378317,0.19727035,0.031,-0.1701696,-0.09782725,0.013735143,0.0048145676,0.0092748553
17.89,59,59,0.20080013,0.19746976,-0.206,-0.13613568,-0.11234867,0.0058963948,0.008966097,0.0074312459
17.9,54,54,0.18378317,0.19778787,-0.477,0.03403392,-0.12854064,-0.0028441264,0.011861947,0.0045089105
17.91,59,63,0.20760691,0.19815405,0.566,0.1701696,-0.14547233,-0.011983956,0.013169816,0.00059292978
17.92,59,59,0.20080013,0.19849838,0.219,0.30630528,-0.1618613,-0.020830821,0.013169576,-0.0038306225
17.93,59,59,0.20080013,0.19875538,-0.877,0.068067841,-0.17626907,-0.02860822,0.012122258,-0.0082429812
17.94,59,59,0.20080013,0.19886927,-0.612,-0.40840704,-0.18678611,-0.034285384,0.010432335,-0.011926524
17.95,63,63,0.2144137,0.19882747,0.101,-0.3403392,-0.1925203,-0.037380731,0.0085131419,-0.014433795
17.96,54,54,0.18378317,0.19866018,0.145,-0.03403392,-0.1938924,-0.038121402,0.006825526,-0.015647938
17.97,54,54,0.18378317,0.1984364,-0.752,0,-0.19113717,-0.03663411,0.0059443761,-0.015344867
17.98,54,54,0.18378317,0.19827413,-0.798,0.03403392,-0.18457584,-0.033092266,0.0063424765,-0.013374895
17.99,63,63,0.2144137,0.19829438,0.244,0.40840704,-0.17463771,-0.027727605,0.0076618221,-0.010032892
18,59,59,0.20080013,0.19850745,0.101,0.47647489,-0.16258432,-0.021221113,0.0090732383,-0.0060739373
18.01,59,59,0.20080013,0.19881473,-0.404,0.085084801,-0.14992782,-0.014389055,0.010040108,-0.0021744737
18.02,63,59,0.20760691,0.19912533,-0.082,-0.39139008,-0.13707646,-0.0074518174,0.010047671,0.001297927
18.03,63,59,0.20760691,0.19938374,0.099,-0.2552544,-0.12407217,-0.00043201936,0.0091137768,0.0043408787
18.04,63,54,0.19909843,0.19956673,0.269,-0.10210176,-0.11146514,0.0063733291,0.0076081697,0.0069907494
18.05,54,50,0.17697639,0.19969242,-0.345,-0.085084801,-0.10009507,0.012510958,0.0061367658,0.0093238621
18.06,63,54,0.19909843,0.19979622,-0.569,0,-0.089633603,0.018158123,0.005145697,0.01165191
18.07,63,54,0.19909843,0.19986924,0.118,0.30630528,-0.079167488,0.023807794,0.0043880498,0.014097922
18.08,63,59,0.20760691,0.19988425,0.374,0.32332224,-0.068987181,0.029303185,0.0037117893,0.016507487
18.09,63,54,0.19909843,0.19978879,-0.699,0.03403392,-0.059834968,0.034243605,0.0031222529,0.018682929
18.1,63,59,0.20760691,0.19960957,0.34,-0.051050881,-0.0519442,0.038503089,0.0027339185,0.020618504
18.11,59,59,0.20080013,0.19939013,0.518,-0.051050881,-0.045768826,0.041836592,0.0027356577,0.022286125
18.12,59,59,0.20080013,0.19920136,-0.079,-0.22122048,-0.041838056,0.043958446,0.0031494316,0.023553939
18.13,59,59,0.20080013,0.19911684,-0.532,-0.32332224,-0.040355376,0.044758806,0.0041606467,0.024459726
18.14,59,59,0.20080013,0.19920712,0.286,0.051050881,-0.040366345,0.044752884,0.0058145416,0.025283713
18.15,54,54,0.18378317,0.19946317,-0.055,0.051050881,-0.04094949,0.044438099,0.0071420884,0.025790094
18.16,54,59,0.19229165,0.19978038,-0.331,-0.085084801,-0.042201845,0.04376207,0.0072681312,0.025515101
18.17,63,63,0.2144137,0.20004512,-0.538,0.1701696,-0.044026149,0.0427773,0.005947736,0.024362518
18.18,59,54,0.19229165,0.20022913,0.231,0.2552544,-0.045873728,0.041779966,0.0035758842,0.022677925
18.19,59,59,0.20080013,0.20034939,-0.148,-0.051050881,-0.047498794,0.040902745,0.00017272615,0.020537736
18.2,59,59,0.20080013,0.20040403,-0.225,-0.068067841,-0.049686336,0.039721897,-0.0038137092,0.017954094
18.21,59,59,0.20080013,0.20041255,0.449,0.068067841,-0.053154496,0.037849764,-0.0075197095,0.015165027
18.22,59,59,0.20080013,0.20040689,-0.351,0.15315264,-0.057376254,0.035570833,-0.010235416,0.012667709
18.23,63,54,0.19909843,0.20038506,-0.018,0.068067841,-0.062060234,0.033042393,-0.011899729,0.010571332
18.24,59,59,0.20080013,0.20029382,0.228,-0.01701696,-0.066957245,0.030398957,-0.013040174,0.0086793916
18.25,59,68,0.21611539,0.20010609,0.512,0,-0.071267123,0.028072459,-0.013922135,0.007075162
18.26,59,54,0.19229165,0.19981833,-0.295,-0.068067841,-0.074226991,0.026474704,-0.0146264,0.0059241522
18.27,63,59,0.20760691,0.19944394,-0.672,-0.15315264,-0.075344875,0.025871264,-0.015075428,0.0053979183
18.28,54,59,0.19229165,0.19900216,0.016,-0.23823744,-0.075169094,0.025966152,-0.015185168,0.0053904918
18.29,59,59,0.20080013,0.19852752,0.186,-0.15315264,-0.074871658,0.02612671,-0.014669329,0.0057286903
18.3,59,59,0.20080013,0.198064,-0.432,0.01701696,-0.075190625,0.025954529,-0.013290302,0.0063321134
18.31,54,54,0.18378317,0.19769053,0.133,0.089136458,-0.076909858,0.025026477,-0.011236675,0.0068949008
18.321,59,59,0.20080013,0.19743738,-0.17,-0.2911791,-0.081607262,0.02249079,-0.0082890599,0.0071008651
18.33,59,59,0.20080013,0.19736191,-0.092,-0.11742698,-0.087521413,0.019298296,-0.0055190684,0.0068896138
18.34,59,59,0.20080013,0.19738112,0.021,0.1701696,-0.095424022,0.01503242,-0.0025652559,0.0062335822
18.35,54,50,0.17697639,0.19746302,-0.206,0,-0.10400024,0.010402925,0.00029697758,0.0053499512
18.36,59,59,0.20080013,0.1976104,-0.249,0,-0.11265114,0.0057331191,0.0034254375,0.0045792783
18.37,59,59,0.20080013,0.19781687,-0.339,0.23823744,-0.1202625,0.0016244618,0.0067405837,0.0041825228
18.38,59,59,0.20080013,0.19807877,0.037,0.23823744,-0.12613898,-0.001547701,0.010060452,0.0042563756
18.39,59,59,0.20080013,0.19838631,0.024,0,-0.13044242,-0.0038707237,0.013189048,0.0046591621
18.4,59,59,0.20080013,0.19871583,-0.126,0,-0.13368191,-0.0056194146,0.015908421,0.0051445033
18.41,59,59,0.20080013,0.19905917,0.046,0,-0.13592662,-0.0068311258,0.017681119,0.0054249964
18.42,59,59,0.20080013,0.19938424,-0.258,0,-0.13731734,-0.0075818429,0.018126501,0.005272329
18.43,59,59,0.20080013,0.19963554,0.226,0.068067841,-0.1385674,-0.0082566328,0.017624931,0.004684149
18.44,59,59,0.20080013,0.19984733,-0.162,-0.10210176,-0.14034336,-0.0092153078,0.016306494,0.0035455931
18.45,59,59,0.20080013,0.20003599,-0.395,-0.1701696,-0.14343407,-0.010883693,0.013927714,0.0015220103
18.46,63,59,0.20760691,0.20020831,-0.013,0,-0.14810222,-0.013403589,0.010532124,-0.0014357322
18.47,54,54,0.18378317,0.20033112,-0.357,-0.085084801,-0.15348159,-0.016307404,0.0063961747,-0.0049556148
18.48,59,59,0.20080013,0.20037814,-0.385,-0.085084801,-0.15839005,-0.018957018,0.002101888,-0.0084275652
18.49,59,59,0.20080013,0.20033968,-0.158,0.1701696,-0.1620749,-0.020946125,-0.0018092763,-0.011377701
18.5,59,54,0.19229165,0.20021374,-0.242,0.1701696,-0.16428931,-0.022141477,-0.0051920926,-0.013666785
18.51,59,63,0.20760691,0.20007448,-0.023,0,-0.16470045,-0.02236341,-0.0081095527,-0.015236481
18.52,59,59,0.20080013,0.20000067,-0.205,0.085084801,-0.16334216,-0.021630196,-0.010731335,-0.016180765
18.53,59,59,0.20080013,0.19999109,0.019,0.085084801,-0.16060497,-0.020152646,-0.013206271,-0.016679458
18.54,59,59,0.20080013,0.1999638,0.003,-0.085084801,-0.1567637,-0.018079104,-0.01580959,-0.016944347
18.55,59,59,0.20080013,0.19982633,-0.252,-0.1701696,-0.15172861,-0.015361135,-0.017879615,-0.016620375
18.56,59,63,0.20760691,0.19955887,-0.195,0.13613568,-0.14548701,-0.011991881,-0.018909425,-0.015450653
18.57,59,54,0.19229165,0.19918535,-0.128,0.051050881,-0.13764728,-0.0077599471,-0.018772102,-0.013266025
18.58,59,54,0.19229165,0.1987454,-0.199,-0.32332224,-0.12828021,-0.0027035468,-0.017565041,-0.010134294
18.59,68,63,0.22292218,0.19828894,-0.08,-0.15315264,-0.11795783,0.0028685338,-0.015548619,-0.0063400428
18.6,54,54,0.18378317,0.19787548,-0.139,0.085084801,-0.1074682,0.0085308981,-0.013203958,-0.0023365299
18.61,59,54,0.19229165,0.19754549,-0.088,-0.13613568,-0.097574222,0.013871729,-0.011005306,0.0014332119
18.62,59,54,0.19229165,0.19732386,-0.504,-0.051050881,-0.088958795,0.018522388,-0.009251581,0.0046354037
18.63,59,59,0.20080013,0.19722458,-0.001,0.2552544,-0.08218792,0.022177347,-0.0080351795,0.0070710839
18.64,59,59,0.20080013,0.19724164,0.258,-2.4158453e-13,-0.077485415,0.024715788,-0.0071326405,0.0087915735
18.65,59,59,0.20080013,0.19733066,-0.161,-0.2552544,-0.074832036,0.026148097,-0.0059536959,0.010097201
18.66,59,59,0.20080013,0.19743991,0.244,-0.1701696,-0.073715612,0.02675075,-0.0045316847,0.011109533
18.67,54,54,0.18378317,0.19752824,-0.11,-0.085084801,-0.073414287,0.026913407,-0.0026369863,0.01213821
18.68,54,54,0.18378317,0.19756708,0.139,0.13613568,-0.073470348,0.026883145,1.6120899e-06,0.013442379
18.69,59,59,0.20080013,0.19754875,-0.431,0.39139008,-0.073472497,0.026881985,0.0034121515,0.015147068
18.7,59,54,0.19229165,0.19752363,-0.312,0.3403392,-0.073499916,0.026867184,0.0075019899,0.017184587
18.71,68,63,0.22292218,0.19753987,-0.162,0.1701696,-0.074091716,0.026547727,0.011935761,0.019241744
18.72,59,59,0.20080013,0.19762029,0.238,0.085084801,-0.075660662,0.0257008,0.01636504,0.02103292
18.73,59,59,0.20080013,0.19778221,-0.222,-0.22122048,-0.078757294,0.02402922,0.020332045,0.022180633
18.74,59,59,0.20080013,0.1980497,0.392,-0.39139008,-0.083357248,0.021546137,0.023265845,0.022405991
18.75,59,59,0.20080013,0.19842624,-0.339,-0.1701696,-0.08872601,0.018648047,0.024733675,0.021690861
18.76,59,54,0.19229165,0.19884483,0.221,-0.1701696,-0.093818494,0.015899093,0.024546674,0.020222884
18.77,59,54,0.19229165,0.19922835,-0.381,-0.1701696,-0.097816071,0.013741178,0.023204532,0.018472855
18.78,54,59,0.19229165,0.19956009,-0.194,0.13613568,-0.10032686,0.012385837,0.021759529,0.017072683
18.79,59,54,0.19229165,0.19979892,-0.192,0.22122048,-0.10130384,0.011858459,0.020551377,0.016204918
18.8,59,54,0.19229165,0.19993395,-0.283,0.15315264,-0.10080508,0.012127694,0.019609706,0.0158687
18.81,63,63,0.2144137,0.19999574,-0.03,0.29304531,-0.099147039,0.013022713,0.018964746,0.01599373
18.821,59,54,0.19229165,0.20005082,-0.073,0.31249327,-0.096318104,0.01454979,0.018920455,0.016735122
18.83,59,63,0.20760691,0.20013816,-0.113,0.050155251,-0.093637521,0.015996784,0.019820695,0.017908739
18.84,59,63,0.20760691,0.20035519,0.002,-0.051050881,-0.090628822,0.017620898,0.02186772,0.019744309
18.85,59,63,0.20760691,0.20074365,-0.048,0.085084801,-0.088267046,0.018895799,0.024517049,0.021706424
18.86,59,59,0.20080013,0.20126157,0.143,-0.068067841,-0.086886724,0.019640905,0.026663792,0.023152348
18.87,59,59,0.20080013,0.20181145,-0.294,-0.22122048,-0.086155998,0.020035355,0.027253913,0.023644634
18.88,63,59,0.20760691,0.20229621,-0.155,-0.23823744,-0.085595783,0.020337763,0.025853584,0.023095673
18.89,59,59,0.20080013,0.20262941,-0.083,-0.085084801,-0.084525208,0.020915665,0.022643974,0.02177982
18.9,54,59,0.19229165,0.20280918,-0.256,0,-0.082697823,0.021902099,0.018433592,0.020167845
18.91,54,59,0.19229165,0.20284995,0.1,0.068067841,-0.07999616,0.023360472,0.013842655,0.018601563
18.92,59,59,0.20080013,0.20278264,-0.112,0.22122048,-0.076714074,0.025132162,0.0094792498,0.017305706
18.93,59,63,0.20760691,0.20265996,0.327,0.23823744,-0.073298483,0.026975918,0.0060497969,0.016512858
18.94,59,63,0.20760691,0.20255566,0.075,0.085084801,-0.070412748,0.028533656,0.0039466533,0.016240154
18.95,63,59,0.20760691,0.2025236,-0.285,-0.068067841,-0.068276251,0.02968695,0.0030767563,0.016381853
18.96,59,59,0.20080013,0.20259184,-0.244,-1.9184654e-13,-0.067269485,0.030230408,0.0029910685,0.016610738
18.97,59,59,0.20080013,0.20276717,-0.065,0,-0.067088443,0.030328136,0.0028838023,0.016605969
18.98,59,59,0.20080013,0.20302129,-0.282,-0.068067841,-0.067152939,0.03029332,0.0018716189,0.01608247
18.99,63,63,0.2144137,0.20329514,-0.018,0,-0.066436459,0.03068008,-0.00054591673,0.015067082
19,59,59,0.20080013,0.20352218,-0.169,0,-0.064086089,0.031948824,-0.0041350926,0.013906866
19.01,59,59,0.20080013,0.20363144,0.081,-0.13613568,-0.05959206,0.034374728,-0.0089370418,0.012718843
19.02,59,59,0.20080013,0.20357859,-0.107,-0.068067841,-0.052824834,0.038027717,-0.01460631,0.011710703
19.03,59,59,0.20080013,0.20333664,0.169,0.068067841,-0.044339352,0.042608231,-0.020287605,0.011160313
19.04,59,59,0.20080013,0.20295152,-0.247,0,-0.034993011,0.047653442,-0.025602959,0.011025241
19.05,63,59,0.20760691,0.20247828,-0.054,0,-0.02549663,0.052779645,-0.030418522,0.011180562
19.06,59,59,0.20080013,0.20197984,0.202,0.068067841,-0.016277803,0.057756024,-0.034627409,0.011564307
19.07,59,59,0.20080013,0.20152389,-0.03,1.936229e-13,-0.0076440806,0.062416559,-0.03815578,0.012130389
19.08,59,59,0.20080013,0.20110979,-0.122,-0.068067841,-6.7538143e-05,0.066506422,-0.040883247,0.012811587
19.09,59,63,0.20760691,0.20068227,-0.06,0,0.0059763356,0.069768941,-0.04283769,0.013465626
19.1,59,59,0.20080013,0.2001721,0.188,-0.085084801,0.0097161554,0.071787718,-0.043958198,0.01391476
19.11,59,59,0.20080013,0.1995326,0.002,-0.23823744,0.0099829964,0.071931761,-0.04376826,0.01408175
19.12,59,59,0.20080013,0.19879798,-0.148,-0.23823744,0.0058109281,0.069679653,-0.041956543,0.013861555
19.13,59,54,0.19229165,0.19805669,-0.325,-0.01701696,-0.0032986398,0.064762254,-0.03868886,0.013036697
19.14,54,59,0.19229165,0.19738875,0.341,-0.01701696,-0.016443431,0.057666617,-0.034395957,0.01163533
19.15,54,59,0.19229165,0.19682158,-0.113,-0.085084801,-0.031785827,0.049384699,-0.02949726,0.0099437198
19.16,63,59,0.20760691,0.19635686,0.329,0.22122048,-0.047377548,0.040968195,-0.024263184,0.0083525053
19.17,54,59,0.19229165,0.19600181,0.226,0.13613568,-0.061509769,0.033339537,-0.018743096,0.0072982208
19.18,54,59,0.19229165,0.19579495,-0.041,-0.23823744,-0.073156352,0.027052642,-0.012893579,0.0070795316
19.19,63,63,0.2144137,0.19577214,-0.004,-0.15315264,-0.082050286,0.022251643,-0.0072096367,0.007521003
19.2,54,54,0.18378317,0.19591357,-0.357,-0.085084801,-0.089001565,0.018499301,-0.0020472604,0.0082260203
19.21,59,54,0.19229165,0.19616474,-0.209,-0.22122048,-0.095653295,0.014908657,0.0024565871,0.0086826222
19.22,59,54,0.19229165,0.19646869,-0.367,0.03403392,-0.10272486,0.011091386,0.0062833349,0.0086873605
19.23,54,54,0.18378317,0.19678281,-0.175,0.2552544,-0.11040997,0.0069429181,0.0094992116,0.0082210648
19.24,59,59,0.20080013,0.19708868,0.056,0.30630528,-0.11861054,0.0025161991,0.012238503,0.0073773512
19.25,59,59,0.20080013,0.19737197,-0.236,0.39139008,-0.12630303,-0.0016362519,0.014478383,0.0064210657
19.26,59,59,0.20080013,0.19763229,-0.347,0.085084801,-0.13211727,-0.0047748156,0.016030703,0.0056279438
19.27,63,63,0.2144137,0.19790454,-0.286,-0.1701696,-0.13545767,-0.0065779833,0.016466849,0.0049444327
19.28,59,59,0.20080013,0.19821183,-0.112,-0.085084801,-0.13621948,-0.0069892114,0.015652279,0.004331534
19.29,54,59,0.19229165,0.19852495,-0.098,-0.13613568,-0.13426733,-0.0059354308,0.013828466,0.0039465175
19.3,54,59,0.19229165,0.19878965,-0.321,-0.13613568,-0.12971442,-0.0034777436,0.011596192,0.0040592244
19.31,59,59,0.20080013,0.19895951,0.31,0.085084801,-0.12286615,0.00021899276,0.0095754459,0.0048972193
19.32,59,59,0.20080013,0.19899832,0.125,2.4158453e-13,-0.11427737,0.0048552698,0.0080511962,0.006453233
19.33,59,59,0.20080013,0.19890045,0.299,-0.085084801,-0.1040995,0.010349346,0.0069964984,0.0086729222
19.34,59,59,0.20080013,0.19868828,-0.118,0,-0.092859234,0.016416908,0.0064292428,0.011423075
19.35,54,54,0.18378317,0.19841822,-0.446,0,-0.082040809,0.022256759,0.0066145273,0.014435643
19.36,59,59,0.20080013,0.19815854,0.078,0,-0.073693166,0.026762866,0.007396826,0.017079846
19.37,59,59,0.20080013,0.19798564,-0.301,0.1701696,-0.069097537,0.029243614,0.0087246181,0.018984116
19.38,59,59,0.20080013,0.19801015,-0.459,0.1701696,-0.06868843,0.029464453,0.010546092,0.020005272
19.39,59,59,0.20080013,0.19828156,-0.405,0,-0.072021917,0.027665016,0.011992682,0.019828849
19.4,59,59,0.20080013,0.19876875,0.05,-0.1701696,-0.078210373,0.024324451,0.012303475,0.018313963
19.41,59,59,0.20080013,0.19933842,0.626,-0.2552544,-0.086000405,0.020119345,0.011404418,0.015761882
19.42,59,59,0.20080013,0.19986517,-0.138,-0.085084801,-0.093602041,0.016015936,0.0090269272,0.012521432
19.43,54,54,0.18378317,0.20027634,-0.122,0.068067841,-0.099565194,0.012796991,0.0051198838,0.0089584372
19.44,54,59,0.19229165,0.20049354,0.445,0.13613568,-0.10340764,0.010722816,0.00032768185,0.0055252488
19.45,59,59,0.20080013,0.20048103,-0.423,0.30630528,-0.10499498,0.0098659577,-0.0042850678,0.002790445
19.46,63,59,0.20760691,0.20028274,-0.473,0.32332224,-0.10354703,0.010647574,-0.007606355,0.0015206094
19.47,63,59,0.20760691,0.19996335,-0.228,0.085084801,-0.098582073,0.013327685,-0.009236983,0.0020453511
19.48,59,63,0.20760691,0.19956452,0.084,0,-0.0910801,0.017377295,-0.0092956535,0.0040408208
19.49,59,59,0.20080013,0.19913481,-0.061,-0.15315264,-0.082420534,0.022051781,-0.0081478233,0.0069519787
19.5,59,59,0.20080013,0.1987289,-0.063,-0.22122048,-0.073385328,0.026929039,-0.0059935314,0.010467754
19.51,63,59,0.20760691,0.19839279,-0.285,-0.15315264,-0.065278125,0.031305356,-0.002899048,0.014203154
19.52,54,59,0.19229165,0.19819688,0.246,-0.2552544,-0.060020962,0.034143204,0.00054023342,0.017341719
19.53,59,59,0.20080013,0.19814741,-0.367,-0.40840704,-0.0588093,0.034797266,0.0037198327,0.01925855
19.54,54,59,0.19229165,0.19818233,-0.383,-6.7856831e-13,-0.061388111,0.033405209,0.0060908104,0.01974801
19.55,54,54,0.18378317,0.19825012,-0.163,0.15315264,-0.066320642,0.030742599,0.007652184,0.019197391
19.56,54,54,0.18378317,0.19832462,0.198,-0.1701696,-0.071667999,0.027856064,0.0087216812,0.018288872
19.57,68,59,0.21611539,0.19841409,0.238,0.15315264,-0.076204195,0.025407398,0.0096660728,0.017536735
19.58,54,59,0.19229165,0.19856973,-0.164,0.47647489,-0.079268717,0.023753151,0.010650505,0.017201828
19.59,54,54,0.18378317,0.19884393,0.105,0.15315264,-0.080546291,0.023063508,0.01174084,0.017402174
19.6,63,59,0.20760691,0.19926036,0.249,-2.4336089e-13,-0.080486894,0.023095571,0.013036232,0.018065902
19.61,63,59,0.20760691,0.19980345,0.155,0.32332224,-0.080431846,0.023125286,0.014361802,0.018743544
19.62,63,59,0.20760691,0.20039161,-0.27,0.1701696,-0.081103581,0.02276268,0.015064706,0.018913693
19.63,59,59,0.20080013,0.20092495,-0.508,-0.13613568,-0.082159818,0.022192517,0.014641206,0.018416861
19.64,63,59,0.20760691,0.20131956,0.176,1.9539925e-13,-0.083141622,0.021662533,0.01305889,0.017360712
19.65,59,59,0.20080013,0.20153893,0.142,-0.10210176,-0.084077656,0.021157257,0.01048923,0.015823243
19.66,59,59,0.20080013,0.20158746,-0.678,-0.23823744,-0.08477449,0.020781101,0.0070578472,0.013919474
19.67,63,63,0.2144137,0.20150341,-0.454,-0.068067841,-0.084643981,0.020851551,0.0026625209,0.011757036
19.68,54,54,0.18378317,0.20129207,0.245,1.7763568e-15,-0.083819666,0.021296521,-0.0024945193,0.0094010009
19.69,59,59,0.20080013,0.20095834,0.067,-0.13613568,-0.082869669,0.021809335,-0.0077867045,0.0070113153
19.7,59,59,0.20080013,0.20054194,-0.838,0.03403392,-0.082023753,0.022265965,-0.012357498,0.0049542337
19.71,59,59,0.20080013,0.20008376,-0.1,0.085084801,-0.081204852,0.022708013,-0.015540099,0.0035839572
19.72,59,59,0.20080013,0.19962569,0.497,-0.1701696,-0.079853259,0.023437611,-0.016618729,0.003409441
19.73,59,59,0.20080013,0.19920184,0.019,-0.085084801,-0.077508912,0.024703104,-0.015353766,0.0046746687
19.74,54,59,0.19229165,0.19887147,0.143,0,-0.074195306,0.026491808,-0.012585807,0.0069530007
19.75,59,54,0.19229165,0.1986822,-0.127,0,-0.069653542,0.02894348,-0.0091700331,0.0098867234
19.76,59,59,0.20080013,0.198678,-0.218,0.085084801,-0.063974347,0.032009143,-0.0053336344,0.013337754
19.77,59,59,0.20080013,0.19881882,0.137,0.23823744,-0.057984587,0.035242451,-0.0016025685,0.016819941
19.78,59,59,0.20080013,0.19900716,-0.151,0.15315264,-0.052060989,0.038440045,0.0015312125,0.019985629
19.79,59,59,0.20080013,0.19919915,0.147,0,-0.046022059,0.041699896,0.0040380768,0.022868986
19.8,63,59,0.20760691,0.19937499,-0.163,-0.1701696,-0.040140248,0.044874933,0.0060900934,0.025482513
19.81,59,59,0.20080013,0.19950654,0.343,-0.1701696,-0.035419109,0.047423432,0.0080181026,0.027720767
19.82,59,59,0.20080013,0.1995899,-0.266,-0.068067841,-0.032541258,0.048976913,0.009863107,0.02942001
19.83,54,54,0.18378317,0.19964806,-0.497,-0.068067841,-0.030958408,0.049831345,0.011597801,0.030714573
19.84,59,59,0.20080013,0.19970368,0.139,0,-0.029723768,0.050497811,0.01311684,0.031807326
19.85,59,59,0.20080013,0.19977933,0.018,0.23823744,-0.029131238,0.050817663,0.01449836,0.032658011
19.86,59,59,0.20080013,0.19988637,-0.12,0.37437312,-0.029689463,0.050516329,0.016102203,0.033309266
19.87,59,59,0.20080013,0.20000918,-0.155,-0.03403392,-0.031211356,0.049694802,0.017649717,0.03367226
19.88,59,63,0.20760691,0.20015659,-0.227,-0.2552544,-0.033180075,0.048632076,0.018954622,0.033793349
19.89,63,63,0.2144137,0.2003475,0.057,-0.085084801,-0.03579853,0.047218618,0.02000636,0.033612489
19.9,54,54,0.18378317,0.20058441,-0.118,-0.068067841,-0.039013061,0.045483395,0.020998322,0.033240858
19.91,59,54,0.19229165,0.20087273,0.283,-0.13613568,-0.04211924,0.043806661,0.022086378,0.032946519
19.92,59,59,0.20080013,0.20124167,-0.115,0.10210176,-0.044763147,0.042379464,0.022929345,0.032654405
19.93,59,59,0.20080013,0.20168197,0.025,0.2552544,-0.047408228,0.040951634,0.022893893,0.031922763
19.94,59,63,0.20760691,0.20211701,0.352,0.22122048,-0.050065387,0.039517283,0.021874647,0.030695965
19.95,59,59,0.20080013,0.20247114,0.151,0.13613568,-0.052110584,0.038413274,0.020322157,0.029367715
19.96,59,59,0.20080013,0.20274229,-0.418,-0.068067841,-0.053609165,0.037604331,0.018249239,0.027926785
19.97,63,63,0.2144137,0.20293089,0.222,-0.068067841,-0.055563176,0.036549544,0.015825501,0.026187522
19.98,59,59,0.20080013,0.20309422,-0.207,0,-0.058972022,0.034709428,0.012883637,0.023796533
19.99,59,59,0.20080013,0.20328234,-0.483,0,-0.06421045,0.031881693,0.0094305475,0.02065612
20,59,59,0.20080013,0.20348587,-0.126,0,-0.070876591,0.028283271,0.0057348902,0.01700908
20.01,59,59,0.20080013,0.20366685,0.036,0,-0.078028224,0.024422776,0.0018980896,0.013160433
20.02,63,63,0.2144137,0.20374956,0.269,0,-0.084592312,0.020879442,-0.0021670707,0.0093561857
20.03,59,59,0.20080013,0.20368402,-0.371,0.068067841,-0.089850931,0.018040808,-0.0061766431,0.0059320824
20.04,59,59,0.20080013,0.20348997,-0.806,1.936229e-13,-0.093454764,0.016095438,-0.010216478,0.0029394796
20.05,59,59,0.20080013,0.20318539,0.263,-0.15315264,-0.095938444,0.014754732,-0.014210084,0.00027232377
20.06,63,59,0.20760691,0.20281053,-0.058,-0.1701696,-0.097995088,0.013644543,-0.017903076,-0.0021292663
20.07,63,59,0.20760691,0.20246653,0.224,-0.01701696,-0.099514312,0.012824457,-0.021204295,-0.004189919
20.08,54,59,0.19229165,0.20222354,-0.206,0.22122048,-0.099909182,0.012611304,-0.024120824,-0.0057547603
20.09,54,59,0.19229165,0.20201317,0.02,-0.085084801,-0.099069444,0.013064599,-0.026695765,-0.006815583
20.1,63,59,0.20760691,0.20177172,0.003,-0.01701696,-0.097691704,0.013808312,-0.028978914,-0.0075853011
20.11,63,68,0.22292218,0.20146765,-0.009,0.13613568,-0.096430564,0.014489083,-0.030779065,-0.0081449911
20.12,54,54,0.18378317,0.20112855,-0.132,-0.23823744,-0.095684389,0.014891872,-0.032339983,-0.0087240555
20.13,63,63,0.2144137,0.20079608,-0.328,-0.30630528,-0.095548492,0.014965231,-0.034085231,-0.0095600004
20.14,54,54,0.18378317,0.20048215,-0.112,0.01701696,-0.096187678,0.014620194,-0.036437145,-0.010908475
20.15,59,54,0.19229165,0.20016454,-0.264,0.03403392,-0.09774146,0.013781453,-0.039375163,-0.012796855
20.16,59,63,0.20760691,0.19982062,-0.255,0.1701696,-0.099773302,0.012684653,-0.042314236,-0.014814792
20.17,59,59,0.20080013,0.19939035,0.453,0.22122048,-0.10167129,0.011660105,-0.04450509,-0.016422493
20.18,59,59,0.20080013,0.1988564,0.14,-0.15315264,-0.1031236,0.010876144,-0.045702379,-0.017413117
20.19,63,63,0.2144137,0.19822364,-0.201,-0.068067841,-0.10447422,0.010147067,-0.04583937,-0.017846151
20.2,54,54,0.18378317,0.19750188,-0.091,-0.1701696,-0.10590681,0.0093737497,-0.044592269,-0.01760926
20.21,59,59,0.20080013,0.19678217,-0.489,-0.47647489,-0.10811607,0.0081811792,-0.04208048,-0.016949651
20.22,59,59,0.20080013,0.19614001,-0.302,0,-0.11144063,0.0063865581,-0.038907932,-0.016260687
20.23,54,54,0.18378317,0.19558383,-0.279,0.22122048,-0.11450706,0.0047312824,-0.035378689,-0.015323704
20.24,54,54,0.18378317,0.19510078,-0.084,-0.01701696,-0.11548615,0.0042027607,-0.031437176,-0.013617208
20.25,63,63,0.2144137,0.19469694,0.04,0.068067841,-0.11422583,0.0048830927,-0.026824846,-0.010970877
20.26,59,54,0.19229165,0.19437809,0.088,-1.7763568e-15,-0.11134239,0.0064395916,-0.021482854,-0.0075216311
20.27,59,63,0.20760691,0.19411076,0.067,-0.30630528,-0.10715368,0.0087006785,-0.015762976,-0.0035311488
20.28,54,54,0.18378317,0.19386889,-0.316,-0.30630528,-0.10130378,0.011858494,-0.0099117192,0.00097338725
20.29,54,54,0.18378317,0.19368158,-0.249,-0.15315264,-0.094473123,0.015545721,-0.0036196958,0.0059630128
20.3,54,54,0.18378317,0.19359637,0.336,0.15315264,-0.087791052,0.019152743,0.0037730959,0.011462919
20.31,59,54,0.19229165,0.19361456,-0.174,0.39139008,-0.081966455,0.022296895,0.012380769,0.017338832
20.32,59,54,0.19229165,0.19381583,0.033,0.1701696,-0.077823878,0.024533083,0.021585828,0.023059455
20.33,63,63,0.2144137,0.194204,-0.438,0.30630528,-0.07614575,0.025438947,0.030211246,0.027825097
20.34,59,54,0.19229165,0.19474208,0.075,0.13613568,-0.077137628,0.024903525,0.037366219,0.031134872
20.35,59,54,0.19229165,0.19539816,-0.119,-0.39139008,-0.080528744,0.02307298,0.042747878,0.032910429
20.36,63,63,0.2144137,0.19614398,-0.449,-0.22122048,-0.085753185,0.020252796,0.046160001,0.033206399
20.37,54,54,0.18378317,0.19696907,0,0.1701696,-0.092475477,0.016624062,0.047479028,0.032051545
20.38,54,54,0.18378317,0.1978147,-0.173,-0.051050881,-0.10059335,0.012241986,0.047367722,0.029804854
20.39,59,59,0.20080013,0.19858473,0.051,0.03403392,-0.10960296,0.0073785432,0.046361453,0.026869998
20.4,59,59,0.20080013,0.19926072,0.009,0.3403392,-0.11862822,0.0025066557,0.044802634,0.023654645
20.41,59,59,0.20080013,0.19986495,0.394,0.1701696,-0.12767084,-0.0023746062,0.042506055,0.020065724
20.42,59,59,0.20080013,0.20038788,0.18,0,-0.13736673,-0.0076085072,0.038757254,0.015574374
20.43,59,59,0.20080013,0.20083433,-0.589,0.068067841,-0.14730273,-0.01297202,0.032999722,0.010013851
20.44,59,59,0.20080013,0.20126121,-0.856,0.28928832,-0.15692508,-0.018166222,0.025428371,0.0036310743
20.45,59,59,0.20080013,0.20168637,0.747,0.051050881,-0.16645131,-0.023308537,0.016468092,-0.0034202225
20.46,59,63,0.20760691,0.2020714,-0.171,-0.1701696,-0.17603925,-0.028484161,0.0072174324,-0.010633364
20.47,68,63,0.22292218,0.20232795,-0.752,0,-0.18538499,-0.033529049,-0.0015415,-0.017535275
20.48,54,54,0.18378317,0.20237306,-0.788,-0.068067841,-0.19398974,-0.038173945,-0.0095096422,-0.023841794
20.49,59,59,0.20080013,0.20214796,-0.063,-0.28928832,-0.20171714,-0.04234524,-0.016595027,-0.029470134
20.5,59,59,0.20080013,0.20165582,0.273,-0.22122048,-0.20862848,-0.046076023,-0.022748053,-0.034412038
20.51,59,59,0.20080013,0.20098028,-0.636,0.13613568,-0.214158,-0.049060892,-0.028154261,-0.038607577
20.52,59,59,0.20080013,0.20024759,0.046,0.27227136,-0.2176935,-0.050969378,-0.032819213,-0.041894296
20.53,54,54,0.18378317,0.19952278,0.273,0.13613568,-0.21867596,-0.051499712,-0.036820332,-0.044160022
20.54,63,63,0.2144137,0.19884445,-0.118,-0.085084801,-0.21667221,-0.050418076,-0.039964016,-0.045191046
20.55,63,63,0.2144137,0.19825046,-0.199,0,-0.21066906,-0.047177542,-0.041632229,-0.044404885
20.56,59,59,0.20080013,0.19770218,-0.671,-0.22122048,-0.2003426,-0.041603258,-0.041726894,-0.041665076
20.57,59,54,0.19229165,0.19716719,-0.316,-0.61261057,-0.18702878,-0.034416376,-0.040602932,-0.037509654
20.58,59,54,0.19229165,0.19665463,-0.248,-0.47647489,-0.17269212,-0.026677364,-0.03843678,-0.032557072
20.59,54,54,0.18378317,0.19617049,-0.511,-0.01701696,-0.15872107,-0.019135704,-0.035227551,-0.027181627
20.6,54,54,0.18378317,0.1957306,-0.209,0.30630528,-0.14557952,-0.012041816,-0.031146363,-0.02159409
20.61,54,54,0.18378317,0.19537778,0.242,0.32332224,-0.1340127,-0.0057979782,-0.026837211,-0.016317595
20.62,59,63,0.20760691,0.19510683,0.706,0.3403392,-0.124378,-0.00059710905,-0.022654768,-0.011625939
20.63,59,63,0.20760691,0.19488774,-0.426,0.3403392,-0.11603601,0.0039059466,-0.018645681,-0.0073698672
20.64,59,59,0.20080013,0.19469172,-0.74,-0.068067841,-0.1080906,0.0081949233,-0.014507786,-0.0031564311
20.65,59,59,0.20080013,0.19454849,0.25,-0.47647489,-0.10040317,0.012344646,-0.009808443,0.0012681013
20.66,59,59,0.20080013,0.19450418,-0.004,-0.32332224,-0.093946589,0.015829947,-0.0041316631,0.005849142
20.67,54,54,0.18378317,0.19451524,-0.297,-0.1701696,-0.08933017,0.018321918,0.0024628831,0.010392401
20.68,54,54,0.18378317,0.19459906,-0.26,-0.10210176,-0.085806757,0.020223878,0.0093697088,0.014796793
20.69,59,54,0.19229165,0.19481014,0.143,0.22122048,-0.083596111,0.021417197,0.015516533,0.018466865
20.7,59,54,0.19229165,0.19516404,0.505,0.32332224,-0.083640438,0.021393269,0.019770074,0.020581672
20.71,63,54,0.19909843,0.19558996,-0.602,0.085084801,-0.086620434,0.019784649,0.021468807,0.020626728
20.72,63,59,0.20760691,0.19595141,-0.157,0.085084801,-0.09200151,0.016879912,0.0208091,0.018844506
20.73,59,54,0.19229165,0.19619628,0.336,0.10210176,-0.098915958,0.013147452,0.019170763,0.016159107
20.74,59,54,0.19229165,0.19636242,0.124,-0.28928832,-0.10629478,0.0091643204,0.018042764,0.013603542
20.75,59,59,0.20080013,0.19653964,-0.701,-0.22122048,-0.11198449,0.0060929777,0.017982048,0.012037513
20.76,59,59,0.20080013,0.19681073,-0.826,0.15315264,-0.11421213,0.0048904853,0.018778137,0.011834311
20.77,54,50,0.17697639,0.19721252,0.621,0.13613568,-0.11231875,0.0059125452,0.019775283,0.012843914
20.78,68,50,0.20080013,0.19769623,0.384,0.051050881,-0.10680149,0.0088907948,0.020091474,0.014491134
20.79,63,54,0.19909843,0.19813264,-0.272,0.20420352,-0.098657198,0.013287132,0.019281249,0.016284191
20.8,63,59,0.20760691,0.19838442,-0.643,0.44244097,-0.089153222,0.018417435,0.017614722,0.018016079
20.81,63,54,0.19909843,0.1984169,0.07,0.15315264,-0.08008819,0.023310794,0.01601471,0.019662752
20.82,63,54,0.19909843,0.19829952,0.079,-0.30630528,-0.073607249,0.026809245,0.015119561,0.020964403
20.83,68,63,0.22292218,0.19813368,-0.569,-0.39139008,-0.070985749,0.028224346,0.015202065,0.021713206
20.84,59,54,0.19229165,0.19800363,-0.278,-0.22122048,-0.072030399,0.027660438,0.016572529,0.022116484
20.85,54,54,0.18378317,0.1979585,-0.11,-0.22122048,-0.076101257,0.025462965,0.019368174,0.022415569
20.86,54,54,0.18378317,0.19802751,0.147,1.7763568e-15,-0.083658092,0.02138374,0.02280412,0.02209393
20.87,59,54,0.19229165,0.19820591,-0.058,0.39139008,-0.095218683,0.015143263,0.025951034,0.020547148
20.88,63,59,0.20760691,0.19847273,-0.059,0.32332224,-0.11067191,0.0068015202,0.028265631,0.017533575
20.89,63,59,0.20760691,0.19878843,0.407,0.085084801,-0.12954985,-0.0033889043,0.02973106,0.013171078
20.9,63,59,0.20760691,0.19913352,0.002,-0.15315264,-0.15098476,-0.014959598,0.030790202,0.0079153016
20.91,63,50,0.19229165,0.19952672,0.147,-0.30630528,-0.17359538,-0.02716495,0.031920263,0.0023776566
20.92,63,50,0.19229165,0.19999999,-0.256,-0.15315264,-0.19539682,-0.038933498,0.03289219,-0.0030206539
20.93,63,50,0.19229165,0.20056967,0.23,0.22122048,-0.21439884,-0.049190899,0.033389436,-0.0079007313
20.94,63,50,0.19229165,0.20121274,-0.32,0.44244097,-0.22987397,-0.05754447,0.033643666,-0.011950402
20.95,68,54,0.20760691,0.20188124,-0.932,0.28928832,-0.24087962,-0.063485385,0.033696356,-0.014894515
20.96,72,54,0.2144137,0.20249056,-0.276,0.13613568,-0.24623357,-0.066375476,0.033063507,-0.016655984
20.97,72,54,0.2144137,0.20300045,-0.411,0.068067841,-0.24554696,-0.066004842,0.031417555,-0.017293644
20.98,63,54,0.19909843,0.20339321,0.015,0.01701696,-0.23998263,-0.063001183,0.028586759,-0.017207212
20.99,63,54,0.19909843,0.20366688,-0.734,-0.20420352,-0.23111252,-0.058213042,0.024632423,-0.01679031
21,68,54,0.20760691,0.20383158,-0.601,-0.22122048,-0.21908034,-0.051718001,0.019659555,-0.016029223
21.01,68,59,0.21611539,0.20393532,-0.374,0,-0.20352255,-0.043319812,0.013999153,-0.01466033
21.02,59,54,0.19229165,0.20404783,-0.145,0,-0.18426193,-0.032922815,0.0084251928,-0.012248811
21.03,63,54,0.19909843,0.20415136,-0.169,-0.085084801,-0.16188465,-0.020843424,0.0031979236,-0.0088227502
21.04,63,54,0.19909843,0.20414415,-0.352,0.068067841,-0.13674247,-0.0072715244,-0.0015236317,-0.004397578
21.05,63,59,0.20760691,0.20394027,-0.101,0.085084801,-0.11005897,0.0071323889,-0.0055530896,0.00078964965
21.06,63,59,0.20760691,0.20355288,0.188,-0.13613568,-0.083656977,0.021384341,-0.0087724873,0.006305927
21.07,63,59,0.20760691,0.2030454,-0.098,-1.936229e-13,-0.059456321,0.034448001,-0.010437311,0.012005345
21.08,63,50,0.19229165,0.20252648,0.572,0.068067841,-0.039121647,0.04542478,-0.0098336096,0.017795585
21.09,63,50,0.19229165,0.20214605,0.401,0,-0.023914483,0.053633698,-0.0071564398,0.023238629
21.1,72,54,0.2144137,0.20198838,0.078,0.085084801,-0.014672253,0.058622709,-0.0033293993,0.027646655
21.11,68,54,0.20760691,0.20202735,0.04,0.1701696,-0.011453118,0.060360417,0.00088588802,0.030623153
21.12,68,54,0.20760691,0.20218229,0.142,-0.051050881,-0.014102261,0.058930394,0.0048003009,0.031865348
21.13,68,50,0.20080013,0.20236901,-0.128,-0.22122048,-0.022288993,0.054511147,0.0078906763,0.031200912
21.14,68,50,0.20080013,0.20256167,0.161,-0.23823744,-0.035024514,0.047636436,0.0099907217,0.028813579
21.15,68,50,0.20080013,0.20276904,-0.279,-0.15315264,-0.050786429,0.03912806,0.01128296,0.02520551
21.16,63,54,0.19909843,0.20298633,-0.215,0,-0.067866705,0.029908025,0.012082476,0.020995251
21.17,63,50,0.19229165,0.20318202,-0.37,0.13613568,-0.085044904,0.02063513,0.012457356,0.016546243
21.18,68,50,0.20080013,0.20334941,-0.383,0.30630528,-0.10187124,0.011552173,0.012371953,0.011962063
21.19,68,50,0.20080013,0.20352356,0.028,0.1701696,-0.1173713,0.0031851463,0.0120126,0.0075988732
21.2,72,54,0.2144137,0.20375437,-0.041,0.13613568,-0.1293465,-0.0032791377,0.01148972,0.0041052912
21.21,68,59,0.21611539,0.20404984,-0.045,0.27227136,-0.13572191,-0.0067206236,0.01023624,0.0017578083
21.22,63,50,0.19229165,0.20437549,-0.799,-0.085084801,-0.13633601,-0.007052118,0.0078178806,0.00038288129
21.23,72,54,0.2144137,0.20466489,-0.035,-0.45945793,-0.13200178,-0.0047124704,0.0044009734,-0.00015574849
21.24,72,54,0.2144137,0.20492374,-0.441,-0.01701696,-0.12323814,1.8194211e-05,6.1129432e-07,9.4027527e-06
21.25,63,50,0.19229165,0.20517676,0.35,0.15315264,-0.11038775,0.0069549076,-0.0056070073,0.00067395015
21.26,63,50,0.19229165,0.20540354,-0.248,-0.13613568,-0.094360693,0.015606412,-0.01274101,0.0014327009
21.27,72,54,0.2144137,0.20550165,0.092,-1.936229e-13,-0.076676368,0.025152516,-0.021601268,0.0017756242
21.28,68,54,0.20760691,0.20535492,0.11,0.15315264,-0.059058085,0.034662971,-0.031746926,0.0014580226
21.29,68,54,0.20760691,0.2049152,0.184,0.01701696,-0.042607894,0.043542883,-0.041933111,0.00080488574
21.3,63,54,0.19909843,0.20417625,0.013,-0.068067841,-0.027801616,0.0515354,-0.050694926,0.00042023718
21.31,68,50,0.20080013,0.20318049,-0.362,-0.073666494,-0.01402116,0.058974173,-0.056764263,0.001104955
21.321,68,54,0.20760691,0.20190073,0.303,-0.04881633,0.00024515541,0.066675216,-0.059538438,0.0035683888
21.33,68,54,0.20760691,0.20084097,0.086,0.019902877,0.010581202,0.072254675,-0.058914308,0.0066701838
21.34,63,54,0.19909843,0.19977781,0.074,-0.15315264,0.019739715,0.077198496,-0.055859503,0.010669496
21.35,68,50,0.20080013,0.19889533,-0.234,-0.30630528,0.025890185,0.080518557,-0.051248197,0.01463518
21.36,68,50,0.20080013,0.19815561,0.145,0,0.028827201,0.082103975,-0.045738507,0.018182734
21.37,63,50,0.19229165,0.19749229,-0.139,-4.3520743e-13,0.028461569,0.081906605,-0.039493472,0.021206567
21.38,63,50,0.19229165,0.19688496,0.086,-0.32332224,0.024529949,0.079784293,-0.032624373,0.02357996
21.39,72,54,0.2144137,0.19637429,0.453,-0.2552544,0.016903438,0.075667456,-0.025076895,0.025295281
21.4,59,50,0.18548487,0.19601817,-0.59,-0.085084801,0.005777127,0.069661407,-0.017007691,0.026326858
21.41,63,45,0.18378317,0.1958448,-0.434,-0.15315264,-0.0079784313,0.062236074,-0.0090433128,0.026596381
21.42,63,45,0.18378317,0.19590959,0.145,-0.01701696,-0.02253959,0.054375873,-0.0015441938,0.02641584
21.43,63,50,0.19229165,0.19625328,0.324,0.37437312,-0.03622202,0.046990015,0.0049423576,0.025966187
21.44,63,54,0.19909843,0.19680589,0.04,0.47647489,-0.04798517,0.040640197,0.0096944262,0.025167311
21.45,63,54,0.19909843,0.19743463,-0.161,0.39139008,-0.05779082,0.035347048,0.0126734,0.024010224
21.46,72,50,0.20760691,0.19805174,0.135,0.085084801,-0.065105288,0.031398655,0.014589418,0.022994036
21.47,68,54,0.20760691,0.19860332,-0.07,-0.13613568,-0.069778654,0.028875943,0.016097499,0.022486721
21.48,68,54,0.20760691,0.19906382,0.379,-0.22122048,-0.072187808,0.027575468,0.017433664,0.022504566
21.49,63,50,0.19229165,0.19942481,-0.069,-0.15315264,-0.072882411,0.027200517,0.018231735,0.022716126
21.5,63,50,0.19229165,0.19966295,-0.183,0.068067841,-0.072673597,0.027313236,0.018283998,0.022798617
21.51,63,50,0.19229165,0.19978531,-0.634,0.15315264,-0.072664555,0.027318117,0.017625179,0.022471648
21.52,68,54,0.20760691,0.19981627,-0.389,0.1701696,-0.07371386,0.026751696,0.016438191,0.021594943
21.53,72,54,0.2144137,0.19975738,-0.024,0.15315264,-0.076334621,0.025336993,0.014961349,0.020149171
21.54,68,50,0.20080013,0.19960979,-0.035,-0.085084801,-0.081124221,0.022751538,0.013635217,0.018193378
21.55,68,50,0.20080013,0.19938863,-0.104,-0.37437312,-0.087759564,0.019169741,0.012945893,0.016057817
21.56,63,54,0.19909843,0.19915445,-0.347,-0.39139008,-0.095740193,0.014861749,0.01287705,0.0138694
21.57,63,50,0.19229165,0.19899234,0.08,-0.2552544,-0.10468875,0.010031264,0.013512324,0.011771794
21.58,63,50,0.19229165,0.19901801,0.027,0,-0.11420828,0.0048925631,0.015048399,0.0099704811
21.59,63,45,0.18378317,0.19928456,0.129,0.23823744,-0.12378698,-0.00027807513,0.016795626,0.0082587754
21.6,63,50,0.19229165,0.19974251,0.063,0.30630528,-0.13245843,-0.0049589773,0.018020726,0.0065308743
21.61,72,50,0.20760691,0.20029895,-0.023,0.39139008,-0.1392821,-0.0086424349,0.018204754,0.0047811595
21.62,72,50,0.20760691,0.20087525,-0.253,0.23823744,-0.14364317,-0.010996567,0.017044872,0.0030241528
21.63,68,54,0.20760691,0.2014278,0.095,0,-0.14604146,-0.012291174,0.014276493,0.00099265984
21.64,68,54,0.20760691,0.20189703,-0.139,-0.068067841,-0.14655029,-0.012565848,0.010163849,-0.0012009998
21.65,63,50,0.19229165,0.20223677,0.043,-0.13613568,-0.14417049,-0.011281218,0.005577802,-0.0028517079
21.66,68,54,0.20760691,0.20243745,-0.556,-0.068067841,-0.13861773,-0.0082838001,0.0014254109,-0.0034291946
21.67,68,50,0.20080013,0.20252408,-0.55,0.15315264,-0.13096791,-0.0041543834,-0.0019831865,-0.003068785
21.68,68,50,0.20080013,0.20249575,0.204,0.22122048,-0.12246175,0.0004372927,-0.0051265477,-0.0023446275
21.69,68,54,0.20760691,0.20229983,-0.612,-0.01701696,-0.11356428,0.005240199,-0.0083820784,-0.0015709397
21.7,68,54,0.20760691,0.2018887,-0.242,-0.10210176,-0.1043402,0.010219415,-0.011708214,-0.00074439968
21.71,72,54,0.2144137,0.20129142,0.09,-0.10210176,-0.094121622,0.015735464,-0.014572454,0.00058150487
21.72,63,50,0.19229165,0.20060593,-0.01,-0.32332224,-0.082729597,0.021884947,-0.016427053,0.002728947
21.73,63,54,0.19909843,0.19991157,-0.394,-0.37437312,-0.07052382,0.028473698,-0.016783962,0.005844868
21.74,63,54,0.19909843,0.19933382,0.112,-0.068067841,-0.058649473,0.034883542,-0.015768046,0.0095577483
21.75,63,45,0.18378317,0.19898709,-0.155,0.068067841,-0.04801524,0.040623965,-0.013942631,0.013340667
21.76,68,50,0.20080013,0.19890372,0.001,-0.15315264,-0.039105929,0.045433264,-0.011992765,0.016720249
21.77,63,54,0.19909843,0.19901425,0.164,0.01701696,-0.032644129,0.048921383,-0.010278599,0.019321392
21.78,63,54,0.19909843,0.19920702,-0.039,0.23823744,-0.029029777,0.050872432,-0.0092154684,0.020828482
21.79,63,45,0.18378317,0.19936804,0.517,0.15315264,-0.028317761,0.051256782,-0.0086129137,0.021321934
21.8,68,50,0.20080013,0.199446,-0.18,0.10210176,-0.029976471,0.050361401,-0.0077386985,0.021311351
21.81,68,54,0.20760691,0.1994542,0.304,0.10210176,-0.033837299,0.048277302,-0.0059432903,0.021167006
21.82,68,54,0.20760691,0.19945069,0.226,0.15315264,-0.039566414,0.045184692,-0.0030607146,0.021061989
21.83,68,50,0.20080013,0.19949265,0.188,0.068067841,-0.04701491,0.041163949,0.00051101144,0.02083748
21.84,63,50,0.19229165,0.19960413,-0.193,0,-0.056072964,0.036274357,0.0037685493,0.020021453
21.85,68,54,0.20760691,0.19977803,-0.886,-0.085084801,-0.066527279,0.030631055,0.0059700933,0.018300574
21.86,68,54,0.20760691,0.19994403,-0.266,0.13613568,-0.077538397,0.024687188,0.0068584714,0.01577283
21.87,72,50,0.20760691,0.20005369,0.113,-6.2883032e-13,-0.088034293,0.01902144,0.006167493,0.012594467
21.88,63,50,0.19229165,0.20008596,-0.078,-0.44244097,-0.097085274,0.014135666,0.004011498,0.0090735821
21.89,72,54,0.2144137,0.20001993,-0.353,-0.44244097,-0.10427002,0.010257297,0.0011899569,0.0057236267
21.9,59,50,0.18548487,0.19985495,-0.085,-0.068067841,-0.10935916,0.0075101516,-0.0011764247,0.0031668635
21.91,59,50,0.18548487,0.19958276,-0.389,-0.068067841,-0.11182113,0.0061811652,-0.0022630776,0.0019590438
21.92,59,50,0.18548487,0.19925799,0.007,6.2705396e-13,-0.11159799,0.0063016157,-0.0016483976,0.0023266091
21.93,68,54,0.20760691,0.19896391,-0.283,0.44244097,-0.1090618,0.0076706648,0.0006419942,0.0041563295
21.94,63,50,0.19229165,0.19875955,0.05,0.44244097,-0.10404551,0.010378489,0.0041997511,0.0072891199
21.95,68,54,0.20760691,0.19870289,0.007,0.15315264,-0.096512275,0.014444975,0.0088457676,0.011645371
21.96,68,54,0.20760691,0.19884663,-0.083,0.01701696,-0.087028616,0.01956431,0.014188123,0.016876217
21.97,68,54,0.20760691,0.19919772,0.511,-0.068067841,-0.076181706,0.025419538,0.019470019,0.022444778
21.98,68,50,0.20080013,0.19970099,-0.055,-0.30630528,-0.064798728,0.031564138,0.023680515,0.027622326
21.99,68,50,0.20080013,0.20029511,-0.097,-0.085084801,-0.05374156,0.037532863,0.026328873,0.031930868
22,63,50,0.19229165,0.20091964,-0.412,-0.01701696,-0.043312442,0.043162563,0.027492591,0.035327577
22.01,63,50,0.19229165,0.20152125,0.236,-0.1701696,-0.033766068,0.048315753,0.027240442,0.037778098
22.02,72,54,0.2144137,0.20203772,-0.191,0.068067841,-0.024447353,0.053346052,0.025426655,0.039386353
22.03,63,50,0.19229165,0.20240034,0.095,0.30630528,-0.015301318,0.058283136,0.022008834,0.040145985
22.04,63,50,0.19229165,0.20257337,-0.061,0.15315264,-0.0060920774,0.063254339,0.017667554,0.040460946
22.05,68,54,0.20760691,0.20257867,-0.012,0.085084801,0.0031783674,0.068258581,0.013358243,0.040808412
22.06,68,54,0.20760691,0.20249464,-0.092,0.1701696,0.012062959,0.073054537,0.0097454023,0.04139997
22.07,72,54,0.2144137,0.20240553,-0.1,0.01701696,0.019935311,0.07730408,0.0071693552,0.042236717
22.08,68,50,0.20080013,0.20239238,0.061,-0.068067841,0.025984385,0.080569406,0.0060705053,0.043319956
22.09,68,50,0.20080013,0.20246153,-0.203,-0.13613568,0.030249309,0.082871638,0.0061384258,0.044505032
22.1,68,50,0.20080013,0.20257135,-0.028,-0.13613568,0.033182218,0.08445484,0.006640936,0.045547888
22.11,68,54,0.20760691,0.20266218,0.122,-0.01701696,0.034903852,0.085384188,0.0070541898,0.046219189
22.12,68,50,0.20080013,0.20275378,-0.34,-0.03403392,0.034482884,0.085156947,0.0066439528,0.04590045
22.13,68,50,0.20080013,0.20285735,0.574,-0.01701696,0.030962562,0.083256656,0.0044619015,0.043859279
22.14,63,54,0.19909843,0.20297391,0.037,1.7763568e-15,0.023410293,0.079179896,0.00019735523,0.039688625
22.15,63,54,0.19909843,0.20306846,0.056,-0.01701696,0.011487451,0.072743874,-0.0055605131,0.033591681
22.16,72,50,0.20760691,0.20309192,0.169,-0.01701696,-0.0050917181,0.063794339,-0.011694422,0.026049958
22.17,68,50,0.20080013,0.2030205,0.208,0.085084801,-0.026037147,0.052487871,-0.01728277,0.01760255
22.18,72,45,0.19909843,0.20285802,0.068,0.085084801,-0.050281692,0.039400521,-0.021828633,0.0087859439
22.19,72,45,0.19909843,0.20262245,0.263,-0.01701696,-0.076502578,0.025246329,-0.025419513,-8.6592036e-05
22.2,72,50,0.20760691,0.20234157,-0.405,-0.01701696,-0.10326489,0.010799874,-0.028254067,-0.0087270964
22.21,72,50,0.20760691,0.20204374,0.133,0.085084801,-0.1298829,-0.0035686865,-0.030212754,-0.01689072
22.22,72,45,0.19909843,0.20168454,-0.786,0.085084801,-0.15614959,-0.017747605,-0.031385031,-0.024566318
22.23,72,45,0.19909843,0.20120965,-0.217,-0.085084801,-0.18186433,-0.031628574,-0.031868504,-0.031748539
22.24,72,50,0.20760691,0.2006396,-0.37,0.085084801,-0.20590536,-0.04460607,-0.031664428,-0.038135249
22.25,72,50,0.20760691,0.20005033,-0.139,0.01701696,-0.22717515,-0.056087628,-0.030955363,-0.043521495
22.26,72,45,0.19909843,0.19952648,0.135,-0.39139008,-0.24445136,-0.06541343,-0.030058737,-0.047736084
22.27,77,50,0.21611539,0.19910837,-0.423,-0.47647489,-0.25698904,-0.072181343,-0.029596885,-0.050889114
22.28,63,45,0.18378317,0.19876654,-0.454,-0.23823744,-0.26473241,-0.076361264,-0.029785098,-0.053073181
22.29,68,40,0.18378317,0.19841663,-0.624,-0.085084801,-0.26772006,-0.077974014,-0.029965201,-0.053969608
22.3,68,40,0.18378317,0.19802559,-0.377,0.068067841,-0.26561834,-0.076839495,-0.029328811,-0.053084153
22.31,72,45,0.19909843,0.19758713,-0.599,0.29304531,-0.25807175,-0.072765799,-0.027215848,-0.049990823
22.321,72,50,0.20760691,0.19706523,0.137,0.22929924,-0.24377183,-0.065046613,-0.022576068,-0.043811341
22.33,72,45,0.19909843,0.19664061,-0.223,0.035029064,-0.2282858,-0.056687166,-0.016751362,-0.036719264
22.34,72,45,0.19909843,0.1962736,0.078,-0.15315264,-0.20871864,-0.046124692,-0.0087142733,-0.027419483
22.35,68,45,0.19229165,0.19610028,-0.266,-2.4158453e-13,-0.18862711,-0.035279167,0.0003956544,-0.017441756
22.36,68,45,0.19229165,0.19616495,0.03,0.1701696,-0.1692669,-0.02482841,0.0097109766,-0.0075587165
22.37,72,45,0.19909843,0.19645968,0.069,0.15315264,-0.15221654,-0.015624523,0.018315929,0.0013457033
22.38,77,45,0.20760691,0.1969304,-0.406,0.051050881,-0.13881024,-0.008387723,0.025668485,0.0086403812
22.39,77,45,0.20760691,0.19751616,-0.244,-0.10210176,-0.12973661,-0.0034897207,0.031630211,0.014070245
22.4,72,45,0.19909843,0.19814672,-0.061,-0.32332224,-0.12499142,-0.0009282413,0.036161719,0.017616739
22.41,72,40,0.19058995,0.19874126,-0.017,-0.40840704,-0.12394413,-0.00036290724,0.03912013,0.019378611
22.42,72,40,0.19058995,0.19925395,0.018,4.8494542e-13,-0.12554822,-0.0012288033,0.04039853,0.019584863
22.43,68,40,0.18378317,0.19968757,0.032,0.2552544,-0.12902177,-0.0031038481,0.04030113,0.018598641
22.44,72,40,0.19058995,0.20005668,-0.308,0.2552544,-0.13375013,-0.0056562442,0.039650161,0.016996958
22.45,77,50,0.21611539,0.2004017,-0.146,0.40840704,-0.13976487,-0.0089030347,0.039443266,0.015270116
22.46,72,45,0.19909843,0.20084487,-0.312,0.56155969,-0.1469879,-0.012802072,0.039970158,0.013584043
22.47,77,45,0.20760691,0.20140142,-0.174,0,-0.15523657,-0.01725475,0.040823289,0.011784269
22.48,77,45,0.20760691,0.20205372,0.165,-0.23823744,-0.16406365,-0.022019664,0.040959809,0.0094700728
22.49,81,50,0.22292218,0.20276238,0.033,2.4158453e-13,-0.17203357,-0.026321875,0.039406781,0.006542453
22.5,68,40,0.18378317,0.20347833,-0.392,-0.1701696,-0.17818115,-0.029640372,0.035947888,0.0031537579
22.51,77,45,0.20760691,0.20415964,-0.386,-0.23823744,-0.18140253,-0.031379295,0.030837479,-0.00027090836
22.52,77,40,0.19909843,0.20477486,-0.517,0.085084801,-0.18163482,-0.031504683,0.024185674,-0.0036595043
22.53,72,45,0.19909843,0.20527077,-0.227,0.23823744,-0.17888787,-0.030021866,0.015992023,-0.0070149218
22.54,77,45,0.20760691,0.2055608,-0.091,0.085084801,-0.1736209,-0.027178725,0.0063884282,-0.010395148
22.55,77,45,0.20760691,0.20556456,-0.08,0.085084801,-0.16579716,-0.02295542,-0.0041330769,-0.013544248
22.56,77,45,0.20760691,0.20524346,-0.367,-0.085084801,-0.15577809,-0.017547069,-0.014384086,-0.015965577
22.57,77,45,0.20760691,0.20463887,0.07,-0.085084801,-0.14401227,-0.011195806,-0.022746939,-0.016971372
22.58,72,45,0.19909843,0.20388522,-0.094,0.15315264,-0.1314309,-0.0044043106,-0.028176136,-0.016290224
22.59,72,45,0.19909843,0.20312342,-0.042,-0.085084801,-0.1188969,0.0023616197,-0.030428762,-0.014033571
22.6,72,50,0.20760691,0.20244208,0.008,-0.068067841,-0.10717412,0.008689647,-0.029857607,-0.01058398
22.61,77,54,0.22292218,0.20188658,-0.1,0.10210176,-0.097132796,0.014110013,-0.027398896,-0.0066444415
22.62,63,45,0.18378317,0.20144637,-0.132,-0.22122048,-0.088771919,0.018623265,-0.024332409,-0.0028545722
22.63,77,50,0.21611539,0.20109164,-0.256,-0.37437312,-0.0817746,0.02240046,-0.021613221,0.00039361968
22.64,68,45,0.19229165,0.20079335,-0.072,-0.051050881,-0.07539551,0.025843931,-0.019238564,0.0033026835
22.65,68,45,0.19229165,0.20050311,-0.266,-0.068067841,-0.069239147,0.029167173,-0.017050046,0.0060585633
22.66,68,50,0.20080013,0.20021521,0.006,-0.23823744,-0.063104707,0.03247858,-0.014734744,0.008871918
22.67,68,50,0.20080013,0.19995959,-0.035,0.068067841,-0.05755463,0.035474545,-0.011688357,0.011893094
22.68,68,45,0.19229165,0.19978839,0.677,0.051050881,-0.053270427,0.037787184,-0.0073523427,0.01521742
22.69,68,45,0.19229165,0.19970538,-0.292,0.051050881,-0.051214684,0.038896886,-0.0019907463,0.01845307
22.7,72,45,0.19909843,0.19974461,0.407,0.30630528,-0.051409572,0.038791684,0.0039529641,0.021372324
22.71,72,45,0.19909843,0.19991787,-0.832,0.30630528,-0.053183499,0.037834108,0.0098996185,0.023866863
22.72,72,50,0.20760691,0.20018406,0.309,0.068067841,-0.056283043,0.036160955,0.015646033,0.025903494
22.73,77,50,0.21611539,0.20051862,-0.528,0.085084801,-0.06037498,0.033952103,0.02123871,0.027595407
22.74,72,45,0.19909843,0.20092892,0.08,2.3980817e-13,-0.064815514,0.031555076,0.026465217,0.029010147
22.75,72,45,0.19909843,0.20140219,-0.407,-0.2552544,-0.069277978,0.029146212,0.031146355,0.030146283
22.76,72,50,0.20760691,0.20193257,-0.027,-0.23823744,-0.073244855,0.027004867,0.034749719,0.030877293
22.77,72,45,0.19909843,0.20248726,-0.237,0.01701696,-0.076768416,0.025102828,0.03651965,0.030811239
22.78,72,45,0.19909843,0.20302351,0.135,0.085084801,-0.079959972,0.023380007,0.035956534,0.02966827
22.79,68,45,0.19229165,0.20353375,0.214,-1.7763568e-15,-0.083666291,0.021379314,0.033104086,0.0272417
22.8,72,50,0.20760691,0.20401595,0.111,0.085084801,-0.088317709,0.018868451,0.028563792,0.023716122
22.81,72,50,0.20760691,0.20441918,0.281,0.23823744,-0.093757945,0.015931778,0.022817692,0.019374735
22.82,72,45,0.19909843,0.20476148,-0.501,0.15315264,-0.099197546,0.012995449,0.016461295,0.014728372
22.83,77,45,0.20760691,0.20505328,0.094,-0.085084801,-0.10342276,0.010714653,0.0096348833,0.010174768
22.84,72,50,0.20760691,0.2052962,-0.574,-0.085084801,-0.10552945,0.0095774505,0.0023704617,0.0059739561
22.85,72,50,0.20760691,0.2054971,0.054,0.085084801,-0.10440306,0.010185482,-0.0050845332,0.0025504742
22.86,72,45,0.19909843,0.20561888,-0.468,0.1701696,-0.099783772,0.012679001,-0.012237615,0.00022069303
22.87,72,45,0.19909843,0.20557278,0.049,-2.4513724e-13,-0.092781,0.016459139,-0.018520405,-0.0010306329
22.88,77,50,0.21611539,0.20532661,-0.303,0.085084801,-0.085078725,0.020616873,-0.023981118,-0.0016821223
22.89,77,50,0.21611539,0.20488104,0.38,0.1701696,-0.077579575,0.024664959,-0.028769634,-0.0020523372
22.9,72,45,0.19909843,0.20424872,-0.271,-0.1701696,-0.070176892,0.028660972,-0.032888076,-0.0021135521
22.91,77,50,0.21611539,0.20346491,-0.137,-0.3403392,-0.062006664,0.03307131,-0.035885131,-0.0014069104
22.92,72,45,0.19909843,0.20259464,0.401,-0.23823744,-0.052350528,0.03828375,-0.037155758,0.00056399629
22.93,72,45,0.19909843,0.20169572,-0.013,-0.23823744,-0.041254508,0.044273448,-0.036572628,0.0038504101
22.94,72,45,0.19909843,0.20085259,-0.574,-0.085084801,-0.029745193,0.050486246,-0.034437004,0.0080246209
22.95,68,45,0.19229165,0.20014251,0.033,0.01701696,-0.018834232,0.056376048,-0.030941382,0.012717333
22.96,72,45,0.19909843,0.19959216,-0.607,-0.13613568,-0.00947334,0.061429114,-0.02628314,0.017572987
22.97,72,50,0.20760691,0.19920872,0.383,-0.068067841,-0.0026138811,0.065131891,-0.020883866,0.022124012
22.98,68,45,0.19229165,0.19898262,-0.382,-0.068067841,0.00096413178,0.067063323,-0.015246397,0.025908463
22.99,68,45,0.19229165,0.1989182,0.531,-0.13613568,0.0012459392,0.067215445,-0.0095723891,0.028821528
23,68,45,0.19229165,0.1990173,0.4,0.23823744,-0.0017110415,0.065619249,-0.0040245341,0.030797357
23.01,68,45,0.19229165,0.19926209,0.232,0.30630528,-0.0076183226,0.062430463,0.0011155326,0.031772998
23.02,68,50,0.20080013,0.19963546,0.191,0.085084801,-0.015645869,0.058097145,0.0057362293,0.031916687
23.03,77,54,0.22292218,0.20010238,-0.219,0.1701696,-0.025052042,0.053019637,0.0098857979,0.031452717
23.04,68,45,0.19229165,0.20060596,0.321,0.15315264,-0.034729815,0.047795517,0.013491586,0.030643551
23.05,68,50,0.20080013,0.2010653,-0.723,-0.085084801,-0.044085229,0.042745408,0.01620858,0.029476994
23.06,68,50,0.20080013,0.2014247,-0.42,4.3698378e-13,-0.05276758,0.038058623,0.0177231,0.027890862
23.07,72,50,0.20760691,0.20167483,0.194,0.068067841,-0.060782051,0.033732363,0.018274301,0.026003332
23.08,72,50,0.20760691,0.20182612,0.249,-0.10210176,-0.06832981,0.029658038,0.018235443,0.02394674
23.09,72,50,0.20760691,0.20188255,-0.122,-0.01701696,-0.076208143,0.025405267,0.017842242,0.021623754
23.1,63,50,0.19229165,0.20188372,-0.315,-0.085084801,-0.085170585,0.020567287,0.017467196,0.019017241
23.11,72,45,0.19909843,0.20187073,-0.076,-0.1701696,-0.095256575,0.015122809,0.017050453,0.016086631
23.12,72,50,0.20760691,0.20187149,-0.764,-0.01701696,-0.10522996,0.0097391147,0.016446828,0.013092972
23.13,72,45,0.19909843,0.2018866,0.19,0.068067841,-0.11424131,0.0048747359,0.015752274,0.010313505
23.14,72,45,0.19909843,0.20191326,-0.349,-0.085084801,-0.12126887,0.0010812172,0.015097873,0.0080895452
23.15,72,45,0.19909843,0.20200264,0.347,-0.085084801,-0.12551329,-0.0012099483,0.014536397,0.0066632243
23.16,72,45,0.19909843,0.20222897,-0.327,0.085084801,-0.1269391,-0.0019796093,0.013983915,0.0060021527
23.17,72,45,0.19909843,0.20260226,0.215,0.1701696,-0.12660065,-0.0017969123,0.013037665,0.0056203764
23.18,72,45,0.19909843,0.20303892,0.028,0.1701696,-0.12598202,-0.0014629698,0.011674965,0.0051059974
23.19,72,50,0.20760691,0.20342213,-0.447,0.10210176,-0.12658061,-0.0017860939,0.010204486,0.0042091962
23.2,72,50,0.20760691,0.20370917,-0.156,0.10210176,-0.1296909,-0.0034650481,0.0084831356,0.0025090438
23.21,72,50,0.20760691,0.20390999,0.17,0.085084801,-0.13636402,-0.0070672378,0.0065451497,-0.00026104407
23.22,68,50,0.20080013,0.20405444,-0.306,1.7763568e-15,-0.14603291,-0.012286562,0.0047990211,-0.0037437706
23.23,72,50,0.20760691,0.20412318,0.269,0,-0.15754949,-0.018503281,0.0031217991,-0.0076907409
23.24,72,50,0.20760691,0.20410728,-0.35,-0.01701696,-0.16934231,-0.024869115,0.0011932047,-0.011837955
23.25,77,45,0.20760691,0.20400766,-0.335,-0.10210176,-0.1797126,-0.030467062,-0.0011486385,-0.01580785
23.26,72,50,0.20760691,0.20384785,-0.134,-0.085084801,-0.18777597,-0.034819713,-0.0038264369,-0.019323075
23.27,72,45,0.19909843,0.20371255,-0.472,1.7763568e-15,-0.19266316,-0.037457847,-0.0073046034,-0.022381225
23.28,72,45,0.19909843,0.20365064,-0.161,-0.15315264,-0.19502819,-0.038734509,-0.012178421,-0.025456465
23.29,72,50,0.20760691,0.20359267,-0.155,-0.22122048,-0.19585327,-0.039179887,-0.018442567,-0.028811227
23.3,72,50,0.20760691,0.20343929,0.154,-0.13613568,-0.19507937,-0.038762132,-0.025182527,-0.03197233
23.31,68,45,0.19229165,0.20313439,-0.183,-0.071309167,-0.19248893,-0.037363797,-0.031063966,-0.034213881
23.321,68,45,0.19229165,0.20260459,-0.735,0.18718656,-0.18738547,-0.034608919,-0.035282234,-0.034945577
23.33,68,45,0.19229165,0.20205107,-0.143,0.1791259,-0.18147388,-0.03141781,-0.036444266,-0.033931038
23.34,72,50,0.20760691,0.20137364,-0.526,0.068067841,-0.17371121,-0.027227473,-0.035193191,-0.031210332
23.35,81,50,0.22292218,0.20068904,0.048,0.22122048,-0.16628716,-0.023219925,-0.031340892,-0.027280409
23.36,68,45,0.19229165,0.20009399,-0.233,0.15315264,-0.16028109,-0.019977815,-0.025821569,-0.022899692
23.37,72,45,0.19909843,0.19963483,-0.266,-0.23823744,-0.15590613,-0.017616182,-0.019505258,-0.01856072
23.38,77,45,0.20760691,0.19932765,0.277,-0.1701696,-0.15230887,-0.015674362,-0.012868582,-0.014271472
23.39,72,50,0.20760691,0.19914501,-0.437,0.15315264,-0.14859675,-0.013670539,-0.0059208976,-0.0097957181
23.4,72,45,0.19909843,0.1991063,0.239,-0.23823744,-0.14374474,-0.011051393,0.00063049369,-0.0052104496
23.41,72,45,0.19909843,0.19919181,0.239,-0.64664449,-0.13773746,-0.0078086296,0.0060804253,-0.00086410217
23.42,72,50,0.20760691,0.19935705,-0.2,-0.32332224,-0.13140023,-0.0043877502,0.01028197,0.0029471098
23.43,63,40,0.17527469,0.19957284,0.122,0.085084801,-0.12527704,-0.0010824199,0.013306596,0.0061120883
23.44,63,40,0.17527469,0.19982339,-0.116,0.085084801,-0.11935015,0.0021169501,0.015359152,0.0087380511
23.45,77,40,0.19909843,0.20010258,-0.592,0.32332224,-0.1138507,0.0050855879,0.016744669,0.010915129
23.46,72,50,0.20760691,0.20039303,0.119,0.64664449,-0.10897425,0.0077179233,0.01784598,0.012781952
23.47,72,50,0.20760691,0.20070118,-0.65,0.32332224,-0.10500376,0.0098612176,0.019079852,0.014470535
23.48,77,45,0.20760691,0.20108934,-0.244,0.15315264,-0.10188856,0.011542823,0.020652086,0.016097454
23.49,77,45,0.20760691,0.20161959,0.171,-0.085084801,-0.099344536,0.012916103,0.022225823,0.017570963
23.5,72,45,0.19909843,0.20226814,-0.274,-0.23823744,-0.098049138,0.013615367,0.022991108,0.018303238
23.51,77,54,0.22292218,0.20294395,0.115,-0.085084801,-0.098656606,0.013287452,0.022086013,0.017686732
23.52,68,40,0.18378317,0.20354387,-0.253,0.22122048,-0.10094255,0.012053486,0.018966959,0.015510222
23.53,77,45,0.20760691,0.20401474,-0.486,-0.085084801,-0.10405474,0.010373506,0.013644849,0.012009177
23.54,72,45,0.19909843,0.20432646,-0.067,-0.23823744,-0.10647649,0.0090662314,0.0065937199,0.0078299756
23.55,81,54,0.22972896,0.20438188,0.228,0.15315264,-0.10720106,0.0086751028,-0.0016763356,0.0034993836
23.56,68,40,0.18378317,0.20412945,0.487,0,-0.10655751,0.0090224968,-0.010498298,-0.00073790042
23.57,72,45,0.19909843,0.20355728,-0.051,-0.30630528,-0.10538792,0.0096538459,-0.01840136,-0.0043737568
23.58,77,45,0.20760691,0.20275545,-0.195,-0.15315264,-0.10423603,0.010275644,-0.024137603,-0.0069309797
23.59,72,45,0.19909843,0.20186445,-0.176,0.23823744,-0.10334862,0.010754675,-0.026929918,-0.0080876216
23.6,72,45,0.19909843,0.20107042,-0.45,0.085084801,-0.10248821,0.011219132,-0.026683804,-0.0077323361
23.61,72,45,0.19909843,0.20051755,0.135,0,-0.10137853,0.011818139,-0.023839057,-0.0060104591
23.62,77,45,0.20760691,0.20017386,-0.022,-0.068067841,-0.10016342,0.012474063,-0.019309274,-0.0034176052
23.63,77,45,0.20760691,0.19994124,-0.086,-0.068067841,-0.098223728,0.013521122,-0.013964204,-0.00022154095
23.64,72,45,0.19909843,0.19979111,-0.283,-0.085084801,-0.09557947,0.014948508,-0.008414409,0.0032670496
23.65,68,45,0.19229165,0.19974943,-0.175,-0.1701696,-0.092344124,0.016694967,-0.0032634728,0.0067157473
23.66,72,45,0.19909843,0.19982112,0.094,-0.15315264,-0.088623234,0.018703526,0.0011087421,0.0099061341
23.67,72,45,0.19909843,0.19995005,-0.186,-0.068067841,-0.084232948,0.021073429,0.0050625566,0.013067993
23.68,72,45,0.19909843,0.20010317,-0.426,0.15315264,-0.078783784,0.02401492,0.0089198346,0.016467377
23.69,68,45,0.19229165,0.20028587,-0.648,0.068067841,-0.071915327,0.027722554,0.012689758,0.020206156
23.7,68,45,0.19229165,0.20052707,0.169,0.15315264,-0.063994279,0.031998384,0.016426652,0.024212518
23.71,81,45,0.2144137,0.20079001,0.39,0.30630528,-0.055383517,0.036646525,0.01977475,0.028210637
23.72,72,40,0.19058995,0.20109115,-0.005,0.22122048,-0.046490955,0.041446783,0.022354588,0.031900686
23.73,81,50,0.22292218,0.20146448,0.44,-0.068067841,-0.037696051,0.046194325,0.023987535,0.03509093
23.74,72,45,0.19909843,0.20196413,-0.449,-0.20420352,-0.029673481,0.050524956,0.024712391,0.037618674
23.75,77,45,0.20760691,0.20251923,-0.642,-0.068067841,-0.023445798,0.053886697,0.024230535,0.039058616
23.76,68,45,0.19229165,0.20305543,0.653,0.068067841,-0.020061281,0.05571368,0.022480624,0.039097152
23.77,63,50,0.19229165,0.20356722,0.27,0.085084801,-0.019750346,0.055881524,0.019176294,0.037528909
23.78,72,54,0.2144137,0.20404842,0.248,-0.068067841,-0.02200597,0.054663925,0.013696749,0.034180337
23.79,72,54,0.2144137,0.20446788,-0.003,0,-0.026201775,0.052399004,0.0055402696,0.028969637
23.8,68,50,0.20080013,0.20473691,-0.406,0.085084801,-0.032338794,0.049086204,-0.0048370698,0.022124567
23.81,68,45,0.19229165,0.20477654,-0.142,0.01701696,-0.040816204,0.044510048,-0.016116138,0.014196955
23.82,68,45,0.19229165,0.20454173,0.072,-0.068067841,-0.050852189,0.039092563,-0.02667288,0.0062098414
23.83,72,59,0.22292218,0.20402995,-0.736,0.085084801,-0.061378551,0.033410369,-0.035271257,-0.00093044399
23.84,68,54,0.20760691,0.20328762,0.475,0.30630528,-0.071440149,0.027979059,-0.041277856,-0.0066493985
23.85,68,50,0.20080013,0.20240045,-0.284,-0.085084801,-0.081104341,0.022762269,-0.044380807,-0.010809269
23.86,68,50,0.20080013,0.20148152,0.353,-0.37437312,-0.090926233,0.017460354,-0.044848673,-0.01369416
23.87,72,54,0.2144137,0.20059266,-0.108,-0.15315264,-0.10096452,0.012041627,-0.04307782,-0.015518096
23.88,63,50,0.19229165,0.19974089,-0.577,-0.01701696,-0.11065023,0.0068132226,-0.039600951,-0.016393864
23.89,68,50,0.20080013,0.19891986,-0.206,-1.936229e-13,-0.11871115,0.0024618907,-0.034813536,-0.016175823
23.9,68,45,0.19229165,0.19816342,-0.21,-0.15315264,-0.12440125,-0.00060966342,-0.028817031,-0.014713347
23.91,72,50,0.20760691,0.19751561,-0.206,-0.2552544,-0.12827496,-0.0027007158,-0.022004481,-0.012352598
23.92,72,50,0.20760691,0.19706305,0.312,-0.3403392,-0.13209693,-0.004763836,-0.014453228,-0.0096085322
23.93,63,45,0.18378317,0.19684632,-0.441,-0.2552544,-0.13674253,-0.007271556,-0.0064909057,-0.0068812309
23.94,63,45,0.18378317,0.1968743,0.161,-0.15315264,-0.14285378,-0.010570449,0.0013761014,-0.0045971736
23.95,63,40,0.17527469,0.19712124,-0.227,0.1701696,-0.15133791,-0.015150233,0.0082437081,-0.0034532623
23.96,72,45,0.19909843,0.19752008,-0.179,0.47647489,-0.16373244,-0.021840872,0.013843799,-0.0039985365
23.97,68,50,0.20080013,0.19806399,-0.152,0.49349185,-0.18189031,-0.0316426,0.018541042,-0.006550779
23.98,72,50,0.20760691,0.19876485,-0.227,0.3403392,-0.20606195,-0.044690597,0.022531724,-0.011079436
23.99,72,50,0.20760691,0.19958511,-0.004,-0.01701696,-0.23371922,-0.059620156,0.025381152,-0.017119502
24,68,50,0.20080013,0.20040713,-0.157,-0.10210176,-0.26166347,-0.074704633,0.026650591,-0.024027021
24.01,77,45,0.20760691,0.20111581,0.423,1.7763568e-15,-0.2866177,-0.088175073,0.026347745,-0.030913664
24.02,72,40,0.19058995,0.20167616,-0.906,0.068067841,-0.30650367,-0.098909638,0.025109179,-0.036900229
24.03,72,50,0.20760691,0.20207091,-0.759,0.068067841,-0.32040277,-0.10641246,0.023280828,-0.041565815
24.04,77,45,0.20760691,0.20229744,-0.589,0.085084801,-0.32783721,-0.11042561,0.020775088,-0.044825262
24.05,77,45,0.20760691,0.20237568,0.119,-1.7763568e-15,-0.32864521,-0.11086177,0.017496136,-0.046682819
24.06,77,45,0.20760691,0.20235235,0.166,-0.15315264,-0.32303017,-0.10783075,0.013445737,-0.047192504
24.07,72,45,0.19909843,0.20225268,-0.35,-0.13613568,-0.31071304,-0.10118188,0.0082313757,-0.046475254
24.08,72,45,0.19909843,0.20206948,-0.261,-0.30630528,-0.2916071,-0.090868383,0.0020096641,-0.044429359
24.09,68,50,0.20080013,0.20179556,-0.804,-0.15315264,-0.2660532,-0.077074232,-0.0044759689,-0.040775101
24.1,68,50,0.20080013,0.20147376,-0.776,0.085084801,-0.23583841,-0.060764107,-0.0098423722,-0.035303239
24.11,68,40,0.18378317,0.20117812,-0.838,-0.01701696,-0.20333391,-0.043217983,-0.013004495,-0.028111239
24.12,72,50,0.20760691,0.20093238,0.063,-0.10210176,-0.17061501,-0.025556125,-0.013775243,-0.019665684
24.13,72,45,0.19909843,0.20073854,-0.556,0.15315264,-0.13939771,-0.0087048401,-0.012737746,-0.010721293
24.14,72,45,0.19909843,0.20057871,-0.066,0.23823744,-0.11037828,0.0069600194,-0.01085537,-0.0019476752
24.15,68,45,0.19229165,0.20047423,-0.156,0.085084801,-0.083543744,0.021445465,-0.0088737477,0.0062858587
24.16,72,50,0.20760691,0.20045962,0.755,0.1701696,-0.059034766,0.034675559,-0.0073789579,0.0136483
24.17,72,50,0.20760691,0.20055327,0.682,0.1701696,-0.036589905,0.046791429,-0.0066390176,0.020076206
24.18,72,50,0.20760691,0.20072074,0.331,2.4158453e-13,-0.016925691,0.05740629,-0.0065101509,0.025448069
24.19,72,50,0.20760691,0.20090767,-0.104,-0.1701696,-0.0011550054,0.0659194,-0.006951541,0.02948393
24.2,68,50,0.20080013,0.20105535,0.294,-0.32332224,0.010152747,0.072023393,-0.0080117555,0.032005819
24.21,72,45,0.19909843,0.20108534,-0.327,-0.32332224,0.017133193,0.07579148,-0.0098925723,0.032949454
24.22,72,45,0.19909843,0.20096346,0.19,-0.10210176,0.019767413,0.077213447,-0.012442486,0.032385481
24.23,63,45,0.18378317,0.20070661,-0.048,0.068067841,0.018289998,0.07641593,-0.015419259,0.030498335
24.24,72,45,0.19909843,0.20033868,0.033,0.10210176,0.013384347,0.07376783,-0.018327322,0.027720254
24.25,72,45,0.19909843,0.19987041,0.02,0.2552544,0.0047255208,0.069093744,-0.020238086,0.024427829
24.26,68,54,0.20760691,0.19935799,-0.334,0.23823744,-0.0084027383,0.062007031,-0.02081108,0.020597975
24.27,68,50,0.20080013,0.19883239,-0.131,0,-0.026000695,0.052507548,-0.019475283,0.016516132
24.28,72,50,0.20760691,0.19835791,-0.576,-0.15315264,-0.046808742,0.04127524,-0.016020773,0.012627233
24.29,72,45,0.19909843,0.19798724,-0.377,-0.2552544,-0.068188159,0.029734502,-0.010637933,0.0095482848
24.3,72,45,0.19909843,0.19772508,0.192,-0.27227136,-0.087887006,0.019100947,-0.0037774572,0.0076617448
24.31,68,45,0.19229165,0.1975972,-0.151,-0.085084801,-0.10452821,0.010117924,0.0043348272,0.0072263756
24.32,72,40,0.19058995,0.19768148,-0.041,0.085084801,-0.11802041,0.0028347543,0.012404899,0.0076198266
24.33,72,40,0.19058995,0.19799035,0.323,0.068067841,-0.1287539,-0.0029592497,0.018967003,0.0080038765
24.34,77,45,0.20760691,0.19846308,-0.256,0.15315264,-0.13721071,-0.0075242852,0.022960476,0.0077180952
24.35,72,45,0.19909843,0.19901604,-0.066,0.1701696,-0.14320642,-0.010760804,0.024323996,0.0067815957
24.36,72,45,0.19909843,0.19955884,-0.033,-0.068067841,-0.14692608,-0.012768702,0.023788617,0.0055099577
24.37,72,45,0.19909843,0.20003858,-0.442,-0.22122048,-0.14907081,-0.013926438,0.022360966,0.0042172642
24.38,72,45,0.19909843,0.20047239,0.206,0.1701696,-0.15059504,-0.014749227,0.020702868,0.0029768205
24.39,68,45,0.19229165,0.200909,0.166,0.085084801,-0.15206761,-0.015544127,0.018874299,0.0016650862
24.4,68,45,0.19229165,0.20134566,-0.115,0.085084801,-0.15343295,-0.016281149,0.017053246,0.00038604868
24.41,77,54,0.22292218,0.20174201,-0.669,0.32332224,-0.15457582,-0.016898077,0.015349023,-0.00077452679
24.42,63,45,0.18378317,0.20202751,0.122,0.23823744,-0.15576799,-0.017541618,0.013575633,-0.0019829928
24.43,77,54,0.22292218,0.20216067,-0.06,4.3698378e-13,-0.15700512,-0.018209423,0.01169173,-0.003258847
24.44,68,50,0.20080013,0.20214672,-0.391,0.23823744,-0.15853673,-0.019036197,0.0096865144,-0.0046748412
24.45,72,50,0.20760691,0.20200941,-0.617,-0.085084801,-0.16020149,-0.019934844,0.0078021735,-0.0060663351
24.46,72,50,0.20760691,0.20178258,-0.248,-0.56155969,-0.16155023,-0.020662906,0.0063560925,-0.0071534068
24.47,77,54,0.22292218,0.20151982,-0.353,-0.23823744,-0.16229112,-0.021062838,0.0057398878,-0.0076614752
24.48,63,40,0.17527469,0.20126122,0.252,-0.23823744,-0.16176265,-0.02077757,0.0062177703,-0.0072799
24.49,68,45,0.19229165,0.20103505,-0.667,-0.23823744,-0.15982559,-0.019731931,0.007853726,-0.0059391027
24.5,68,45,0.19229165,0.20091001,-0.139,0.1701696,-0.15723193,-0.018331859,0.0097965453,-0.0042676567
24.51,72,45,0.19909843,0.2009286,0.093,0.39139008,-0.15489248,-0.017069011,0.010954724,-0.0030571438
24.52,77,45,0.20760691,0.20107748,0.321,-0.01701696,-0.15344329,-0.016286729,0.010904236,-0.0026912465
24.53,77,45,0.20760691,0.20133816,0.063,2.4336089e-13,-0.15203385,-0.015525903,0.010011511,-0.0027571961
24.54,72,45,0.19909843,0.20167041,0.194,0.085084801,-0.14999641,-0.014426081,0.0088824219,-0.0027718298
24.55,68,40,0.18378317,0.20204775,-0.252,0,-0.14717235,-0.012901636,0.0079404801,-0.0024805781
24.56,77,45,0.20760691,0.20246072,-0.613,0.085084801,-0.14363876,-0.010994186,0.0073009896,-0.0018465984
24.57,77,45,0.20760691,0.20289888,-0.239,0.2552544,-0.13961755,-0.0088235089,0.0066653701,-0.0010790694
24.58,77,45,0.20760691,0.20331009,-0.255,0.1701696,-0.13558565,-0.006647067,0.0054661388,-0.00059046408
24.59,77,45,0.20760691,0.20359167,0.41,0,-0.13166185,-0.0045289779,0.0038183224,-0.00035532774
24.6,68,50,0.20080013,0.20370238,-0.115,1.7763568e-15,-0.128256,-0.0026904794,0.0021286711,-0.00028090414
24.61,72,50,0.20760691,0.20359576,-0.436,1.7763568e-15,-0.12466888,-0.00075413184,0.00031058194,-0.00022177495
24.62,72,50,0.20760691,0.20329834,-0.131,0.15315264,-0.1200086,0.0017615188,-0.0012980171,0.00023175085
24.63,72,50,0.20760691,0.20285554,-0.292,-0.085084801,-0.11423362,0.0048788873,-0.0025236811,0.0011776031
24.64,72,50,0.20760691,0.20235256,-0.247,-0.47647489,-0.10729148,0.0086262961,-0.0032008279,0.0027127341
24.65,77,50,0.21611539,0.20190677,-0.119,-0.32332224,-0.098119363,0.013577459,-0.0030421067,0.0052676761
24.66,63,45,0.18378317,0.20161417,-0.418,-0.1701696,-0.086256116,0.019981311,-0.0017998671,0.0090907218
24.67,63,45,0.18378317,0.20143146,0.307,-0.1701696,-0.072492659,0.027410908,0.0002062692,0.013808588
24.68,72,45,0.19909843,0.20132351,-0.327,0.085084801,-0.058454929,0.034988558,0.0025930716,0.018790815
24.69,72,45,0.19909843,0.20128041,-0.205,0.32332224,-0.04499609,0.04225372,0.0051192958,0.023686508
24.7,72,50,0.20760691,0.20130339,0.555,0.15315264,-0.032929244,0.048767476,0.0079945965,0.028381036
24.71,68,50,0.20080013,0.20142049,-0.089,-0.068067841,-0.022519458,0.054386741,0.011742958,0.033064849
24.72,72,45,0.19909843,0.2016908,0.614,0.085084801,-0.014363199,0.058789538,0.01631777,0.037553654
24.73,72,45,0.19909843,0.20213391,-0.497,0.22122048,-0.0090865916,0.061637883,0.020947958,0.04129292
24.74,68,45,0.19229165,0.20270972,-0.145,0.15315264,-0.0062772411,0.063154387,0.024547443,0.043850915
24.75,77,54,0.22292218,0.20338633,0.097,0.1701696,-0.0053438898,0.063658215,0.026529592,0.045093904
24.76,72,50,0.20760691,0.2041208,0.371,0.23823744,-0.0061602895,0.063217518,0.026625718,0.044921618
24.77,72,50,0.20760691,0.20482991,-0.369,-0.068067841,-0.0090615329,0.061651409,0.024879768,0.043265589
24.78,72,50,0.20760691,0.20541607,0.4,-0.28928832,-0.015255182,0.058308041,0.021503728,0.039905884
24.79,72,50,0.20760691,0.20579228,-0.424,-0.15315264,-0.026227887,0.052384909,0.016714721,0.034549815
24.8,68,50,0.20080013,0.20592887,0.33,1.7763568e-15,-0.042390512,0.043660227,0.010797291,0.027228759
24.81,68,50,0.20080013,0.20583728,-0.351,0.01701696,-0.062118101,0.033011156,0.0042378568,0.018624506
24.82,72,45,0.19909843,0.20555397,-0.341,-0.068067841,-0.082863861,0.021812471,-0.0020973573,0.0098575566
24.83,77,50,0.21611539,0.20516037,0.198,0.068067841,-0.10262282,0.011146467,-0.007228201,0.0019591328
24.84,68,50,0.20080013,0.20477006,-0.192,0.23823744,-0.11997847,0.0017777819,-0.010639017,-0.0044306176
24.85,68,50,0.20080013,0.20442126,-0.604,4.8316906e-13,-0.13417612,-0.0058861965,-0.012787617,-0.0093369066
24.86,72,50,0.20760691,0.2041015,-0.119,-0.18718656,-0.14529749,-0.011889579,-0.01418901,-0.013039294
24.87,77,50,0.21611539,0.20379046,-0.118,-0.03403392,-0.15402813,-0.016602429,-0.014653166,-0.015627798
24.88,72,45,0.19909843,0.20349584,0.518,-0.10210176,-0.16117604,-0.020460916,-0.013894425,-0.01717767
24.89,72,45,0.19909843,0.2032496,-0.477,-0.2552544,-0.16747435,-0.023860777,-0.011719107,-0.017789942
24.9,72,45,0.19909843,0.20307248,0.2,-0.085084801,-0.17266333,-0.026661822,-0.0082973164,-0.017479569
24.91,72,45,0.19909843,0.20296633,-0.165,0.1701696,-0.17681456,-0.02890268,-0.0041609624,-0.016531821
24.92,72,45,0.19909843,0.20292473,-0.69,0.1701696,-0.17938204,-0.03028862,-0.00016276003,-0.01522569
24.93,77,45,0.20760691,0.20292995,0.145,0.085084801,-0.18075777,-0.03103125,0.0030102803,-0.014010485
24.94,77,45,0.20760691,0.20300207,-0.786,-1.7763568e-15,-0.1822744,-0.031849933,0.0054264103,-0.013211762
24.95,77,45,0.20760691,0.20316114,-0.331,0,-0.18489141,-0.033262612,0.0069788873,-0.013141862
24.96,72,45,0.19909843,0.20339721,-0.161,1.7763568e-15,-0.18888348,-0.035417555,0.007706495,-0.01385553
24.97,72,45,0.19909843,0.20370558,-0.101,-0.085084801,-0.19324888,-0.037774027,0.0076118031,-0.015081112
24.98,77,45,0.20760691,0.20404867,0.103,-0.085084801,-0.19639255,-0.039470998,0.0069049514,-0.016283023
24.99,77,45,0.20760691,0.20436841,0.208,0,-0.19672618,-0.039651093,0.0057106719,-0.01697021
25,72,45,0.19909843,0.20462506,0.319,0.085084801,-0.19350776,-0.03791377,0.0038797776,-0.017016996
25.01,72,45,0.19909843,0.20479955,-0.656,0.085084801,-0.18637582,-0.034063907,0.0012323023,-0.016415802
25.02,72,45,0.19909843,0.20487117,-0.343,0.085084801,-0.17644459,-0.028702967,-0.001804901,-0.015253934
25.03,77,50,0.21611539,0.20479814,-0.241,0.1701696,-0.16431437,-0.022155005,-0.0047590524,-0.013457029
25.04,72,50,0.20760691,0.20459011,-0.547,0.1701696,-0.15068917,-0.014800038,-0.0074519724,-0.011126005
25.05,72,50,0.20760691,0.20430981,-0.215,-0.085084801,-0.13613335,-0.0069427215,-0.0096682109,-0.0083054662
25.06,72,50,0.20760691,0.20404274,-0.155,-0.2552544,-0.12072206,0.0013763897,-0.011229221,-0.0049264155
25.07,72,50,0.20760691,0.20383989,0.174,-0.085084801,-0.10488626,0.009924647,-0.012492456,-0.0012839045
25.08,72,45,0.19909843,0.20369957,0.019,-0.15315264,-0.089447186,0.018258752,-0.013846618,0.0022060669
25.09,72,45,0.19909843,0.20358066,0.25,-0.15315264,-0.07578387,0.025634292,-0.015489389,0.0050724516
25.1,72,50,0.20760691,0.20340458,-0.635,-0.068067841,-0.064540678,0.031703434,-0.017176768,0.007263333
25.11,68,45,0.19229165,0.20310765,0.084,0.01701696,-0.055829889,0.036405571,-0.018323054,0.0090412583
25.12,72,50,0.20760691,0.20272935,-1.245,0.085084801,-0.049731218,0.03969767,-0.018713127,0.010492271
25.13,68,45,0.19229165,0.2023233,0.54,0.068067841,-0.045455421,0.04200577,-0.018041603,0.011982084
25.14,72,50,0.20760691,0.20198869,0.627,-0.085084801,-0.042302234,0.04370788,-0.01671464,0.01349662
25.15,72,50,0.20760691,0.20179328,0.728,-4.3520743e-13,-0.039938923,0.044983609,-0.015539239,0.014722185
25.16,72,45,0.19909843,0.2017369,-0.005,0.23823744,-0.038328962,0.045852676,-0.014911168,0.015470754
25.17,68,45,0.19229165,0.20179134,-0.382,-2.4336089e-13,-0.038013149,0.046023154,-0.014699594,0.01566178
25.18,72,50,0.20760691,0.20191231,-0.084,-0.085084801,-0.039738643,0.045091722,-0.014684654,0.015203534
25.19,77,50,0.21611539,0.20207301,-0.278,0.085084801,-0.043166643,0.043241267,-0.015388579,0.013926344
25.2,72,45,0.19909843,0.20223486,-0.17,-0.068067841,-0.047554396,0.040872731,-0.017619414,0.011626659
25.21,72,45,0.19909843,0.20233601,-0.369,-0.32332224,-0.051274393,0.038864655,-0.021803958,0.0085303483
25.22,68,50,0.20080013,0.202304,0.59,-0.1701696,-0.052849532,0.038014385,-0.027358629,0.0053278778
25.23,68,45,0.19229165,0.20206346,-0.071,0.085084801,-0.051047445,0.038987162,-0.033254197,0.0028664829
25.24,72,45,0.19909843,0.20159267,-0.118,0.30630528,-0.046452578,0.041467499,-0.038534493,0.0014665033
25.25,72,45,0.19909843,0.20092377,-0.109,0.13613568,-0.040196478,0.044844579,-0.042375981,0.0012342994
25.26,77,45,0.20760691,0.20011738,-0.227,0.085084801,-0.033982764,0.048198779,-0.044175895,0.0020114424
25.27,77,54,0.22292218,0.19926362,-0.216,0.01701696,-0.029228138,0.050765355,-0.044042184,0.0033615853
25.28,63,45,0.18378317,0.1984392,-0.817,-0.39139008,-0.026920764,0.052010889,-0.042262063,0.0048744131
25.29,77,50,0.21611539,0.19767589,0.499,-0.47647489,-0.027670086,0.051606401,-0.038784525,0.0064109379
25.3,68,40,0.18378317,0.19700599,-0.249,-0.085084801,-0.031119888,0.049744177,-0.034068057,0.00783806
25.31,68,40,0.18378317,0.19645525,0.262,0.08677913,-0.036365809,0.046912398,-0.028525033,0.0091936826
25.321,72,45,0.19909843,0.19598086,0.196,-0.069614837,-0.043119894,0.043266502,-0.021931288,0.010667607
25.33,72,45,0.19909843,0.19569745,-0.097,0,-0.049446905,0.039851143,-0.016121982,0.01186458
25.34,72,50,0.20760691,0.1955108,0.316,-0.15315264,-0.057750352,0.035368893,-0.0093753907,0.012996751
25.35,68,40,0.18378317,0.19545685,-0.152,-0.15315264,-0.067700388,0.029997804,-0.002891449,0.013553178
25.36,68,40,0.18378317,0.19549744,0.512,0,-0.078240311,0.02430829,0.002953407,0.013630849
25.37,72,36,0.18378317,0.19561876,-0.362,0.15315264,-0.087791902,0.019152284,0.0085746245,0.013863454
25.38,72,45,0.19909843,0.19584085,0.538,0.30630528,-0.095847722,0.014803704,0.014696681,0.014750193
25.39,72,50,0.20760691,0.19617499,-0.568,0.39139008,-0.10334855,0.010754714,0.021583775,0.016169244
25.4,72,45,0.19909843,0.19666485,0.06,0.1701696,-0.11138333,0.0064174889,0.028626942,0.017522215
25.41,72,45,0.19909843,0.19733376,-0.796,-0.22122048,-0.12061185,0.0014358822,0.034720546,0.018078214
25.42,72,50,0.20760691,0.198125,0.003,0.01701696,-0.13207785,-0.0047535386,0.038751439,0.01699895
25.43,68,45,0.19229165,0.19891892,-0.801,0.10210176,-0.14633907,-0.012451826,0.040350945,0.013949559
25.44,68,45,0.19229165,0.19964532,-0.121,-0.15315264,-0.16271524,-0.021291783,0.039261586,0.0089849017
25.45,77,50,0.21611539,0.20030078,-0.513,-0.01701696,-0.17873908,-0.029941546,0.035579538,0.0028189963
25.46,68,45,0.19229165,0.2008871,0.219,0.22122048,-0.19227505,-0.037248344,0.029999554,-0.003624395
25.47,72,45,0.19909843,0.20135137,-0.509,-0.01701696,-0.20118014,-0.042055367,0.023050175,-0.0095025963
25.48,72,45,0.19909843,0.20167124,-0.17,-0.1701696,-0.20371488,-0.043423637,0.015634041,-0.013894798
25.49,72,50,0.20760691,0.20178255,0.242,-1.7763568e-15,-0.19909793,-0.040931377,0.008345675,-0.016292851
25.5,72,45,0.19909843,0.20162635,0.161,0.085084801,-0.18791648,-0.034895562,0.0018735039,-0.016511029
25.51,68,45,0.19229165,0.20122332,0,0.085084801,-0.17208067,-0.0263473,-0.0026233989,-0.01448535
25.52,72,45,0.19909843,0.20072562,0.01,0.1701696,-0.1529901,-0.016042092,-0.0046506818,-0.010346387
25.53,72,50,0.20760691,0.20031061,-0.171,0.1701696,-0.13241002,-0.0049328459,-0.0043924154,-0.0046626307
25.54,72,50,0.20760691,0.20003071,0.202,-0.068067841,-0.11196887,0.0061014145,-0.002479772,0.0018108213
25.55,77,50,0.21611539,0.1998587,-0.862,-0.22122048,-0.093075121,0.016300371,0.00032284391,0.0083116075
25.56,68,45,0.19229165,0.19979144,-0.315,-0.068067841,-0.077091048,0.024928669,0.0028275451,0.013878107
25.57,68,45,0.19229165,0.19983313,-0.515,-0.1701696,-0.064765208,0.031582232,0.0042866405,0.017934436
25.58,68,45,0.19229165,0.19998356,0.034,-0.3403392,-0.056233408,0.036187748,0.004431115,0.020309432
25.59,77,50,0.21611539,0.20021318,0.35,-0.01701696,-0.050959454,0.039034661,0.0031357831,0.021085222
25.6,72,40,0.19058995,0.20047607,-0.204,0.13613568,-0.048034582,0.040613524,0.00055912419,0.020586324
25.61,68,40,0.18378317,0.20071287,-0.312,-0.10210176,-0.046179555,0.041614879,-0.0027519464,0.019431466
25.62,77,40,0.19909843,0.20084836,0.361,4.8316906e-13,-0.044688645,0.042419681,-0.0063288744,0.018045403
25.63,77,40,0.19909843,0.20082764,0.277,0.40840704,-0.042943728,0.043361597,-0.0093786277,0.016991485
25.64,72,45,0.19909843,0.20066601,0.152,0.47647489,-0.040873708,0.044479007,-0.010805489,0.016836759
25.65,77,45,0.20760691,0.20041643,-0.277,0.1701696,-0.038372396,0.04582923,-0.010478157,0.017675536
25.66,77,45,0.20760691,0.20016045,0.338,-0.15315264,-0.036078659,0.047067403,-0.0088138036,0.0191268
25.67,81,50,0.22292218,0.19999159,-0.195,-0.085084801,-0.034284873,0.048035699,-0.0065883258,0.020723687
25.68,68,45,0.19229165,0.19995293,-0.2,0.085084801,-0.033007646,0.048725154,-0.004447098,0.022139028
25.69,72,40,0.19058995,0.19996611,-0.194,-0.30630528,-0.032315289,0.049098893,-0.002587955,0.023255469
25.7,77,45,0.20760691,0.19994565,-0.146,-0.39139008,-0.03345423,0.048484085,-0.0014196312,0.023532227
25.71,77,50,0.21611539,0.19984562,0.206,0.01701696,-0.037784938,0.046146343,-0.0011655283,0.022490407
25.72,68,40,0.18378317,0.19966449,-0.084,-0.13613568,-0.045385813,0.042043345,-0.0016267507,0.020208297
25.73,68,45,0.19229165,0.19942355,-0.069,-0.39139008,-0.05576261,0.036441888,-0.0021889651,0.017126462
25.74,68,45,0.19229165,0.19916937,0.002,-0.068067841,-0.067646061,0.03002713,-0.0020602762,0.013983427
25.75,68,45,0.19229165,0.19897041,-0.201,0.23823744,-0.079283193,0.023745337,-0.0015147848,0.011115276
25.76,68,45,0.19229165,0.19885248,-0.131,0.22122048,-0.088938606,0.018533286,-0.00072967508,0.0089018057
25.77,68,50,0.20080013,0.19884232,-0.011,0.39139008,-0.095234539,0.015134704,0.0005241576,0.007829431
25.78,72,45,0.19909843,0.19898739,-0.349,0.30630528,-0.098234376,0.013515374,0.0027973603,0.0081563673
25.79,72,50,0.20760691,0.19926025,0.153,0.051050881,-0.09839513,0.013428598,0.0061415611,0.0097850798
25.8,77,50,0.21611539,0.19961802,-0.374,-0.10210176,-0.096239622,0.014592154,0.0098794605,0.012235807
25.81,72,45,0.19909843,0.20003048,0.013,-0.2552544,-0.091860895,0.016955817,0.013262842,0.01510933
25.82,72,45,0.19909843,0.20044216,-0.058,-0.10210176,-0.085403793,0.0204414,0.015633515,0.018037457
25.83,72,40,0.19058995,0.20077458,0.085,0.068067841,-0.077217586,0.024860364,0.016706062,0.020783213
25.84,72,40,0.19058995,0.20098234,0.01,0,-0.068386246,0.029627573,0.016639791,0.023133682
25.85,81,50,0.22292218,0.2010834,-0.077,0.085084801,-0.059118394,0.034630416,0.015730979,0.025180697
25.86,72,45,0.19909843,0.20111843,0.112,0.1701696,-0.049375329,0.039889781,0.014477781,0.027183781
25.87,72,45,0.19909843,0.20104586,-0.043,-2.3980817e-13,-0.039309006,0.045323642,0.013266856,0.029295249
25.88,72,45,0.19909843,0.20087745,-0.555,-0.30630528,-0.029935241,0.050383657,0.012196384,0.031290021
25.89,72,45,0.19909843,0.20071825,-0.382,-0.20420352,-0.021624792,0.054869687,0.011566024,0.033217855
25.9,72,54,0.2144137,0.20066371,-0.066,0.03403392,-0.015332191,0.058266471,0.011915354,0.035090912
25.91,59,45,0.17697639,0.20072693,0.471,0.03403392,-0.012062324,0.060031564,0.013239043,0.036635304
25.92,68,50,0.20080013,0.2008945,-0.112,0.03403392,-0.012302454,0.059901941,0.015427351,0.037664646
25.93,68,50,0.20080013,0.20115034,0.335,0.23823744,-0.015879911,0.057970808,0.018256211,0.038113509
25.94,68,50,0.20080013,0.20146437,-0.065,0.20420352,-0.022231247,0.054542319,0.021321703,0.037932011
25.95,77,50,0.21611539,0.20180845,-0.035,-0.01701696,-0.03102049,0.049797833,0.024074283,0.036936058
25.96,72,45,0.19909843,0.20219098,0.014,0.068067841,-0.041958372,0.043893498,0.025784376,0.034838937
25.97,72,45,0.19909843,0.20261157,-0.064,-0.01701696,-0.054649905,0.037042533,0.025923312,0.031482922
25.98,68,50,0.20080013,0.20305453,0.039,-0.085084801,-0.0693188,0.029124176,0.024779129,0.026951652
25.99,77,45,0.20760691,0.20351614,-0.003,0,-0.08610258,0.02006419,0.022988287,0.021526239
26,77,45,0.20760691,0.20397685,-0.007,0.22122048,-0.10487191,0.0099323925,0.020690531,0.015311462
26.01,77,40,0.19909843,0.20438933,-0.27,0.13613568,-0.12501735,-0.00094223702,0.017743992,0.0084008773
26.02,77,40,0.19909843,0.20469091,0.232,-0.2552544,-0.14510353,-0.011784874,0.013813097,0.0010141116
26.03,81,50,0.22292218,0.20490085,-0.842,-0.085084801,-0.16419018,-0.022087962,0.0082222839,-0.0069328392
26.04,72,45,0.19909843,0.20507927,0.264,0.1701696,-0.1815529,-0.031460466,0.00094412185,-0.015258172
26.05,72,40,0.19058995,0.2051774,-0.436,-0.068067841,-0.19666294,-0.039616957,-0.0074640207,-0.023540489
26.06,77,45,0.20760691,0.20514859,-0.237,-0.068067841,-0.20887837,-0.046210918,-0.016458733,-0.031334825
26.07,77,45,0.20760691,0.20494597,-0.692,0.2552544,-0.21731986,-0.050767682,-0.025046189,-0.037906936
26.08,72,50,0.20760691,0.2045985,0.239,0.1701696,-0.22094229,-0.052723096,-0.032572396,-0.042647746
26.09,77,45,0.20760691,0.2041757,-0.631,-0.15315264,-0.21953707,-0.051964546,-0.038904076,-0.045434311
26.1,77,45,0.20760691,0.20365327,0.015,-0.30630528,-0.21342582,-0.048665658,-0.044413805,-0.046539732
26.11,77,45,0.20760691,0.20300743,-0.086,-0.15315264,-0.20370222,-0.043416798,-0.049086508,-0.046251653
26.12,68,45,0.19229165,0.20224479,-0.213,1.7763568e-15,-0.19063307,-0.036361997,-0.052805079,-0.044583538
26.13,68,45,0.19229165,0.20142275,-0.424,-0.068067841,-0.17438102,-0.027589041,-0.055705895,-0.041647468
26.14,72,50,0.20760691,0.20061419,-0.223,0.01701696,-0.15509664,-0.017179218,-0.057771394,-0.037475306
26.15,72,50,0.20760691,0.19981254,-0.194,0.23823744,-0.13358815,-0.0055688065,-0.058834881,-0.032201844
26.16,68,50,0.20080013,0.19899148,-0.053,-0.1701696,-0.11051543,0.0068859864,-0.058751292,-0.025932653
26.17,68,50,0.20080013,0.19813418,-0.34,-0.64664449,-0.087301544,0.019416983,-0.057227125,-0.018905071
26.18,68,54,0.20760691,0.19724596,0.333,-0.18718656,-0.065534685,0.031166863,-0.053732798,-0.011282967
26.19,63,40,0.17527469,0.19639295,0.158,-0.03403392,-0.046988041,0.041178453,-0.048399199,-0.0036103728
26.2,63,40,0.17527469,0.19563593,0.275,-0.10210176,-0.032621452,0.048933624,-0.041830386,0.0035516187
26.21,72,54,0.2144137,0.19502689,0.028,0.23823744,-0.02297164,0.05414265,-0.034370357,0.0098861464
26.22,63,45,0.18378317,0.19464037,-0.467,0.2552544,-0.018510584,0.056550755,-0.026083481,0.015233637
26.23,72,54,0.2144137,0.19449001,-0.107,-0.068067841,-0.019242968,0.05615541,-0.017716702,0.019219354
26.24,63,50,0.19229165,0.19451523,-0.102,-4.3520743e-13,-0.025146758,0.052968508,-0.01005006,0.021459224
26.25,63,45,0.18378317,0.19463016,0.178,0,-0.035455817,0.047403616,-0.0029601068,0.022221755
26.26,72,45,0.19909843,0.1948146,0.027,-0.23823744,-0.049282526,0.039939876,0.0034936271,0.021716752
26.27,72,45,0.19909843,0.19504331,0.054,-0.085084801,-0.064801932,0.031562408,0.0095527587,0.020557583
26.28,72,45,0.19909843,0.19532402,-0.498,0.085084801,-0.080674772,0.022994154,0.015329409,0.019161781
26.29,68,40,0.18378317,0.19567789,0.623,0.085084801,-0.09645785,0.014474354,0.020752806,0.01761358
26.3,68,40,0.18378317,0.19609867,-0.14,0,-0.11227208,0.0059377358,0.025603503,0.01577062
26.31,77,45,0.20760691,0.19652711,0.291,0.27993268,-0.12790312,-0.0024999943,0.029486181,0.013493093
26.321,72,45,0.19909843,0.19695374,-0.865,0.34773041,-0.14468295,-0.011557843,0.03228404,0.010363099
26.33,72,45,0.19909843,0.19726879,-0.09,-0.081601797,-0.15716031,-0.018293196,0.033610962,0.0076588831
26.34,77,50,0.21611539,0.19761436,-0.389,-0.1701696,-0.16841559,-0.024368864,0.034420755,0.0050259453
26.35,72,40,0.19058995,0.19803038,-0.079,0,-0.17570265,-0.028302464,0.034351208,0.0030243721
26.36,72,40,0.19058995,0.19857339,-0.647,-0.23823744,-0.17865033,-0.029893638,0.033200775,0.0016535687
26.37,77,40,0.19909843,0.19922493,-0.01,-0.22122048,-0.17747021,-0.029256602,0.031036064,0.00088973101
26.38,77,40,0.19909843,0.19989503,-0.437,0.3403392,-0.17277218,-0.02672058,0.027123333,0.00020137652
26.39,68,45,0.19229165,0.20047134,0.353,0.1701696,-0.16522546,-0.022646813,0.021058059,-0.00079437682
26.4,68,45,0.19229165,0.20089918,-0.48,-4.3698378e-13,-0.15528895,-0.017283028,0.013484964,-0.0018990319
26.41,81,50,0.22292218,0.20111236,-0.25,0.22122048,-0.14248306,-0.01037033,0.0053413211,-0.0025145044
26.42,68,40,0.18378317,0.20111927,0.163,0.13613568,-0.12641572,-0.0016970843,-0.0021640878,-0.0019305861
26.43,81,45,0.2144137,0.20091925,-0.291,-0.15315264,-0.10649422,0.0090566584,-0.008227306,0.00041467624
26.44,72,45,0.19909843,0.2005278,0.356,0.01701696,-0.083273583,0.0215913,-0.012447173,0.0045720637
26.45,72,45,0.19909843,0.20003724,-0.018,0.10210176,-0.058446537,0.034993088,-0.014635786,0.010178651
26.46,68,50,0.20080013,0.19955543,-0.131,-0.11911872,-0.034105007,0.048132792,-0.014898307,0.016617243
26.47,72,50,0.20760691,0.19911662,-0.297,0.10210176,-0.012034849,0.060046395,-0.013319426,0.023363485
26.48,68,50,0.20080013,0.19872993,-0.337,-0.085084801,0.0060927489,0.069831782,-0.010856402,0.02948769
26.49,68,50,0.20080013,0.19837917,0.075,-0.40840704,0.019225632,0.076920991,-0.0084224897,0.03424925
26.5,72,50,0.20760691,0.19805787,0.233,-0.1701696,0.026962489,0.081097392,-0.0060997176,0.037498837
26.51,63,45,0.18378317,0.19772746,0.291,-0.10210176,0.029396921,0.082411513,-0.0032938598,0.039558827
26.52,63,45,0.18378317,0.19740407,0.3,-0.32332224,0.027535071,0.081406476,0.00057842058,0.040992448
26.53,72,50,0.20760691,0.19718112,-0.029,-0.068067841,0.022843979,0.078874196,0.0059030816,0.042388639
26.54,63,45,0.18378317,0.19710845,0.153,0.32332224,0.017124111,0.075786577,0.012485996,0.044136287
26.55,68,45,0.19229165,0.19719852,-0.391,0.15315264,0.011006845,0.07248444,0.020017644,0.046251042
26.56,68,45,0.19229165,0.19746586,0.039,0.15315264,0.0046316918,0.069043094,0.028332301,0.048687698
26.57,72,50,0.20760691,0.19794213,0.015,0.39139008,-0.0022848149,0.065309522,0.036765912,0.051037717
26.58,72,45,0.19909843,0.1986298,0.194,0.22122048,-0.01037178,0.06094413,0.044269013,0.052606571
26.59,77,45,0.20760691,0.19950462,0.031,-0.10210176,-0.020363111,0.05555075,0.050049077,0.052799913
26.6,77,45,0.20760691,0.20052976,0.097,0.068067841,-0.032158075,0.049183758,0.054058568,0.051621163
26.61,72,45,0.19909843,0.2015998,-0.425,0.068067841,-0.045635258,0.041908693,0.056083229,0.048995961
26.62,72,40,0.19058995,0.20267365,0.233,-0.2552544,-0.060907521,0.033664634,0.055862884,0.044763759
26.63,81,50,0.22292218,0.20370356,-0.638,-0.085084801,-0.078376038,0.024235024,0.052931133,0.038583078
26.64,72,40,0.19058995,0.204611,-0.102,0.32332224,-0.098273197,0.013494418,0.047105172,0.030299795
26.65,72,45,0.19909843,0.20531467,-0.278,0.1701696,-0.12009149,0.0017167713,0.038780382,0.020248577
26.66,72,45,0.19909843,0.20576428,0.117,-0.068067841,-0.14245029,-0.010352644,0.028962564,0.0093049598
26.67,81,50,0.22292218,0.20596124,-0.344,0.1701696,-0.16285017,-0.021364621,0.018663017,-0.0013508021
26.68,77,45,0.20760691,0.20595514,0.313,0.1701696,-0.17949654,-0.030350429,0.0088481395,-0.010751145
26.69,77,40,0.19909843,0.20581153,-0.124,0.01701696,-0.19135962,-0.036754193,0.00034196382,-0.018206115
26.7,77,45,0.20760691,0.20558298,-0.143,-0.15315264,-0.19898769,-0.040871868,-0.0069606413,-0.023916255
26.71,77,45,0.20760691,0.2053161,-0.302,-0.085084801,-0.20324564,-0.043170337,-0.013378544,-0.028274441
26.72,77,50,0.21611539,0.20504895,0.242,-0.085084801,-0.20499704,-0.044115753,-0.018840292,-0.031478023
26.73,72,45,0.19909843,0.20473886,-0.284,-0.085084801,-0.20480948,-0.044014505,-0.023415767,-0.033715136
26.74,77,40,0.19909843,0.204328,-0.674,1.7763568e-15,-0.20280923,-0.042934758,-0.027123783,-0.03502927
26.75,72,45,0.19909843,0.20379478,-0.496,-0.068067841,-0.19893458,-0.040843197,-0.029958304,-0.035400751
26.76,72,50,0.20760691,0.20315405,-0.225,-0.13613568,-0.19318221,-0.037738038,-0.031571049,-0.034654543
26.77,77,50,0.21611539,0.20244358,-0.221,-0.068067841,-0.18612247,-0.033927145,-0.031686161,-0.032806653
26.78,68,45,0.19229165,0.20173955,-0.027,-0.085084801,-0.17888334,-0.030019422,-0.030142041,-0.030080732
26.79,68,45,0.19229165,0.20111042,-0.168,-0.1701696,-0.17219985,-0.026411631,-0.026890214,-0.026650922
26.8,72,45,0.19909843,0.20060761,-0.479,0,-0.16614409,-0.023142694,-0.022350641,-0.022746668
26.81,72,45,0.19909843,0.2002641,-0.478,0.15315264,-0.16047537,-0.02008269,-0.017025077,-0.018553883
26.82,72,50,0.20760691,0.20010548,0.285,0.15315264,-0.15444219,-0.016825943,-0.010832154,-0.013829048
26.83,68,50,0.20080013,0.20008372,-0.158,0.01701696,-0.14666751,-0.012629123,-0.0040685598,-0.0083488413
26.84,72,45,0.19909843,0.20018125,0.17,-0.22122048,-0.13620235,-0.0069799636,0.0023810275,-0.002299468
26.85,77,45,0.20760691,0.20037161,0.359,-0.1701696,-0.12304924,0.00012016294,0.0081067179,0.0041134404
26.86,68,45,0.19229165,0.20068201,0.021,0.068067841,-0.10876309,0.0078319113,0.012945719,0.010388815
26.87,68,45,0.19229165,0.20107611,-0.511,0.085084801,-0.094599014,0.015477765,0.016811694,0.01614473
26.88,72,45,0.19909843,0.20147036,0.094,0.068067841,-0.081308414,0.02265211,0.019808232,0.021230171
26.89,72,50,0.20760691,0.2018268,-0.628,0.22122048,-0.070209978,0.028643112,0.022199736,0.025421424
26.9,72,50,0.20760691,0.20214306,0.289,0.23823744,-0.062546187,0.032780072,0.024388685,0.028584379
26.91,72,45,0.19909843,0.20243954,-0.377,0,-0.058194655,0.035129056,0.026788978,0.030959017
26.92,72,50,0.20760691,0.20275449,0.066,-0.085084801,-0.056973743,0.035788111,0.028864142,0.032326126
26.93,72,50,0.20760691,0.20306483,0.084,-1.7763568e-15,-0.059147852,0.034614514,0.030383444,0.032498979
26.94,72,45,0.19909843,0.20336935,-0.187,-0.085084801,-0.064845281,0.031539008,0.031200601,0.031369804
26.95,72,50,0.20760691,0.20369436,-0.115,-0.085084801,-0.073641219,0.026790908,0.031534376,0.029162642
26.96,72,45,0.19909843,0.20407307,-0.461,0.23823744,-0.084913725,0.020705941,0.03168369,0.026194816
26.97,72,45,0.19909843,0.20449175,0.046,-1.7763568e-15,-0.09762105,0.013846451,0.031337847,0.022592149
26.98,77,45,0.20760691,0.20494125,-0.016,-0.085084801,-0.11022504,0.0070427432,0.029735362,0.018389053
26.99,81,50,0.22292218,0.20541719,0.146,0.068067841,-0.12149901,0.0009569868,0.026260861,0.013608924
27,68,40,0.18378317,0.20589162,-0.133,-0.085084801,-0.13056187,-0.0039352035,0.020768624,0.00841671
27.01,81,45,0.2144137,0.2063142,0.273,-0.068067841,-0.13701278,-0.0074174423,0.013836738,0.0032096477
27.02,72,40,0.19058995,0.20666897,0.081,0.1701696,-0.14108865,-0.0096176172,0.0058702055,-0.0018737059
27.03,72,50,0.20760691,0.20695399,-0.43,0.1701696,-0.1441897,-0.011291585,-0.0028417376,-0.0070666611
27.04,77,50,0.21611539,0.2071348,-0.57,0.2552544,-0.14746061,-0.01305724,-0.01156092,-0.01230908
27.05,77,45,0.20760691,0.2071381,-0.088,0.085084801,-0.15082239,-0.014871951,-0.019732821,-0.017302386
27.06,77,45,0.20760691,0.20690337,0.203,-0.1701696,-0.15362588,-0.016385293,-0.02700822,-0.021696757
27.07,77,54,0.22292218,0.20643592,-0.223,1.936229e-13,-0.15495827,-0.017104522,-0.033189406,-0.025146964
27.08,63,45,0.18378317,0.2057852,-0.94,-0.068067841,-0.15417359,-0.016680949,-0.038071352,-0.027376151
27.09,77,54,0.22292218,0.20499165,0.202,-0.15315264,-0.15159584,-0.015289462,-0.04140694,-0.028348201
27.1,68,50,0.20080013,0.20409628,-0.058,0.085084801,-0.1477584,-0.013217991,-0.04311692,-0.028167455
27.11,72,50,0.20760691,0.20316017,-0.57,-0.085084801,-0.14294223,-0.010618195,-0.043140361,-0.026879278
27.12,72,50,0.20760691,0.20221844,-0.508,-0.42542401,-0.13776293,-0.0078223777,-0.041188803,-0.024505591
27.13,72,50,0.20760691,0.20129808,0.116,-0.27227136,-0.13219023,-0.0048141983,-0.037150033,-0.020982116
27.14,72,40,0.19058995,0.20047336,0.105,-0.1701696,-0.12632425,-0.0016477101,-0.031404995,-0.016526352
27.15,72,40,0.19058995,0.19980503,0.361,-0.1701696,-0.1206213,0.0014307761,-0.024716706,-0.011642965
27.16,72,40,0.19058995,0.19929564,0.147,-0.23823744,-0.11504029,0.0044434424,-0.017229091,-0.0063928243
27.17,77,45,0.20760691,0.19896846,-0.298,0.10210176,-0.10979913,0.007272651,-0.008537456,-0.00063240252
27.18,72,40,0.19058995,0.19888498,-0.511,0.3403392,-0.10553552,0.0095741709,0.0015556483,0.0055649096
27.19,68,40,0.18378317,0.19904623,0.07,0.1701696,-0.10337376,0.010741104,0.012386315,0.01156371
27.2,77,45,0.20760691,0.19945477,-0.143,0.085084801,-0.10394822,0.010431004,0.023321029,0.016876017
27.21,72,50,0.20760691,0.20007326,0.099,0.23823744,-0.10722457,0.0086624158,0.033448041,0.021055228
27.22,77,45,0.20760691,0.20086555,-0.282,0.15315264,-0.11265011,0.0057336743,0.042161612,0.023947643
27.23,77,40,0.19909843,0.20180273,0.298,1.7763568e-15,-0.11946453,0.0020552116,0.049149847,0.025602529
27.24,72,45,0.19909843,0.20284159,-0.07,-0.085084801,-0.1265984,-0.0017956967,0.053979385,0.026091844
27.25,77,45,0.20760691,0.20394979,-0.206,0.085084801,-0.13380007,-0.0056831981,0.056127491,0.025222146
27.26,77,45,0.20760691,0.20506382,-0.523,0.3403392,-0.14175169,-0.0099755318,0.055489037,0.022756753
27.27,72,45,0.19909843,0.20605327,-0.326,0.085084801,-0.1511359,-0.015041185,0.051917005,0.01843791
27.28,77,50,0.21611539,0.20686046,-0.273,-0.2552544,-0.16191253,-0.020858478,0.045885796,0.012513659
27.29,77,50,0.21611539,0.20749153,0.121,-4.8494542e-13,-0.1735742,-0.027153512,0.037394156,0.0051203218
27.3,72,45,0.19909843,0.20796101,-0.307,0.1701696,-0.18617989,-0.033958139,0.026704219,-0.00362696
27.31,72,40,0.19058995,0.20824592,-0.309,-0.085084801,-0.19963568,-0.041221659,0.014994843,-0.013113408
27.32,77,50,0.21611539,0.20835748,-0.192,-2.3980817e-13,-0.21264511,-0.048244228,0.0033125297,-0.022465849
27.33,77,50,0.21611539,0.20831981,-0.192,0.2552544,-0.22382317,-0.054278212,-0.0080633533,-0.031170783
27.34,72,50,0.20760691,0.20811265,-0.467,0.085084801,-0.23326835,-0.059376775,-0.018679675,-0.039028225
27.35,72,50,0.20760691,0.20772393,0.481,-0.1701696,-0.24093208,-0.063513703,-0.027894282,-0.045703992
27.36,77,45,0.20760691,0.20719152,-0.368,-0.085084801,-0.24608743,-0.06629659,-0.03519642,-0.050746505
27.37,77,45,0.20760691,0.20652697,-0.262,-1.7763568e-15,-0.24837328,-0.067530505,-0.04068684,-0.054108672
27.38,77,45,0.20760691,0.20571646,-0.288,-0.15315264,-0.24761619,-0.067121823,-0.044531423,-0.055826623
27.39,77,45,0.20760691,0.2048032,-0.079,-0.15315264,-0.24400116,-0.065170411,-0.046472533,-0.055821472
27.4,77,45,0.20760691,0.20387193,-0.055,0,-0.23842996,-0.062163044,-0.04640138,-0.054282212
27.41,68,45,0.19229165,0.20299969,-0.357,1.7763568e-15,-0.23192251,-0.058650283,-0.044531523,-0.051590903
27.42,72,50,0.20760691,0.20221011,-0.426,-0.23823744,-0.22494714,-0.054884936,-0.041227158,-0.048056047
27.43,72,50,0.20760691,0.2014887,-0.458,-0.32332224,-0.21752911,-0.05088064,-0.036547577,-0.043714108
27.44,72,50,0.20760691,0.20086858,-0.592,-0.01701696,-0.20944988,-0.046519421,-0.030754855,-0.038637138
27.45,63,45,0.18378317,0.20037223,-0.252,-1.9184654e-13,-0.20062072,-0.041753391,-0.024098617,-0.032926004
27.46,63,45,0.18378317,0.20003781,-0.211,-0.30630528,-0.19080031,-0.036452274,-0.017148105,-0.02680019
27.47,72,54,0.2144137,0.19990317,-0.28,0,-0.18062172,-0.030957806,-0.0098690611,-0.020413433
27.48,68,50,0.20080013,0.20001921,0.02,0.47647489,-0.1706912,-0.025597255,-0.0026354902,-0.014116373
27.49,63,45,0.18378317,0.20035522,-0.046,0.10210176,-0.16064162,-0.020172431,0.0036197052,-0.0082763629
27.5,72,50,0.20760691,0.20080318,0.413,-0.13613568,-0.14963147,-0.014229084,0.0083495288,-0.0029397776
27.51,68,54,0.20760691,0.20129933,-0.158,0.23823744,-0.13724397,-0.0075422393,0.011795676,0.0021267186
27.52,68,50,0.20080013,0.20182393,0.07,0.23823744,-0.12328513,-7.1755923e-06,0.014138019,0.0070654219
27.53,68,50,0.20080013,0.20236555,-0.605,-0.068067841,-0.10859228,0.0079241172,0.015075519,0.011499818
27.54,72,50,0.20760691,0.20289585,0.293,-0.068067841,-0.094996629,0.01526313,0.014300249,0.014781689
27.55,68,54,0.20760691,0.2033637,-0.319,0,-0.083983989,0.021207819,0.01182453,0.016516175
27.56,68,50,0.20080013,0.20373496,-0.406,0.15315264,-0.077057162,0.024946961,0.0076427625,0.016294862
27.57,68,50,0.20080013,0.20394939,0.058,4.3520743e-13,-0.075263135,0.025915388,0.0022853978,0.014100393
27.58,68,50,0.20080013,0.20397398,0.145,-0.01701696,-0.078625098,0.02410058,-0.0036465238,0.010227028
27.59,72,59,0.22292218,0.20376331,-0.079,-0.01701696,-0.086254889,0.019981973,-0.0092200838,0.0053809447
27.6,63,50,0.19229165,0.20332145,0.006,-0.01701696,-0.096553164,0.014422903,-0.01394714,0.00023788149
27.61,72,54,0.2144137,0.20272435,-0.171,-0.1701696,-0.10738651,0.0085749959,-0.017269545,-0.0043472748
27.62,59,50,0.18548487,0.20206645,-0.079,-0.30630528,-0.11702372,0.0033727722,-0.018472159,-0.0075496932
27.63,72,54,0.2144137,0.20141218,-0.377,-0.068067841,-0.12419331,-0.00049741469,-0.017011228,-0.0087543213
27.64,63,50,0.19229165,0.20081217,-0.349,0.15315264,-0.12833369,-0.0027324181,-0.013436559,-0.0080844884
27.65,63,50,0.19229165,0.20031561,-0.179,0.085084801,-0.12954172,-0.0033845165,-0.0084980641,-0.0059412903
27.66,68,54,0.20760691,0.19998812,-0.152,-0.13613568,-0.1287198,-0.002940841,-0.0022728064,-0.0026068237
27.67,68,54,0.20760691,0.19984693,0.572,-1.7763568e-15,-0.12686132,-0.0019376245,0.0049827368,0.0015225561
27.68,68,50,0.20080013,0.19991102,0.352,1.7763568e-15,-0.12460959,-0.00072212251,0.012069423,0.0056736503
27.69,63,50,0.19229165,0.20019488,-0.557,-0.23823744,-0.1232612,5.7430963e-06,0.018290968,0.0091483555
27.7,63,50,0.19229165,0.20068406,-0.652,-0.10210176,-0.12364339,-0.00020056392,0.023284028,0.011541732
27.71,68,54,0.20760691,0.20132116,-0.12,0.13613568,-0.1258808,-0.0014083286,0.026780657,0.012686164
27.72,63,45,0.18378317,0.20201708,-0.419,0.30630528,-0.12962379,-0.00342882,0.028950552,0.012760866
27.73,72,54,0.2144137,0.20269364,-0.389,0.23823744,-0.13384885,-0.0057095321,0.030391056,0.012340762
27.74,63,50,0.19229165,0.20335093,0.316,0.10210176,-0.13819501,-0.0080556183,0.031030872,0.011487627
27.75,77,54,0.22292218,0.20398825,-0.331,0.10210176,-0.143149,-0.01072981,0.030303712,0.009786951
27.76,68,50,0.20080013,0.20457482,0.17,0.23823744,-0.14959658,-0.01421025,0.027834419,0.0068120846
27.77,68,50,0.20080013,0.20508308,-0.017,0.085084801,-0.15712479,-0.018274025,0.023642775,0.0026843748
27.78,72,50,0.20760691,0.20553352,0.626,-0.22122048,-0.16535725,-0.022717954,0.018000214,-0.0023588702
27.79,72,59,0.22292218,0.20590462,-0.41,0.068067841,-0.1742278,-0.02750633,0.01094511,-0.00828061
27.8,68,50,0.20080013,0.20613681,-0.303,0.22122048,-0.18306588,-0.032277178,0.003164267,-0.014556456
27.81,68,50,0.20080013,0.20613893,-0.729,-0.23823744,-0.19048359,-0.036281306,-0.004589165,-0.020435235
27.82,68,54,0.20760691,0.20594762,-0.071,-0.39139008,-0.19545334,-0.038964005,-0.012079271,-0.025521638
27.83,72,59,0.22292218,0.20559658,-0.211,0,-0.19777573,-0.040217648,-0.019647282,-0.029932465
27.84,63,45,0.18378317,0.20506634,-0.236,-0.068067841,-0.19713458,-0.03987155,-0.02703697,-0.03345426
27.85,68,50,0.20080013,0.20436978,-0.321,-0.22122048,-0.19311865,-0.037703725,-0.033235339,-0.035469532
27.86,68,50,0.20080013,0.20355123,0.062,0.23823744,-0.18626709,-0.034005215,-0.037014942,-0.035510079
27.87,68,50,0.20080013,0.20265244,-0.164,0.30630528,-0.17768162,-0.029370722,-0.037355689,-0.033363206
27.88,68,54,0.20760691,0.20177062,-0.628,-0.1701696,-0.16873524,-0.024541413,-0.03441459,-0.029478001
27.89,72,59,0.22292218,0.20099869,0.341,-0.085084801,-0.15968503,-0.019656059,-0.02872656,-0.024191309
27.9,63,50,0.19229165,0.20043331,-0.437,-0.068067841,-0.14874759,-0.013751963,-0.021206551,-0.017479257
27.91,63,50,0.19229165,0.20006578,-0.318,-0.37437312,-0.1353429,-0.0065160313,-0.012748412,-0.0096322217
27.92,68,50,0.20080013,0.19986827,-0.084,-0.30630528,-0.11993582,0.0018008023,-0.0035332887,-0.00086624322
27.93,68,50,0.20080013,0.19977626,-0.466,0.15315264,-0.10345491,0.0106973,0.006600104,0.008648702
27.94,63,50,0.19229165,0.19978518,-0.156,0.37437312,-0.086663399,0.019761457,0.018009622,0.018885539
27.95,63,50,0.19229165,0.19988994,0.353,0.051050881,-0.070241666,0.028626007,0.030482533,0.02955427
27.96,68,54,0.20760691,0.20009444,0.486,-0.2552544,-0.05438294,0.037186642,0.043569299,0.040377971
27.97,77,54,0.22292218,0.20043806,-0.1,0.068067841,-0.038623488,0.045693689,0.05705405,0.051373869
27.98,63,45,0.18378317,0.20097044,-0.114,0.15315264,-0.022750284,0.054262139,0.071024261,0.0626432
27.99,63,45,0.18378317,0.20169145,0.249,-0.15315264,-0.0058123389,0.063405344,0.085264502,0.074334923
28,72,50,0.20760691,0.20258781,0.169,0.32332224,0.013654824,0.073913835,0.099717566,0.086815701
28.01,72,50,0.20760691,0.20367855,-0.259,0.56155969,0.036985702,0.086507983,0.11469896,0.10060347
28.02,72,50,0.20760691,0.20499331,-0.195,0.15315264,0.064014507,0.10109829,0.13048463,0.11579146
28.03,77,59,0.23143066,0.20649281,0.613,-0.085084801,0.09330746,0.11691081,0.14652086,0.13171583
28.04,63,50,0.19229165,0.20818337,-0.082,-0.085084801,0.12293955,0.13290639,0.16165114,0.14727876
28.05,72,54,0.2144137,0.21002865,-0.489,-0.10210176,0.15123161,0.14817861,0.17515268,0.16166564
28.06,63,50,0.19229165,0.21198205,-0.004,0.22122048,0.1768148,0.16198857,0.18682356,0.17440607
28.07,72,54,0.2144137,0.21402354,-0.064,0.47647489,0.19883526,0.17387534,0.19721134,0.18554334
28.08,72,54,0.2144137,0.21621986,0.513,0.39139008,0.21695386,0.18365588,0.20661689,0.19513639
28.09,77,59,0.23143066,0.21857912,0.531,0.39139008,0.23173224,0.19163333,0.21473192,0.20318263
28.1,77,54,0.22292218,0.22109349,-0.693,0.1701696,0.24301001,0.19772114,0.2209381,0.20932962
28.11,77,54,0.22292218,0.2237237,0.965,0.085084801,0.2507427,0.20189529,0.22514769,0.21352149
28.12,72,59,0.22292218,0.22644012,0.203,0.085084801,0.25434023,0.20383726,0.2270584,0.21544783
28.13,72,59,0.22292218,0.22916352,0.507,0.23823744,0.25251563,0.20285233,0.22654235,0.21469734
28.14,77,59,0.23143066,0.2318727,0.626,0.37437312,0.24382278,0.19815988,0.22326919,0.21071454
28.15,77,59,0.23143066,0.23460019,0.487,0.44244097,0.22775585,0.18948685,0.21729479,0.20339082
28.16,77,63,0.23823744,0.23734897,0.371,0.51050881,0.20432757,0.17684013,0.20901798,0.19292905
28.17,81,63,0.24504423,0.24000312,0.255,0.20420352,0.17451556,0.16074743,0.19822792,0.17948767
28.18,81,63,0.24504423,0.24241311,0.377,0.068067841,0.1410676,0.14269202,0.1848232,0.16375761
28.19,81,72,0.26035949,0.24449532,0.058,0.1701696,0.10682494,0.12420762,0.16936845,0.14678803
28.2,72,59,0.22292218,0.24621182,-0.201,0.2552544,0.073956193,0.10646488,0.15279874,0.12963181
28.21,81,68,0.25355271,0.24757397,-0.091,0.01701696,0.043707062,0.090136213,0.13636606,0.11325114
28.22,77,68,0.24674592,0.24869521,-0.308,0.15315264,0.016943691,0.075689185,0.12096122,0.098325205
28.23,86,72,0.26886797,0.24962051,0.08,0.22122048,-0.0062298771,0.063179954,0.10674815,0.084964052
28.24,77,63,0.23823744,0.25043368,-0.193,0.068067841,-0.026494413,0.052241036,0.09301423,0.072627633
28.25,81,72,0.26035949,0.25115178,-0.028,-0.085084801,-0.04431922,0.042619099,0.078618748,0.060618923
28.26,77,63,0.23823744,0.25172955,-0.08,8.7041485e-13,-0.058750621,0.034828942,0.063475185,0.049152063
28.27,86,72,0.26886797,0.25211701,-0.335,0.085084801,-0.06847094,0.029581855,0.048281962,0.038931909
28.28,77,63,0.23823744,0.25232934,-0.055,-0.22122048,-0.072834004,0.027226647,0.03399901,0.030612829
28.29,86,72,0.26886797,0.25242599,-0.841,-0.15315264,-0.07064644,0.028407507,0.020906173,0.02465684
28.3,77,63,0.23823744,0.25243527,0.269,-3.5527137e-15,-0.060697125,0.033778207,0.0091528429,0.021465525
28.31,77,63,0.23823744,0.2523432,-0.86,0.027845935,-0.042649618,0.04352036,-0.0010763787,0.02122199
28.321,81,68,0.25355271,0.25208327,0.777,0.061879855,-0.015101388,0.058391059,-0.010184206,0.024103427
28.33,81,68,0.25355271,0.25175082,0.082,0.32421787,0.010990879,0.072475822,-0.015847801,0.02831401
28.34,81,68,0.25355271,0.25126921,0.84,0.30630528,0.041053577,0.088703846,-0.020245066,0.03422939
28.35,81,68,0.25355271,0.25070451,0.3,4.3520743e-13,0.068598994,0.10357303,-0.022620035,0.040476497
28.36,81,68,0.25355271,0.25011719,0.189,1.7763568e-15,0.090175944,0.11522039,-0.022945981,0.046137207
28.37,86,72,0.26886797,0.24957217,0.534,-0.085084801,0.10327426,0.12229095,-0.021263882,0.050513532
28.38,72,68,0.23823744,0.24911315,-0.477,-0.47647489,0.10637185,0.12396304,-0.017728305,0.053117367
28.39,86,72,0.26886797,0.24871379,0.002,-0.39139008,0.098746099,0.11984662,-0.013215565,0.053315525
28.4,72,63,0.22972896,0.24837224,-0.613,-4.3520743e-13,0.081198965,0.11037457,-0.0082419535,0.051066307
28.41,72,63,0.22972896,0.24810226,-0.095,0,0.055862812,0.09669796,-0.0030936191,0.046802171
28.42,81,68,0.25355271,0.24793523,-0.095,-0.15315264,0.025323968,0.080212909,0.0022700847,0.041241497
28.43,77,72,0.25355271,0.24783259,0.152,0.1701696,-0.0080484253,0.062198291,0.0080092935,0.035103792
28.44,77,72,0.25355271,0.24782551,0.376,0.10210176,-0.041782575,0.043988395,0.013967056,0.028977725
28.45,72,63,0.22972896,0.24796117,0.711,1.936229e-13,-0.073234784,0.027010304,0.019530975,0.023270639
28.46,77,68,0.24674592,0.24828447,0.473,1.936229e-13,-0.09954022,0.012810472,0.024684821,0.018747646
28.47,77,68,0.24674592,0.24879301,-0.364,0.1701696,-0.1182769,0.0026962993,0.029421183,0.016058741
28.48,81,72,0.26035949,0.24948342,0.19,0.30630528,-0.12769752,-0.0023890055,0.03405841,0.015834702
28.49,77,68,0.24674592,0.25030435,-0.496,0.13613568,-0.12724286,-0.0021435793,0.038167363,0.018011892
28.5,81,68,0.25355271,0.25116908,-0.875,0,-0.11785844,0.0029221862,0.041111327,0.022016756
28.51,81,68,0.25355271,0.25201461,-0.442,0.068067841,-0.10162225,0.011686582,0.042533608,0.027110095
28.52,81,68,0.25355271,0.25281658,-0.3,0.13613568,-0.081754353,0.022411389,0.041870428,0.032140909
28.53,81,68,0.25355271,0.25350863,-0.787,1.7763568e-15,-0.061128335,0.033545437,0.039044784,0.036295111
28.54,81,72,0.26035949,0.25405965,-0.291,-1.7763568e-15,-0.042493532,0.043604616,0.033989486,0.038797051
28.55,77,72,0.25355271,0.25443334,0.145,-0.068067841,-0.025911564,0.052555661,0.027408504,0.039982083
28.56,81,68,0.25355271,0.25465795,0.082,0.10210176,-0.010631612,0.060803871,0.020142895,0.040473383
28.57,81,68,0.25355271,0.2547217,0.281,0.10210176,0.0049817415,0.069232053,0.013117349,0.041174701
28.58,77,68,0.24674592,0.25466813,0.17,-0.22122048,0.021979105,0.078407332,0.0071962111,0.042801771
28.59,86,77,0.27737645,0.25449897,0.641,-0.15315264,0.040779357,0.088555821,0.0023003483,0.045428084
28.6,77,68,0.24674592,0.25419788,0.274,0.068067841,0.061273617,0.099618745,-0.0016392555,0.048989745
28.61,72,68,0.23823744,0.25378937,0.202,-0.085084801,0.082129157,0.11087669,-0.0038696282,0.053503531
28.62,77,72,0.25355271,0.25338763,0.101,-0.085084801,0.10111547,0.12112562,-0.004174108,0.058475755
28.63,77,72,0.25355271,0.25309551,0.365,0.22122048,0.11476402,0.12849319,-0.0029787777,0.062757205
28.64,77,77,0.26206119,0.25291642,0.294,0.23823744,0.12023363,0.13144571,-0.0010222501,0.065211732
28.65,72,77,0.25355271,0.2528579,0.075,-0.13613568,0.11509141,0.12866991,0.0010071087,0.06483851
28.66,72,77,0.25355271,0.25293816,-0.041,-0.15315264,0.098525974,0.11972779,0.0024574607,0.061092626
28.67,77,77,0.26206119,0.25319768,-0.199,-0.15315264,0.071284457,0.10502266,0.0025348279,0.053778742
28.68,68,68,0.23143066,0.25360474,-0.276,-0.068067841,0.036128877,0.086045464,0.00050490783,0.043275186
28.69,77,81,0.26886797,0.25405898,-0.161,-0.085084801,-0.0036468679,0.064574278,-0.0036106142,0.030481832
28.7,68,68,0.23143066,0.25449992,-0.055,0.13613568,-0.044946475,0.042280503,-0.0099518953,0.016164304
28.71,77,81,0.26886797,0.25481443,-0.063,0.22122048,-0.084480871,0.020939598,-0.017957197,0.0014912009
28.72,68,72,0.23823744,0.25489037,0.201,0.068067841,-0.11969759,0.0019294046,-0.026464839,-0.012267717
28.73,77,81,0.26886797,0.25466236,-0.018,0.068067841,-0.1486089,-0.013677097,-0.034065794,-0.023871445
28.74,72,77,0.25355271,0.2541505,0.338,0.22122048,-0.169471,-0.024938584,-0.040085021,-0.032511802
28.75,72,77,0.25355271,0.25339249,-0.759,0.13613568,-0.18201066,-0.031707565,-0.044065795,-0.03788668
28.76,72,77,0.25355271,0.25248538,-0.121,-0.32332224,-0.18730835,-0.034567291,-0.046218502,-0.040392897
28.77,81,81,0.27567476,0.25151126,-0.65,-2.3803182e-13,-0.18676658,-0.034274842,-0.046510646,-0.040392744
28.78,72,72,0.24504423,0.25061833,-0.199,0.01701696,-0.18163142,-0.031502848,-0.045091986,-0.038297417
28.79,72,72,0.24504423,0.24982703,-0.168,-0.35735616,-0.17344277,-0.027082565,-0.042442459,-0.034762512
28.8,77,77,0.26206119,0.24908929,-0.096,-0.44244097,-0.16376422,-0.021858029,-0.039149545,-0.030503787
28.81,77,68,0.24674592,0.24837389,-0.379,-0.30630528,-0.15377034,-0.016463274,-0.035329023,-0.025896149
28.82,77,68,0.24674592,0.24766378,-0.357,-0.1701696,-0.1441145,-0.011250993,-0.030641984,-0.020946488
28.83,72,63,0.22972896,0.24698474,0.329,-0.32332224,-0.13536359,-0.0065271955,-0.024545822,-0.015536509
28.84,72,63,0.22972896,0.24639769,-0.502,-0.23823744,-0.12850237,-0.0028234709,-0.016812971,-0.0098182207
28.85,81,72,0.26035949,0.24599551,0.334,0.30630528,-0.12377234,-0.00027016987,-0.0074967335,-0.0038834517
28.86,68,59,0.21611539,0.2458789,-0.393,0.62962753,-0.12047411,0.0015102305,0.0029518474,0.0022310389
28.87,81,68,0.25355271,0.24606623,0.298,0.1701696,-0.11799032,0.0028509992,0.013710914,0.0082809568
28.88,77,72,0.25355271,0.24657535,-0.334,0.30630528,-0.11609572,0.0038737142,0.024287174,0.014080444
28.89,81,77,0.26886797,0.24736085,0.024,0.28928832,-0.11444854,0.0047628722,0.033758415,0.019260644
28.9,72,68,0.23823744,0.24837804,0.048,-0.085084801,-0.11304019,0.0055231071,0.041451885,0.023487496
28.91,86,72,0.26886797,0.24949961,0.127,-0.23823744,-0.11229802,0.005923733,0.046888208,0.026405971
28.92,72,63,0.22972896,0.25061389,0.068,-0.1701696,-0.11265088,0.0057332577,0.050211798,0.027972528
28.93,81,77,0.26886797,0.25161077,-0.186,0.068067841,-0.11484015,0.0045514799,0.0514883,0.02801989
28.94,72,63,0.22972896,0.25243695,-0.587,0.085084801,-0.11864449,0.0024978741,0.05043511,0.026466492
28.95,81,72,0.26035949,0.25313754,0.068,0.15315264,-0.12377421,-0.00027118029,0.04633528,0.02303205
28.96,77,72,0.25355271,0.25377997,-0.353,0.22122048,-0.12998544,-0.0036240407,0.038903034,0.017639497
28.97,77,72,0.25355271,0.25429746,-0.121,0.23823744,-0.13656349,-0.0071749094,0.028504855,0.010664973
28.98,81,72,0.26035949,0.25460712,-0.37,-0.068067841,-0.14356041,-0.010951893,0.016285558,0.0026668329
28.99,81,72,0.26035949,0.25471047,-0.171,-0.085084801,-0.15035136,-0.014617689,0.0038860036,-0.0053658425
29,81,68,0.25355271,0.25463015,-0.049,-0.15315264,-0.15584154,-0.017581316,-0.0072745535,-0.012427935
29.01,77,72,0.25355271,0.25439507,-0.308,-0.13613568,-0.15840016,-0.018962479,-0.016275184,-0.017618832
29.02,72,72,0.24504423,0.2540137,-0.048,-0.068067841,-0.15620168,-0.017775725,-0.022918771,-0.020347248
29.03,77,72,0.25355271,0.25350283,-0.42,-0.085084801,-0.14775053,-0.013213745,-0.027281204,-0.020247474
29.04,72,77,0.25355271,0.25290838,0.45,0.085084801,-0.13195477,-0.0046870991,-0.029475253,-0.017081176
29.05,72,77,0.25355271,0.25220715,-0.146,0.2552544,-0.10814121,0.0081676055,-0.030248853,-0.011040623
29.06,72,72,0.24504423,0.25141428,-0.197,0.1701696,-0.076433735,0.025283491,-0.029683317,-0.0021999129
29.07,77,77,0.26206119,0.25060169,0.048,0.085084801,-0.038629873,0.045690242,-0.027558228,0.009066007
29.08,77,77,0.26206119,0.24986106,0.338,-0.22122048,0.0030838355,0.068207552,-0.023526695,0.022340429
29.09,77,77,0.26206119,0.2492435,-0.272,-0.61261057,0.045776055,0.091253068,-0.017671596,0.036790736
29.1,72,77,0.25355271,0.24880721,-0.189,-0.47647489,0.086509924,0.11324146,-0.010026387,0.051607534
29.11,63,68,0.22292218,0.2485521,0.027,-0.1701696,0.12191183,0.13235162,-0.0011378844,0.065606866
29.12,63,68,0.22292218,0.24849256,-0.418,-0.15315264,0.14896089,0.14695286,0.0086134239,0.077783142
29.13,72,77,0.25355271,0.24860933,0.559,0.23823744,0.16592029,0.15610765,0.018283595,0.08719562
29.14,72,77,0.25355271,0.24890035,-0.583,0.61261057,0.1718948,0.15933272,0.02736394,0.093348331
29.15,77,68,0.24674592,0.2493388,0.288,0.30630528,0.16733188,0.15686963,0.035724722,0.096297178
29.16,77,72,0.25355271,0.24993392,0.692,0,0.15370859,0.1495157,0.043002663,0.096259179
29.17,77,72,0.25355271,0.25075199,0.171,0.068067841,0.1330168,0.13834614,0.048501163,0.093423654
29.18,81,68,0.25355271,0.25181781,0.825,0.068067841,0.10803424,0.12486041,0.051678469,0.088269439
29.19,81,68,0.25355271,0.25308286,0.512,0.068067841,0.081578593,0.11057949,0.052158574,0.081369033
29.2,77,72,0.25355271,0.25445033,0.293,0.068067841,0.055657103,0.096586917,0.049663222,0.07312507
29.21,77,72,0.25355271,0.25583701,0.365,0.068067841,0.031336238,0.083458368,0.043352724,0.063405546
29.22,81,72,0.26035949,0.25713154,0.115,0.13613568,0.0091391637,0.071476255,0.032736146,0.0521062
29.23,77,72,0.25355271,0.25813914,0.149,0.13613568,-0.011125946,0.060537027,0.018474258,0.039505642
29.24,81,72,0.26035949,0.25868933,-0.408,0.068067841,-0.030390833,0.050137726,0.0015452863,0.025841506
29.25,81,72,0.26035949,0.25867025,-0.583,0.068067841,-0.049308471,0.039925871,-0.016798579,0.011563646
29.26,81,72,0.26035949,0.25806271,-0.561,-1.936229e-13,-0.068596805,0.029513913,-0.034394025,-0.0024400558
29.27,81,72,0.26035949,0.25696495,-0.312,-0.13613568,-0.087921813,0.019082157,-0.048901439,-0.014909641
29.28,72,81,0.26035949,0.25560347,-0.521,0.01701696,-0.10709129,0.0087343597,-0.059085238,-0.025175439
29.29,72,77,0.25355271,0.25418035,-0.485,0.01701696,-0.12491991,-0.00088963603,-0.064913194,-0.032901415
29.3,72,77,0.25355271,0.25276757,-0.507,-0.35735616,-0.13942021,-0.0087169885,-0.067398259,-0.038057624
29.31,77,81,0.26886797,0.25135772,-0.296,-0.37437312,-0.14805709,-0.013379226,-0.067281518,-0.040330372
29.32,72,77,0.25355271,0.24998326,0.327,-0.1701696,-0.14917742,-0.013983984,-0.064550498,-0.039267241
29.33,68,68,0.23143066,0.24870468,-0.152,-0.23823744,-0.14191365,-0.010062958,-0.059307316,-0.034685137
29.34,72,72,0.24504423,0.24756193,0.737,-0.45945793,-0.12621321,-0.0015877663,-0.051805291,-0.026696529
29.35,72,72,0.24504423,0.24656949,0.231,-0.39139008,-0.10292962,0.010980853,-0.041778736,-0.015398941
29.36,72,77,0.25355271,0.24581502,0.104,0.085084801,-0.074243937,0.026465557,-0.029679796,-0.0016071194
29.37,63,68,0.22292218,0.24537106,0.106,0.1701696,-0.044681269,0.042423663,-0.016194476,0.013114593
29.38,63,68,0.22292218,0.24527177,0.072,-0.085084801,-0.019405815,0.056067504,-0.0020386555,0.027014424
29.39,77,77,0.26206119,0.24552449,-0.416,0.28928832,-0.0022062054,0.065351956,0.012060032,0.038705994
29.4,72,72,0.24504423,0.24611043,-0.057,0.83383105,0.0040013987,0.068702858,0.02544125,0.047072054
29.41,72,72,0.24504423,0.24697265,-0.138,0.22122048,-0.0015076963,0.065729016,0.037704382,0.051716699
29.42,81,72,0.26035949,0.24803806,-0.219,-0.22122048,-0.017813329,0.056927137,0.048349783,0.05263846
29.43,81,77,0.26886797,0.24926698,-0.15,0.03403392,-0.042884922,0.043393341,0.056587131,0.049990236
29.44,77,63,0.23823744,0.2506004,0.171,0.01701696,-0.074021372,0.026585699,0.061682851,0.044134275
29.45,77,68,0.24674592,0.2519255,-0.472,-0.085084801,-0.10778805,0.0083582439,0.063448644,0.035903444
29.46,77,68,0.24674592,0.25313714,0.238,0.068067841,-0.14080248,-0.0094631451,0.061969767,0.026253311
29.47,81,72,0.26035949,0.25414999,-0.266,0.15315264,-0.17006225,-0.025257743,0.057512563,0.01612741
29.48,81,72,0.26035949,0.25490508,0.523,0.37437312,-0.19367187,-0.038002357,0.050453798,0.0062257207
29.49,77,72,0.25355271,0.2554012,-0.411,0.15315264,-0.20950401,-0.046548643,0.041423287,-0.0025626777
29.5,77,68,0.24674592,0.25568576,0.076,-0.28928832,-0.21675527,-0.050462915,0.031570978,-0.0094459686
29.51,90,77,0.28418324,0.25579092,-0.423,-0.068067841,-0.21572966,-0.049909286,0.02183334,-0.014037973
29.52,72,68,0.23823744,0.25570615,-0.23,0.068067841,-0.20842326,-0.045965245,0.01294115,-0.016512047
29.53,77,72,0.25355271,0.25546709,-0.382,-0.23823744,-0.19735885,-0.039992612,0.0057674065,-0.017112603
29.54,77,72,0.25355271,0.25523038,-0.386,-0.068067841,-0.18531369,-0.033490559,0.00020593119,-0.016642314
29.55,72,77,0.25355271,0.25515594,-0.997,0.32332224,-0.17452168,-0.027664969,-0.0048244192,-0.016244694
29.56,72,77,0.25355271,0.25524509,-0.54,-2.4158453e-13,-0.16710639,-0.023662153,-0.011051318,-0.017356736
29.57,77,77,0.26206119,0.25536626,-0.397,-0.1701696,-0.16345623,-0.021691773,-0.019220123,-0.020455948
29.58,77,77,0.26206119,0.25541795,0.688,1.7763568e-15,-0.16317804,-0.021541604,-0.028829855,-0.02518573
29.59,72,72,0.24504423,0.25530963,-0.246,-2.4336089e-13,-0.16500454,-0.022527559,-0.039419908,-0.030973733
29.6,72,72,0.24504423,0.25494615,0.318,-0.1701696,-0.16719158,-0.023708136,-0.049977257,-0.036842696
29.61,77,77,0.26206119,0.25431669,-0.012,0,-0.16802637,-0.024158765,-0.058944488,-0.041551626
29.62,72,77,0.25355271,0.25346615,-0.103,0.085084801,-0.16627641,-0.023214124,-0.064950797,-0.044082461
29.63,72,77,0.25355271,0.25240781,-0.253,-0.085084801,-0.16095422,-0.020341176,-0.067538684,-0.04393993
29.64,72,77,0.25355271,0.25119882,0.347,-0.085084801,-0.15144661,-0.015208907,-0.067017541,-0.041113224
29.65,72,72,0.24504423,0.24987864,-0.243,0.068067841,-0.13739721,-0.0076249606,-0.063410769,-0.035517865
29.66,72,77,0.25355271,0.24855819,0.299,0.22122048,-0.11838854,0.0026360364,-0.056989898,-0.027176931
29.67,72,77,0.25355271,0.24739043,-0.509,-4.3343107e-13,-0.094922876,0.015302942,-0.04873615,-0.016716604
29.68,72,81,0.26035949,0.24648818,0.542,-0.45945793,-0.068822796,0.029391921,-0.040055591,-0.0053318347
29.69,77,81,0.26886797,0.24593039,-1.081,-0.61261057,-0.042115649,0.043808599,-0.032288138,0.0057602306
29.7,63,72,0.22972896,0.24577983,0.136,-0.44244097,-0.017266605,0.057222263,-0.026202606,0.015509828
29.71,63,68,0.22292218,0.24593901,-0.816,-0.35735616,0.0038314224,0.068611104,-0.022576855,0.023017124
29.72,63,68,0.22292218,0.24627415,0.093,-0.20420352,0.018977495,0.076787045,-0.021669759,0.027558643
29.73,68,77,0.24674592,0.24667029,-0.625,0.32332224,0.026985777,0.081109963,-0.023351101,0.028879431
29.74,68,77,0.24674592,0.2470499,0.005,0.61261057,0.027626141,0.081455636,-0.027434982,0.027010327
29.75,68,68,0.23143066,0.2473761,-0.227,0.37437312,0.02171282,0.07826359,-0.033680252,0.022291669
29.76,72,77,0.25355271,0.24767209,0.582,0.28928832,0.010044961,0.071965209,-0.041965863,0.014999673
29.77,72,77,0.25355271,0.24795873,0.195,0.28928832,-0.0070926425,0.062714228,-0.05246037,0.0051269292
29.78,72,77,0.25355271,0.24819049,0.543,0.28928832,-0.029942114,0.050379947,-0.065755342,-0.0076876978
29.79,81,77,0.26886797,0.24826853,0.239,0.22122048,-0.058375581,0.035031391,-0.08208989,-0.02352925
29.8,72,68,0.23823744,0.24811002,0.267,-0.15315264,-0.091953492,0.016905833,-0.10123504,-0.042164603
29.81,81,81,0.27567476,0.24764725,0.287,-0.45945793,-0.12952572,-0.0033758812,-0.12330133,-0.063338604
29.82,77,72,0.25355271,0.24678889,0.08,-0.37437312,-0.17054447,-0.025518049,-0.14829674,-0.086907393
29.83,72,68,0.23823744,0.24542458,0.141,-0.59559361,-0.21439954,-0.049191279,-0.17605255,-0.11262192
29.84,72,68,0.23823744,0.24344004,-0.089,-0.68067841,-0.26020338,-0.073916463,-0.20606177,-0.13998912
29.85,68,68,0.23143066,0.24079215,-0.312,-0.22122048,-0.30742884,-0.099409052,-0.2372249,-0.16831698
29.86,68,63,0.22292218,0.23753694,-1.207,-0.13613568,-0.35546833,-0.12534106,-0.26792842,-0.19663474
29.87,68,72,0.23823744,0.23383559,-0.86,-0.15315264,-0.40329086,-0.15115595,-0.29614004,-0.22364799
29.88,68,68,0.23143066,0.22990375,-0.957,-0.085084801,-0.44981928,-0.17627227,-0.32012696,-0.24819961
29.89,68,68,0.23143066,0.22586544,-1.041,-0.30630528,-0.49299185,-0.19957708,-0.33932701,-0.26945204
29.9,63,68,0.22292218,0.22179363,-0.752,-0.54454273,-0.53099384,-0.22009078,-0.35418032,-0.28713555
29.91,63,68,0.22292218,0.21773897,-0.818,-0.54454273,-0.56142554,-0.23651799,-0.36539228,-0.30095514
29.92,59,63,0.20760691,0.21376576,-0.307,-0.45945793,-0.58302506,-0.24817754,-0.37355725,-0.3108674
29.93,59,63,0.20760691,0.20989516,-0.371,-0.30630528,-0.5945162,-0.25438053,-0.37955096,-0.31696574
29.94,59,59,0.20080013,0.20609399,-0.452,-0.39139008,-0.59529,-0.25479823,-0.38475025,-0.31977424
29.95,59,63,0.20760691,0.20231491,-0.636,-0.39139008,-0.58510287,-0.24929916,-0.39008294,-0.31969105
29.96,59,63,0.20760691,0.19848622,-0.332,-0.32332224,-0.56547297,-0.23870282,-0.39599287,-0.31734784
29.97,54,54,0.18378317,0.1945303,-0.192,-0.40840704,-0.53879956,-0.22430435,-0.40243852,-0.31337144
29.98,54,59,0.19229165,0.19040676,-0.423,-0.54454273,-0.5078819,-0.20761481,-0.40898511,-0.30829996
29.99,54,54,0.18378317,0.18608854,-0.623,-0.44244097,-0.47547483,-0.19012128,-0.41515412,-0.3026377
30,54,54,0.18378317,0.18164596,-0.27,-0.35735616,-0.44454009,-0.17342253,-0.41985827,-0.2966404
30.01,50,54,0.17697639,0.17717648,-0.361,-0.44244097,-0.41782607,-0.15900214,-0.42263574,-0.29081894
30.02,50,50,0.1701696,0.17273744,-0.329,-0.35735616,-0.39777083,-0.1481762,-0.42366892,-0.28592256
30.03,50,50,0.1701696,0.16834758,-0.124,-0.37437312,-0.38583737,-0.14173445,-0.42327322,-0.28250384
30.04,45,50,0.16166112,0.16398402,-0.859,-0.40840704,-0.3822416,-0.13979343,-0.42186008,-0.28082675
30.05,50,50,0.1701696,0.15961469,-0.486,-0.42542401,-0.38605694,-0.14185297,-0.4198819,-0.28086744
30.06,45,45,0.15315264,0.15525012,-0.634,-0.42542401,-0.39525542,-0.14681836,-0.41747616,-0.28214726
30.07,45,45,0.15315264,0.15090795,-0.514,-0.57857665,-0.40737536,-0.15336078,-0.41460834,-0.28398456
30.08,40,45,0.14464416,0.1466076,-0.106,-0.64664449,-0.42023781,-0.16030401,-0.41106843,-0.28568622
30.09,40,45,0.14464416,0.14237377,-0.77,-0.47647489,-0.43263032,-0.16699356,-0.40674836,-0.28687096
30.1,36,40,0.1293289,0.13822247,-0.016,-0.39139008,-0.44388487,-0.17306883,-0.40158142,-0.28732513
30.11,36,40,0.1293289,0.13414458,-0.441,-0.37437312,-0.453854,-0.17845023,-0.39574438,-0.2870973
30.12,36,40,0.1293289,0.13014836,-0.224,-0.30630528,-0.46271197,-0.18323181,-0.38966078,-0.2864463
30.13,36,40,0.1293289,0.12623915,-0.219,-0.1701696,-0.47036306,-0.18736192,-0.38363239,-0.28549716
30.14,36,36,0.12252211,0.12243506,-0.507,-0.30630528,-0.47668953,-0.19077699,-0.37755722,-0.2841671
30.15,31,40,0.12082042,0.1187822,-0.851,-0.45945793,-0.48134925,-0.19329233,-0.37165955,-0.28247594
30.16,31,40,0.12082042,0.11528501,-0.474,-0.40840704,-0.48407391,-0.19476312,-0.36660427,-0.2806837
30.17,27,36,0.10720685,0.11193721,-0.432,-0.32332224,-0.48495642,-0.19523951,-0.36294216,-0.27909083
30.18,31,31,0.10550515,0.10869452,-0.732,-0.37437312,-0.48448312,-0.19498401,-0.36093445,-0.27795923
30.19,31,31,0.10550515,0.10548309,-0.54,-0.37437312,-0.48300644,-0.19418689,-0.36040933,-0.27729811
30.2,31,31,0.10550515,0.1022345,-0.598,-0.30630528,-0.4807449,-0.1929661,-0.36121908,-0.27709259
30.21,27,31,0.098698369,0.098869484,-0.458,-0.28928832,-0.47806836,-0.19152129,-0.36302986,-0.27727557
30.22,27,27,0.091891585,0.095326724,-0.388,-0.35735616,-0.47529609,-0.1900248,-0.36526167,-0.27764323
30.23,22,31,0.090189889,0.091591757,-0.471,-0.37437312,-0.47222222,-0.1883655,-0.36734873,-0.27785712
30.24,27,27,0.091891585,0.087712942,-0.474,-0.23823744,-0.46832987,-0.18626439,-0.36873242,-0.27749841
30.25,22,27,0.083383105,0.083753719,-0.495,-0.30630528,-0.46301381,-0.18339475,-0.36919553,-0.27629514
30.26,22,27,0.083383105,0.079804363,-0.447,-0.45945793,-0.45588832,-0.17954837,-0.36891603,-0.2742322
30.27,22,27,0.083383105,0.075929882,-0.414,-0.32332224,-0.44741581,-0.17497485,-0.36815711,-0.27156598
30.28,18,22,0.068067841,0.072136736,-0.436,-0.39139008,-0.43824198,-0.17002277,-0.36691699,-0.26846988
30.29,18,22,0.068067841,0.068374125,-0.491,-0.61261057,-0.4292148,-0.16514984,-0.36513318,-0.26514151
30.3,22,22,0.074874625,0.064595816,-0.283,-0.54454273,-0.42117319,-0.16080893,-0.3626321,-0.26172051
30.31,13,18,0.052752577,0.060806157,-0.217,-0.47647489,-0.41488819,-0.15741625,-0.35937538,-0.25839582
30.32,13,18,0.052752577,0.057034086,-0.255,-0.45945793,-0.41146233,-0.15556695,-0.35537823,-0.25547259
30.33,13,13,0.044244097,0.053318705,-0.514,-0.37437312,-0.41134691,-0.15550465,-0.35076817,-0.25313641
30.34,13,13,0.044244097,0.049702079,-0.447,-0.23823744,-0.4145999,-0.15726063,-0.34563009,-0.25144536
30.35,13,18,0.052752577,0.046221756,-0.404,-0.085084801,-0.42057148,-0.16048412,-0.34007179,-0.25027796
30.36,13,9,0.037437312,0.042865693,-0.533,-0.068067841,-0.42815907,-0.16457996,-0.33419886,-0.24938941
30.37,13,13,0.044244097,0.039600447,-0.54,-0.28928832,-0.43635309,-0.16900313,-0.32793975,-0.24847144
30.38,13,13,0.044244097,0.036403812,-0.444,-0.28928832,-0.44415324,-0.1732137,-0.32103793,-0.24712582
30.39,13,9,0.037437312,0.033265985,-0.417,-0.37437312,-0.45008456,-0.17641547,-0.31321272,-0.2448141
30.4,9,9,0.030630528,0.030172042,-0.38,-0.61261057,-0.45267644,-0.17781458,-0.30436266,-0.24108862
30.41,9,9,0.030630528,0.027100386,-0.412,-0.45945793,-0.45098476,-0.1769014,-0.29454521,-0.2357233
30.42,4,4,0.013613568,0.024039061,-0.419,-0.23823744,-0.44443064,-0.17336344,-0.28380094,-0.22858219
30.43,4,4,0.013613568,0.020994265,-0.4,-0.1701696,-0.43287779,-0.16712715,-0.27208744,-0.21960729
30.44,9,4,0.022122048,0.017984435,-0.484,-0.15315264,-0.41649813,-0.15828531,-0.25938327,-0.20883429
30.45,4,9,0.022122048,0.015051626,-0.426,-0.13613568,-0.39575712,-0.14708919,-0.24558054,-0.19633486
30.46,4,9,0.022122048,0.012251976,-0.422,-0.28928832,-0.37144013,-0.13396273,-0.23056084,-0.18226179
30.47,4,0,0.0068067841,0.0096292722,-0.429,-0.44244097,-0.34449053,-0.11941517,-0.21437522,-0.1668952
30.48,0,4,0.0068067841,0.0072391806,-0.455,-0.51050881,-0.31587583,-0.10396879,-0.19696993,-0.15046936
30.49,0,0,0,0.0051530209,-0.461,-0.35735616,-0.28644894,-0.088083977,-0.17825228,-0.13316813
30.5,0,0,0,0.0033999267,-0.417,-0.13613568,-0.25694079,-0.072155302,-0.15858417,-0.11536974
30.51,-4,0,-0.0068067841,0.0019776446,-0.295,-0.068067841,-0.22798911,-0.056527011,-0.13853369,-0.097530351
30.52,0,0,0,0.00085494883,-0.139,0,-0.20007289,-0.041457666,-0.11878439,-0.080121026
30.53,0,0,0,-4.5757937e-06,-0.034,0.068067841,-0.1733293,-0.027021317,-0.099894089,-0.063457703
30.54,0,0,0,-0.00062818617,0.02,0.068067841,-0.14772493,-0.013199926,-0.08220424,-0.047702083
30.55,0,0,0,-0.0010580219,0.051,0,-0.12338216,-5.9549271e-05,-0.066080947,-0.033070248
30.56,0,0,0,-0.0013166529,0.068,0,-0.10076752,0.012147967,-0.051603031,-0.019727532
30.57,0,0,0,-0.0014061213,0.094,0,-0.080390487,0.023147612,-0.038663519,-0.0077579533
30.58,0,0,0,-0.0013317292,0.027,0,-0.062760914,0.032664162,-0.02721943,0.0027223658
30.59,0,0,0,-0.0011132378,-0.057,0,-0.048483494,0.040371199,-0.017347709,0.011511745
30.6,0,0,0,-0.00079159143,-0.116,0,-0.038059268,0.045998258,-0.0092467037,0.018375777
30.61,0,0,0,-0.00045118113,-0.158,0,-0.031662279,0.049451391,-0.003341345,0.023055023
30.62,0,0,0,-0.00017655633,-0.164,0,-0.029125669,0.050820668,0.00018841696,0.025504543
30.63,0,0,0,-6.2388179e-06,-0.122,0,-0.029999084,0.050349194,0.0016959447,0.026022569
30.64,0,0,0,6.6878158e-05,-0.075,0,-0.033670331,0.048367433,0.0018621931,0.025114813
30.65,0,0,0,7.7519534e-05,-0.025,0,-0.039373405,0.045288879,0.0014087847,0.023348832
30.66,0,0,0,5.3960272e-05,0.007,0,-0.046211545,0.04159761,0.00078545064,0.02119153
30.67,0,0,0,2.3839926e-05,-0.004,0,-0.053296856,0.037772917,0.00029551622,0.019034217
30.68,0,0,0,4.2958604e-06,-0.012,0,-0.05972717,0.034301795,4.6580873e-05,0.017174188
30.69,0,0,0,2.7434945e-38,-0.055,0,-0.064706907,0.031613703,1.4138821e-38,0.015806851
30.7,0,0,0,0,-0.077,0,-0.067722979,0.029985609,0,0.014992805
30.71,0,0,0,0,-0.113,0,-0.06865361,0.029483249,0,0.014741624
30.72,0,0,0,0,-0.125,0,-0.067802827,0.029942507,0,0.014971253
30.73,0,0,0,0,-0.1,0,-0.065787002,0.031030661,0,0.015515331
30.74,0,0,0,0,-0.089,0,-0.063325901,0.032359178,0,0.016179589
30.75,0,0,0,0,-0.065,0,-0.061047974,0.033588817,0,0.016794408
30.76,0,0,0,0,-0.019,0,-0.059403709,0.034476401,0,0.0172382
30.77,0,0,0,0,-0.028,0,-0.058637449,0.034890033,0,0.017445016
30.78,0,0,0,0,-0.024,0,-0.058765696,0.034820805,0,0.017410402
30.79,0,0,0,0,-0.033,0,-0.059552934,0.034395848,0,0.017197924
30.8,0,0,0,0,-0.047,0,-0.060594925,0.033833376,0,0.016916688
30.81,0,0,0,0,-0.073,0,-0.061514821,0.03333681,0,0.016668405
30.82,0,0,0,0,-0.096,0,-0.062097055,0.033022517,0,0.016511258
30.83,0,0,0,0,-0.103,0,-0.062337761,0.032892582,0,0.016446291
30.84,0,0,0,0,-0.063,0,-0.06240303,0.032857349,0,0.016428675
30.85,0,0,0,0,-0.048,0,-0.062536437,0.032785336,0,0.016392668
30.86,0,0,0,0,-0.065,0,-0.06294564,0.032564445,0,0.016282223
30.87,0,0,0,0,-0.035,0,-0.063746316,0.032132235,0,0.016066118
30.88,0,0,0,0,-0.041,0,-0.064896359,0.031511436,0,0.015755718
30.89,0,0,0,0,-0.057,0,-0.066215367,0.030799427,0,0.015399714
30.9,0,0,0,0,-0.058,0,-0.067473147,0.03012047,0,0.015060235
30.91,0,0,0,0,-0.094,0,-0.068438592,0.029599317,0,0.014799659
30.92,0,0,0,0,-0.096,0,-0.068978646,0.029307792,0,0.014653896
30.93,0,0,0,0,-0.094,0,-0.069073784,0.029256436,0,0.014628218
30.94,0,0,0,0,-0.073,0,-0.068799097,0.029404714,0,0.014702357
30.95,0,0,0,0,-0.067,0,-0.068281542,0.029684094,0,0.014842047
30.96,0,0,0,0,-0.066,0,-0.067662071,0.030018488,0,0.015009244
30.97,0,0,0,0,-0.065,0,-0.067083427,0.030330843,0,0.015165422
30.98,0,0,0,0,-0.052,0,-0.066645173,0.030567415,0,0.015283708
30.99,0,0,0,0,-0.071,0,-0.066358017,0.030722424,0,0.015361212
31,0,0,0,0,-0.069,0,-0.06616999,0.030823922,0,0.015411961
31.01,0,0,0,0,-0.063,0,-0.065969613,0.030932087,0,0.015466043
31.02,0,0,0,0,-0.067,0,-0.065623642,0.031118844,0,0.015559422
31.03,0,0,0,0,-0.046,0,-0.065050065,0.031428464,0,0.015714232
31.04,0,0,0,0,-0.055,0,-0.064299885,0.031833416,0,0.015916708
31.05,0,0,0,0,-0.055,0,-0.063583974,0.032219869,0,0.016109934
31.06,0,0,0,0,-0.072,0,-0.063196027,0.032429285,0,0.016214642
31.07,0,0,0,0,-0.052,0,-0.063382212,0.032328781,0,0.016164391
31.08,0,0,0,0,-0.067,0,-0.064294929,0.031836091,0,0.015918046
31.09,0,0,0,0,-0.083,0,-0.065943261,0.030946312,0,0.015473156
31.1,0,0,0,0,-0.065,0,-0.068133929,0.029763776,0,0.014881888
31.11,0,0,0,0,-0.083,0,-0.070561816,0.028453188,0,0.014226594
31.12,0,0,0,0,-0.057,0,-0.07295516,0.027161246,0,0.013580623
