t_s,left_rpm,right_rpm,center_speed_mps,encoder_speed_fit_mps,imu_accel_mps2,encoder_accel_raw_mps2,imu_accel_fit_mps2,imu_accel_calibrated_fit_mps2,encoder_accel_fit_mps2,fitted_accel_mps2
-0.7,0,0,0,0,-0.034,0,-0.012095876,0.050255726,0,0.025127863
-0.69,0,0,0,0,-0.018,0,-0.008926587,0.052004816,0,0.026002408
-0.68,0,0,0,0,0.014,0,-0.0064696003,0.053360795,0,0.026680398
-0.67,0,0,0,0,0.008,0,-0.0044266389,0.054488279,0,0.02724414
-0.66,0,0,0,0,0.03,0,-0.002683181,0.055450471,0,0.027725236
-0.65,0,0,0,0,-0.002,0,-0.0012515665,0.056240561,0,0.028120281
-0.64,0,0,0,0,-0.006,0,-0.00014360016,0.056852034,0,0.028426017
-0.63,0,0,0,0,-0.013,0,0.00067318649,0.057302808,0,0.028651404
-0.62,0,0,0,0,0.001,0,0.0012603969,0.057626881,0,0.028813441
-0.61,0,0,0,0,-0.02,0,0.0017019304,0.057870558,0,0.028935279
-0.6,0,0,0,0,0,0,0.0020373301,0.058055661,0,0.02902783
-0.59,0,0,0,0,0.012,0,0.0022937625,0.058197183,0,0.029098591
-0.58,0,0,0,0,0.014,0,0.0024880278,0.058304395,0,0.029152198
-0.57,0,0,0,0,0.004,0,0.0026153749,0.058374676,0,0.029187338
-0.56,0,0,0,0,0.006,0,0.0026676559,0.05840353,0,0.029201765
-0.55,0,0,0,0,0.004,0,0.0026347957,0.058385395,0,0.029192697
-0.54,0,0,0,0,-0.007,0,0.002550467,0.058338855,0,0.029169427
-0.53,0,0,0,0,-0.005,0,0.0024702365,0.058294576,0,0.029147288
-0.52,0,0,0,0,0.024,0,0.0024613098,0.05828965,0,0.029144825
-0.51,0,0,0,0,0.001,0,0.0025651029,0.058346932,0,0.029173466
-0.5,0,0,0,0,-0.002,0,0.0027698596,0.058459935,0,0.029229967
-0.49,0,0,0,0,-0.006,0,0.0030245035,0.058600469,0,0.029300235
-0.48,0,0,0,0,-0.005,0,0.0032584167,0.058729563,0,0.029364781
-0.47,0,0,0,0,-0.007,0,0.0033800906,0.058796713,0,0.029398357
-0.46,0,0,0,0,0.017,0,0.0033534217,0.058781995,0,0.029390997
-0.45,0,0,0,0,0.02,0,0.0032216611,0.058709278,0,0.029354639
-0.44,0,0,0,0,0,0,0.0030698972,0.058625521,0,0.029312761
-0.43,0,0,0,0,0,0,0.0029830455,0.058577589,0,0.029288795
-0.42,0,0,0,0,0.006,0,0.002985108,0.058578727,0,0.029289364
-0.41,0,0,0,0,-0.019,0,0.0030057565,0.058590123,0,0.029295062
-0.4,0,0,0,0,0.012,0,0.0029804387,0.05857615,0,0.029288075
-0.39,0,0,0,0,0,0,0.0028454409,0.058501647,0,0.029250823
-0.38,0,0,0,0,-0.002,0,0.0024924216,0.05830682,0,0.02915341
-0.37,0,0,0,0,0.013,0,0.0018445987,0.057949295,0,0.028974647
-0.36,0,0,0,0,0.005,0,0.00090567984,0.057431118,0,0.028715559
-0.35,0,0,0,0,0.029,0,-0.00032156244,0.056753818,0,0.028376909
-0.34,0,0,0,0,-0.005,0,-0.0017607321,0.055959559,0,0.02797978
-0.33,0,0,0,0,-0.004,0,-0.0032228648,0.055152627,0,0.027576313
-0.32,0,0,0,-1.3217202e-46,-0.024,0,-0.0045143149,0.054439892,1.2779557e-45,0.027219946
-0.31,0,0,0,-4.2958604e-06,-0.018,0,-0.0055744826,0.053854799,4.6580873e-05,0.02695069
-0.3,0,0,0,-2.3839926e-05,0.004,0,-0.0066986816,0.053234368,0.00029551622,0.026764942
-0.29,0,0,0,-5.8256133e-05,0.019,0,-0.0079394088,0.052549627,0.00083203152,0.026690829
-0.28,0,0,0,-0.00010995118,0.005,0,-0.0088505755,0.052046766,0.0017974626,0.026922114
-0.27,0,0,0,-0.00018247983,0.01,0,-0.0085854564,0.052193082,0.003390064,0.027791573
-0.26,0,0,0,-0.00028460411,-0.007,0,-0.0063047328,0.053451784,0.005938834,0.029695309
-0.25,0,0,0,-0.00041113215,-0.01,0,-0.0016097651,0.056042876,0.0097260416,0.032884459
-0.24,0,0,0,-0.00053046823,-0.028,0,0.0051515404,0.059774354,0.01479488,0.037284617
-0.23,0,0,0,-0.00058639375,-0.014,0,0.012977009,0.064093129,0.0208387,0.042465914
-0.22,0,0,0,-0.00052433938,-0.03,0,0.020347554,0.068160838,0.027362924,0.047761881
-0.21,0,0,0,-0.00031236496,0.043,0,0.025887925,0.071218498,0.033885938,0.052552218
-0.2,0,0,0,4.1748243e-05,-0.008,0,0.029100054,0.07299123,0.040199277,0.056595254
-0.19,0,0,0,0.00049426105,0.006,0,0.030492565,0.073759739,0.046492462,0.060126101
-0.18,0,0,0,0.00099553758,0.049,0,0.03097789,0.074027584,0.053200301,0.063613942
-0.17,0,0,0,0.0015341135,0.072,0.068067841,0.031617385,0.074380513,0.060549313,0.067464913
-0.16,0,0,0,0.0021232014,0.035,0.068067841,0.033420502,0.07537563,0.068566049,0.07197084
-0.15,4,-4,0,0.0027757418,0.123,0.068067841,0.037170886,0.077445419,0.077277015,0.077361217
-0.14,4,0,0.0068067841,0.0035014031,0.098,0.13613568,0.043267148,0.080809868,0.086735182,0.083772525
-0.13,0,0,0,0.0042883212,0.026,0.22122048,0.051827963,0.085534472,0.097250108,0.09139229
-0.12,4,0,0.0068067841,0.0051247066,0.08,0.23823744,0.063151994,0.091784059,0.10924072,0.10051239
-0.11,4,0,0.0068067841,0.0060277435,0.042,0.22122048,0.077983433,0.09996934,0.12293281,0.11145108
-0.1,9,0,0.015315264,0.0070384627,0.5,0.13613568,0.096934281,0.11042807,0.13827732,0.12435269
-0.09,9,0,0.015315264,0.0081993086,0.298,0,0.12026255,0.12330264,0.15509453,0.13919859
-0.08,4,4,0.013613568,0.0095460915,0.084,-0.085084801,0.14763024,0.13840651,0.17311107,0.15575879
-0.07,4,0,0.0068067841,0.011086348,-0.157,-0.10210176,0.17813515,0.15524179,0.19223731,0.17373955
-0.06,4,0,0.0068067841,0.012810948,-0.226,0.068067841,0.21083161,0.17328654,0.21259683,0.19294169
-0.05,4,0,0.0068067841,0.014709432,-0.198,0.32332224,0.24502591,0.19215794,0.23449288,0.21332541
-0.04,4,4,0.013613568,0.016782851,0.085,0.39139008,0.28059728,0.21178932,0.25834388,0.2350666
-0.03,4,9,0.022122048,0.019075001,0.259,0.30630528,0.31774075,0.23228832,0.28431304,0.25830068
-0.02,9,9,0.030630528,0.021669442,0.7,0.32332224,0.35657637,0.2537212,0.31212348,0.28292234
-0.01,4,9,0.022122048,0.024653977,0.819,0.2552544,0.39684407,0.27594443,0.34118906,0.30856674
0,4,9,0.022122048,0.028081604,0.648,0.23823744,0.43809127,0.29870823,0.37093472,0.33482148
0.01,9,9,0.030630528,0.031984326,0.336,0.45945793,0.47971975,0.32168245,0.40068812,0.36118528
0.02,9,9,0.030630528,0.036370531,0.514,0.61261057,0.5208662,0.34439065,0.42967913,0.38703489
0.03,9,18,0.045945793,0.04122521,0.528,0.52752577,0.56033742,0.36617431,0.457016,0.41159516
0.04,18,13,0.052752577,0.046494073,0.554,0.52752577,0.59700009,0.38640797,0.48196536,0.43418666
0.05,13,18,0.052752577,0.052083681,0.603,0.45945793,0.62953391,0.40436296,0.50417647,0.45426972
0.06,13,18,0.052752577,0.057887034,0.809,0.37437312,0.65691232,0.41947275,0.52329263,0.47138269
0.07,18,18,0.061261057,0.063820648,0.954,0.52752577,0.67850175,0.43138768,0.53906634,0.48522701
0.08,18,18,0.061261057,0.069817505,0.882,0.69769537,0.694213,0.44005852,0.55161407,0.4958363
0.09,22,22,0.074874625,0.075845709,0.397,0.83383105,0.70338913,0.44512271,0.56150147,0.50331209
0.1,22,27,0.083383105,0.081936862,0.571,0.88488193,0.70545762,0.44626428,0.56899327,0.50762877
0.11,27,27,0.091891585,0.088123874,0.515,0.74874625,0.70054009,0.44355036,0.57402597,0.50878817
0.12,31,31,0.10550515,0.094393833,0.615,0.54454273,0.68924309,0.43731569,0.5763041,0.50680989
0.13,31,31,0.10550515,0.10068309,0.903,0.54454273,0.67317574,0.42844833,0.57563214,0.50204023
0.14,31,31,0.10550515,0.10695867,0.79,0.47647489,0.65425381,0.41800556,0.57134566,0.49467561
0.15,36,27,0.10720685,0.11319341,0.839,0.40840704,0.63378644,0.40670988,0.56294289,0.48482639
0.16,36,36,0.12252211,0.11936859,0.532,0.47647489,0.61225652,0.39482779,0.55032378,0.47257578
0.17,36,36,0.12252211,0.12546473,0.481,0.54454273,0.5894289,0.38222952,0.53359336,0.45791144
0.18,40,36,0.1293289,0.13139469,0.455,0.61261057,0.56390218,0.36814165,0.51301572,0.44057868
0.19,36,40,0.1293289,0.13699652,0.646,0.61261057,0.53474095,0.35204794,0.48960533,0.42082664
0.2,45,36,0.13783738,0.14218416,0.486,0.54454273,0.5024553,0.33422991,0.46416643,0.39919817
0.21,45,45,0.15315264,0.1469301,0.365,0.56155969,0.46857449,0.31553152,0.43732847,0.37643
0.22,45,45,0.15315264,0.15125277,0.375,0.71471233,0.43468067,0.29682596,0.41002759,0.35342678
0.23,45,45,0.15315264,0.15521322,0.597,0.47647489,0.40199313,0.27878613,0.38302738,0.33090675
0.24,50,45,0.16166112,0.15883289,0.205,0.2552544,0.37085868,0.26160343,0.35712747,0.30936545
0.25,54,50,0.17697639,0.16211333,0.655,0.3403392,0.34091908,0.24508014,0.33290988,0.28899501
0.26,50,45,0.16166112,0.16505993,0.287,0.47647489,0.31174256,0.228978,0.31062423,0.26980111
0.27,50,50,0.1701696,0.16767667,0.345,0.15315264,0.28268601,0.21294206,0.29013194,0.251537
0.28,50,50,0.1701696,0.16998593,-0.326,-0.068067841,0.25326161,0.19670312,0.27125322,0.23397817
0.29,54,59,0.19229165,0.1720263,0.485,0.085084801,0.22392862,0.18051461,0.25391019,0.2172124
0.3,50,45,0.16166112,0.17385682,0.251,-0.01701696,0.19614133,0.16517916,0.23818615,0.20168266
0.31,50,50,0.1701696,0.1755606,-0.057,-0.2552544,0.17120786,0.1514187,0.22426126,0.18783998
0.32,50,50,0.1701696,0.17722946,0.351,0.22122048,0.14935591,0.13935889,0.21196882,0.17566386
0.33,54,45,0.16846791,0.17892325,0.181,0.52752577,0.13052598,0.1289669,0.20092137,0.16494414
0.34,54,45,0.16846791,0.18066083,-0.018,0.13613568,0.114693,0.12022888,0.19091877,0.15557382
0.35,59,63,0.20760691,0.18247114,0.055,0.30630528,0.10159848,0.11300218,0.18188547,0.14744383
0.36,50,54,0.17697639,0.18439741,0.096,0.32332224,0.090948388,0.10712453,0.17321321,0.14016887
0.37,50,54,0.17697639,0.18643984,-0.315,0.01701696,0.082635021,0.10253649,0.16405909,0.13329779
0.38,54,59,0.19229165,0.18852635,0.721,0.1701696,0.076769154,0.099299194,0.15380679,0.12655299
0.39,50,54,0.17697639,0.1905489,0.399,0.47647489,0.073542773,0.097518596,0.14239317,0.11995588
0.4,59,59,0.20080013,0.19241018,-0.176,0.30630528,0.072804634,0.097111227,0.13019153,0.11365138
0.41,59,59,0.20080013,0.19403468,-0.176,0.28928832,0.0738745,0.097701672,0.11744295,0.10757231
0.42,59,59,0.20080013,0.19541335,0.08,0.22122048,0.075726433,0.09872373,0.1036132,0.10116846
0.43,54,63,0.19909843,0.19655885,-0.21,0,0.077049687,0.099454017,0.088189547,0.093821782
0.44,54,63,0.19909843,0.19745569,-0.133,0,0.076944634,0.09939604,0.071318678,0.085357359
0.45,59,59,0.20080013,0.19804051,0.285,-0.068067841,0.075176738,0.09842036,0.053400387,0.075910374
0.46,59,59,0.20080013,0.19827061,-0.032,-0.13613568,0.071737964,0.096522545,0.035250899,0.065886722
0.47,59,59,0.20080013,0.19819169,0.232,-0.068067841,0.066828243,0.093812933,0.017641418,0.055727176
0.48,54,59,0.19229165,0.19788577,0.454,0,0.06150949,0.090877582,0.0016296869,0.046253634
0.49,54,59,0.19229165,0.19738789,0.249,-0.1701696,0.056595006,0.088165341,-0.012257927,0.037953707
0.5,59,59,0.20080013,0.19673207,-0.057,-0.2552544,0.052098936,0.085684018,-0.023754139,0.03096494
0.51,59,59,0.20080013,0.19596649,-0.141,-0.085084801,0.047433145,0.083109028,-0.032987973,0.025060528
0.52,54,54,0.18378317,0.19511719,0.181,0,0.042926092,0.080621643,-0.040205244,0.020208199
0.53,54,54,0.18378317,0.19420165,0.09,1.7763568e-15,0.038655564,0.078264793,-0.045083805,0.016590494
0.54,54,59,0.19229165,0.19331878,-0.28,0.23823744,0.033985484,0.075687437,-0.04692383,0.014381803
0.55,59,59,0.20080013,0.19253317,0.029,0.1701696,0.028955021,0.072911189,-0.045889405,0.013510892
0.56,59,59,0.20080013,0.19187162,0.3,-0.22122048,0.023959197,0.070154057,-0.042631506,0.013761276
0.57,63,59,0.20760691,0.19135137,0.08,-0.23823744,0.019214608,0.06753558,-0.03791866,0.01480846
0.58,50,54,0.17697639,0.19096034,0.044,-0.1701696,0.014766234,0.065080579,-0.032878748,0.016100916
0.59,50,54,0.17697639,0.19068493,-0.302,-0.15315264,0.010896466,0.062944904,-0.028124577,0.017410164
0.6,54,59,0.19229165,0.19049951,-0.296,-0.068067841,0.0080588943,0.061378885,-0.023815027,0.018781929
0.61,54,59,0.19229165,0.19042234,-0.085,0.15315264,0.0070093887,0.060799676,-0.020567977,0.02011585
0.62,59,59,0.20080013,0.19044623,0.099,0.15315264,0.0079254935,0.061305263,-0.01897058,0.021167341
0.63,54,50,0.17697639,0.19049452,0.318,0,0.010205335,0.062563478,-0.018801281,0.021881099
0.64,54,59,0.19229165,0.190508,0.005,-0.1701696,0.012679189,0.063928766,-0.019581279,0.022173744
0.65,59,54,0.19229165,0.19045018,-0.166,-0.10210176,0.014420817,0.064889948,-0.020643088,0.02212343
0.66,59,54,0.19229165,0.19030569,0.238,0.15315264,0.014933136,0.065172691,-0.021376281,0.021898205
0.67,54,54,0.18378317,0.19006417,0.183,0.085084801,0.014173824,0.064753636,-0.021378236,0.0216877
0.68,54,54,0.18378317,0.18971986,-0.205,0,0.012362579,0.063754033,-0.020048999,0.021852517
0.69,59,59,0.20080013,0.18931283,-0.115,0.085084801,0.0095743861,0.062215265,-0.016690545,0.02276236
0.7,54,59,0.19229165,0.18895775,0.102,0.1701696,0.0064052396,0.060466254,-0.011761792,0.024352231
0.71,54,59,0.19229165,0.18870654,0.233,-0.085084801,0.0036082459,0.058922629,-0.0065186541,0.026201988
0.72,59,54,0.19229165,0.18853803,-0.245,-0.2552544,0.0012294054,0.057609778,-0.0019821543,0.027813812
0.73,54,59,0.19229165,0.18842299,-0.038,0,-0.00069710706,0.05654656,0.0015041836,0.029025372
0.74,54,54,0.18378317,0.18835523,0.515,-0.13613568,-0.0017535594,0.055963518,0.0042723742,0.030117946
0.75,54,54,0.18378317,0.18834154,0.036,-0.44244097,-0.0021408748,0.055749763,0.0071287056,0.031439234
0.76,59,59,0.20080013,0.18839823,-0.104,-0.051050881,-0.0026831281,0.055450501,0.010802046,0.033126273
0.77,50,50,0.1701696,0.18849067,-0.14,0.1701696,-0.0041946037,0.054616337,0.015250073,0.034933205
0.78,50,50,0.1701696,0.18857973,0.012,-0.085084801,-0.0067420465,0.053210436,0.020275225,0.03674283
0.79,59,59,0.20080013,0.18868575,-0.335,0.13613568,-0.01006306,0.051377611,0.025974694,0.038676153
0.8,54,54,0.18378317,0.18888428,-0.538,0.44244097,-0.013964465,0.049224476,0.03229734,0.040760908
0.81,59,54,0.19229165,0.18928272,0.028,0.22122048,-0.018179367,0.046898326,0.038564467,0.042731396
0.82,54,59,0.19229165,0.18990149,0.178,0.30630528,-0.0224492,0.044541859,0.043832508,0.044187184
0.83,54,59,0.19229165,0.19071945,-0.093,0.15315264,-0.026373639,0.042376012,0.047632297,0.045004154
0.84,59,59,0.20080013,0.19167577,0.432,-0.23823744,-0.029450454,0.040677957,0.049930078,0.045304018
0.85,63,63,0.2144137,0.1926908,0.303,-0.085084801,-0.031099951,0.039767621,0.050637758,0.04520269
0.86,54,50,0.17697639,0.19367621,-0.098,-0.085084801,-0.030615057,0.040035228,0.049274245,0.044654736
0.87,54,54,0.18378317,0.19452384,-0.126,-0.30630528,-0.028050865,0.041450372,0.045781581,0.043615977
0.88,59,54,0.19229165,0.19517186,-0.031,0.01701696,-0.023741054,0.043828902,0.040719437,0.04227417
0.89,59,54,0.19229165,0.19556669,0.06,0.40840704,-0.018033284,0.046978947,0.035029913,0.04100443
0.9,54,59,0.19229165,0.19572915,-0.151,0.2552544,-0.011866193,0.050382485,0.029342595,0.03986254
0.91,59,59,0.20080013,0.19573368,-0.121,0.1701696,-0.0063899338,0.053404762,0.024048344,0.038726553
0.92,59,59,0.20080013,0.19566971,0.342,0.1701696,-0.0023805506,0.055617489,0.019364724,0.037491107
0.93,59,59,0.20080013,0.19561398,-0.146,0.085084801,-0.00054653646,0.056629658,0.015254516,0.035942087
0.94,59,59,0.20080013,0.19564822,-0.746,-0.23823744,-0.00090032585,0.056434406,0.011515405,0.033974906
0.95,59,59,0.20080013,0.19582565,0.168,-0.32332224,-0.0031650187,0.055184551,0.0079990727,0.031591812
0.96,59,59,0.20080013,0.19606292,0.162,-0.1701696,-0.0065192706,0.053333383,0.0043658666,0.028849625
0.97,50,54,0.17697639,0.19623599,-0.041,-0.085084801,-0.0095136167,0.051680842,0.00056620501,0.026123523
0.98,59,54,0.19229165,0.1962817,-0.153,0,-0.011296926,0.050696657,-0.0028712151,0.023912721
0.99,59,54,0.19229165,0.19616271,0.227,0.068067841,-0.011243092,0.050726367,-0.0056970883,0.022514639
1,59,59,0.20080013,0.19588113,0.271,0.15315264,-0.0089319304,0.052001867,-0.00780981,0.022096029
1.01,59,59,0.20080013,0.19546482,0.152,0.085084801,-0.0048914062,0.05423178,-0.0090404362,0.022595672
1.02,54,54,0.18378317,0.19500788,0.01,0.13613568,-0.00043280402,0.056692426,-0.009541125,0.02357565
1.03,59,59,0.20080013,0.19462138,-0.148,0.051050881,0.0024355915,0.058275456,-0.0090391523,0.024618152
1.04,54,59,0.19229165,0.19442589,-0.072,1.2079227e-13,0.0028194533,0.058487305,-0.0074384722,0.025524416
1.05,63,63,0.2144137,0.19441093,0.141,0,0.0010015434,0.057484024,-0.0052085443,0.02613774
1.06,59,54,0.19229165,0.19451025,-0.304,-0.085084801,-0.0025387694,0.05553017,-0.0027626806,0.026383745
1.07,59,54,0.19229165,0.19465341,0.042,-0.30630528,-0.006924678,0.053109644,-0.00030276957,0.026403437
1.08,54,59,0.19229165,0.19477185,-0.18,-0.39139008,-0.011442869,0.050616112,0.0019963127,0.026306212
1.09,54,59,0.19229165,0.19481232,-0.084,0,-0.015734509,0.048247611,0.0040376994,0.026142655
1.1,54,54,0.18378317,0.19475594,0.296,0.1701696,-0.020094562,0.045841354,0.0060092474,0.025925301
1.11,54,54,0.18378317,0.19462585,0.029,0.1701696,-0.024992959,0.043137992,0.0081650037,0.025651498
1.12,59,59,0.20080013,0.19452145,-0.278,0.2552544,-0.030728375,0.039972689,0.010251432,0.025112061
1.13,59,59,0.20080013,0.19453053,0.479,0.2552544,-0.036947375,0.036540503,0.012164881,0.024352692
1.14,59,59,0.20080013,0.19469954,-0.182,0.15315264,-0.042852808,0.03328137,0.014058729,0.023670049
1.15,59,59,0.20080013,0.19502531,-0.314,-0.1701696,-0.047634494,0.030642419,0.015965694,0.023304056
1.16,54,59,0.19229165,0.19542936,-0.019,-0.23823744,-0.051276315,0.028632545,0.017599742,0.023116143
1.17,63,59,0.20760691,0.19584306,-0.215,-0.1701696,-0.053970411,0.027145708,0.018882778,0.023014243
1.18,50,54,0.17697639,0.19625358,0.109,-0.085084801,-0.055155119,0.026491883,0.019501206,0.022996545
1.19,59,59,0.20080013,0.19664213,-0.129,0.01701696,-0.054756945,0.02671163,0.019449384,0.023080507
1.2,54,54,0.18378317,0.19697378,-0.363,0.1701696,-0.053117826,0.027616239,0.018777078,0.023196658
1.21,59,59,0.20080013,0.19718802,0.35,0.23823744,-0.050505387,0.02905801,0.017387616,0.023222813
1.22,59,59,0.20080013,0.19725704,-0.198,0.1701696,-0.047047848,0.030966182,0.015626496,0.023296339
1.23,59,59,0.20080013,0.1971946,0.499,0.1701696,-0.043053884,0.033170399,0.014091919,0.023631159
1.24,59,59,0.20080013,0.19713172,0.048,0.068067841,-0.039440782,0.035164424,0.012964399,0.024064411
1.25,59,59,0.20080013,0.19715917,-0.431,-0.1701696,-0.037030619,0.036494562,0.011994221,0.024244391
1.26,59,59,0.20080013,0.1973205,-0.152,-0.32332224,-0.036374168,0.036856848,0.010821348,0.023839098
1.27,59,63,0.20760691,0.1976224,-0.189,-0.10210176,-0.037054408,0.036481433,0.0090514221,0.022766427
1.28,50,54,0.17697639,0.19799161,-0.02,-0.03403392,-0.037805091,0.036067141,0.006571665,0.021319403
1.29,59,54,0.19229165,0.19829934,-0.459,-0.076760487,-0.037989085,0.035965597,0.0033406602,0.019653128
1.301,54,63,0.19909843,0.19846252,0.124,0.31868125,-0.037225314,0.036387112,-0.0011208995,0.017633106
1.31,54,63,0.19909843,0.19847228,0.187,0.27764514,-0.035732708,0.037210862,-0.0055527533,0.015829054
1.32,59,59,0.20080013,0.19835339,0.388,-0.068067841,-0.033320995,0.038541855,-0.01081865,0.013861603
1.33,59,63,0.20760691,0.19810709,-0.145,0.03403392,-0.030306926,0.040205282,-0.015693314,0.012255984
1.34,54,54,0.18378317,0.19777838,0.005,0.01701696,-0.027056706,0.041999036,-0.019622595,0.011188221
1.35,59,59,0.20080013,0.1974238,0.126,-0.068067841,-0.023937347,0.04372057,-0.02235514,0.010682715
1.36,59,59,0.20080013,0.19710826,0.183,0.23823744,-0.020469122,0.045634639,-0.02382827,0.010903185
1.37,59,59,0.20080013,0.19682831,-0.168,0.068067841,-0.016451966,0.047851656,-0.024522498,0.011664579
1.38,59,59,0.20080013,0.19655364,-0.442,-0.32332224,-0.012046586,0.050282929,-0.024625783,0.012828573
1.39,63,63,0.2144137,0.19623137,0.122,-0.1701696,-0.0077481236,0.052655195,-0.024408625,0.014123285
1.4,50,54,0.17697639,0.19583515,-0.156,-0.2552544,-0.0042340996,0.054594539,-0.023887053,0.015353743
1.41,59,54,0.19229165,0.19535169,-0.424,-0.30630528,-0.0016369646,0.056027865,-0.022785486,0.016621189
1.42,59,54,0.19229165,0.194849,-0.043,0.10210176,-0.00037121654,0.056726415,-0.021407982,0.017659217
1.43,54,54,0.18378317,0.19438019,-0.092,0.32332224,-0.00091539947,0.056426087,-0.01979997,0.018313059
1.44,59,59,0.20080013,0.19401622,0.585,-0.13613568,-0.002592527,0.055500502,-0.018055281,0.01872261
1.45,59,59,0.20080013,0.19382949,0.159,-0.051050881,-0.0044108287,0.054497005,-0.016320259,0.019088373
1.46,59,59,0.20080013,0.19384186,0.357,0.1701696,-0.0052308385,0.054044452,-0.01476767,0.019638391
1.47,50,50,0.1701696,0.1939574,0.098,-0.085084801,-0.0045112137,0.054441604,-0.01367723,0.020382187
1.48,59,59,0.20080013,0.19409023,-0.463,-0.1701696,-0.0025339555,0.055532827,-0.013059022,0.021236903
1.49,59,59,0.20080013,0.19420251,-0.086,0.13613568,0.00014408215,0.057010802,-0.012732109,0.022139346
1.5,59,54,0.19229165,0.19427956,0.065,0.13613568,0.0025827796,0.058356687,-0.012535854,0.022910417
1.51,54,59,0.19229165,0.19431648,-0.31,-0.085084801,0.0037826144,0.059018861,-0.012287527,0.023365667
1.52,54,59,0.19229165,0.19429413,0.029,0.085084801,0.0029610491,0.05856545,-0.011760276,0.023402587
1.53,54,59,0.19229165,0.19415789,0.192,0.085084801,0.00021521975,0.057050062,-0.011059821,0.02299512
1.54,59,59,0.20080013,0.19389502,-0.01,0.22122048,-0.0039321585,0.054761177,-0.010123497,0.02231884
1.55,59,59,0.20080013,0.19354141,0.224,0,-0.0089902736,0.051969668,-0.0089087484,0.02153046
1.56,54,59,0.19229165,0.19314277,-0.066,-0.22122048,-0.01485398,0.048733564,-0.0071927854,0.020770389
1.57,63,63,0.2144137,0.19276969,-0.144,-0.1701696,-0.021417891,0.045111026,-0.0046266262,0.0202422
1.58,50,50,0.1701696,0.19252554,-0.274,-0.2552544,-0.028254798,0.041337824,-0.0012356068,0.020051109
1.59,59,59,0.20080013,0.19245725,0.083,-0.39139008,-0.034418472,0.037936172,0.0018448456,0.019890509
1.6,54,54,0.18378317,0.19256716,0.237,0,-0.039223985,0.035284071,0.0036838189,0.019483945
1.61,54,54,0.18378317,0.19278199,-0.316,0.22122048,-0.042706533,0.033362098,0.0040903393,0.018726218
1.62,54,54,0.18378317,0.19303075,-0.056,1.2079227e-13,-0.044764529,0.032226316,0.0030125284,0.017619422
1.63,59,59,0.20080013,0.19328827,0.232,0.1701696,-0.045406576,0.031871979,0.00093220252,0.016402091
1.64,54,59,0.19229165,0.19352817,-0.188,0.1701696,-0.045442957,0.0318519,-0.0012029463,0.015324477
1.65,54,59,0.19229165,0.19372188,-0.204,0.085084801,-0.045983809,0.031553411,-0.0027731446,0.014390133
1.66,59,54,0.19229165,0.19383637,0.074,0.085084801,-0.047863464,0.030516054,-0.0040081893,0.013253932
1.67,54,59,0.19229165,0.19387583,-0.062,0.1701696,-0.050820709,0.028883988,-0.0045976882,0.01214315
1.68,59,59,0.20080013,0.19386422,-0.104,0.085084801,-0.054080665,0.02708486,-0.0041814319,0.011451714
1.69,59,59,0.20080013,0.19380952,-0.101,0.085084801,-0.056636874,0.025674121,-0.0028169276,0.011428597
1.7,59,59,0.20080013,0.19371101,0.169,0.085084801,-0.057932007,0.024959354,-0.00088474505,0.012037305
1.71,54,59,0.19229165,0.19356688,0.095,-0.085084801,-0.0582871,0.024763383,0.0010144239,0.012888903
1.72,59,59,0.20080013,0.19335961,-0.231,-0.32332224,-0.058176688,0.024824318,0.0025533007,0.013688809
1.73,59,59,0.20080013,0.19309574,-0.259,-0.39139008,-0.057929595,0.024960686,0.0037982252,0.014379455
1.74,59,54,0.19229165,0.19280052,-0.166,-0.15315264,-0.058432074,0.024683373,0.0050053336,0.014844354
1.75,50,54,0.17697639,0.19249987,-0.085,-0.1701696,-0.0604823,0.023551881,0.0067475608,0.015149721
1.76,50,54,0.17697639,0.19229519,-0.107,-0.2552544,-0.064498581,0.021335346,0.0092698165,0.015302581
1.77,59,59,0.20080013,0.19221032,0.054,0.15315264,-0.070275516,0.01814713,0.012417979,0.015282555
1.78,54,54,0.18378317,0.19231459,0.25,0.47647489,-0.077591388,0.014109595,0.015927852,0.015018723
1.79,54,54,0.18378317,0.19264432,-0.129,0.068067841,-0.086537776,0.0091721979,0.019092291,0.014132245
1.8,59,59,0.20080013,0.19317488,-0.249,0,-0.097048853,0.0033712698,0.021220417,0.012295843
1.81,59,59,0.20080013,0.19382947,0.132,0.3403392,-0.10795777,-0.0026492202,0.022267381,0.0098090806
1.82,54,54,0.18378317,0.1945469,0.013,0.1701696,-0.11766119,-0.0080044167,0.022641289,0.0073184362
1.83,59,59,0.20080013,0.1952728,-0.518,0,-0.12583645,-0.012516237,0.022440951,0.0049623568
1.84,59,59,0.20080013,0.19593933,-0.239,0.085084801,-0.13309898,-0.01652433,0.021642699,0.0025591848
1.85,59,59,0.20080013,0.19648036,-0.024,0.085084801,-0.13937762,-0.019989432,0.02010398,5.7274172e-05
1.86,59,59,0.20080013,0.19685114,0.091,0,-0.14372197,-0.022387026,0.017585624,-0.002400701
1.87,54,59,0.19229165,0.19702843,-0.017,-0.085084801,-0.14661009,-0.023980942,0.014150785,-0.0049150784
1.88,59,59,0.20080013,0.19703058,-0.231,0.051050881,-0.14892172,-0.025256699,0.0097991449,-0.0077287772
1.89,59,59,0.20080013,0.19691682,-0.221,-0.01701696,-0.15084047,-0.026315633,0.0042220154,-0.011046809
1.9,59,54,0.19229165,0.19673626,-0.306,-0.085084801,-0.15183921,-0.026866826,-0.0028176025,-0.014842214
1.91,63,63,0.2144137,0.19652483,-0.277,-0.10210176,-0.15158238,-0.026725081,-0.010857924,-0.018791503
1.92,50,54,0.17697639,0.19629008,-0.091,-0.2552544,-0.14963044,-0.025647834,-0.018881952,-0.022264893
1.93,59,63,0.20760691,0.19599042,-0.532,-0.39139008,-0.14556352,-0.023403352,-0.02583688,-0.024620116
1.94,54,54,0.18378317,0.19556489,-0.144,-0.068067841,-0.13868589,-0.019607676,-0.031047332,-0.025327504
1.95,54,54,0.18378317,0.194999,-0.042,0.1701696,-0.12905482,-0.014292411,-0.03408034,-0.024186376
1.96,54,54,0.18378317,0.19437207,0.209,0.01701696,-0.11710025,-0.0076948409,-0.034754389,-0.021224615
1.97,59,59,0.20080013,0.19373014,-0.351,0.2552544,-0.10285787,0.00016534656,-0.033224465,-0.016529559
1.98,59,59,0.20080013,0.19310234,0.195,0.3403392,-0.086480447,0.009203837,-0.029666844,-0.010231503
1.99,54,59,0.19229165,0.19254937,0.23,0.085084801,-0.068218817,0.019282196,-0.024108444,-0.0024131242
2,59,59,0.20080013,0.19215087,0.263,-0.085084801,-0.049004287,0.029886448,-0.017234579,0.0063259347
2.01,59,59,0.20080013,0.191911,-0.588,0,-0.030196287,0.040266342,-0.0099340934,0.015166124
2.02,54,59,0.19229165,0.1918177,-0.67,-0.23823744,-0.013218436,0.049636199,-0.0026672598,0.02348447
2.03,59,59,0.20080013,0.1918624,0.391,-0.47647489,0.00087953545,0.057416689,0.0042068496,0.030811769
2.04,59,54,0.19229165,0.19204414,0.256,-0.32332224,0.011790552,0.063438339,0.010117349,0.036777844
2.05,50,54,0.17697639,0.19231656,0.105,-0.1701696,0.01969128,0.067798649,0.014742111,0.04127038
2.06,50,54,0.17697639,0.192613,-0.82,0,0.024523914,0.070465717,0.017891882,0.0441788
2.07,54,54,0.18378317,0.19288156,0.523,0.32332224,0.02647402,0.071541956,0.019910096,0.045726026
2.08,54,59,0.19229165,0.1931088,0.332,0.47647489,0.025581428,0.071049346,0.021345999,0.046197673
2.09,59,59,0.20080013,0.19333345,0.226,0.23823744,0.022233392,0.069201608,0.022585877,0.045893743
2.1,59,59,0.20080013,0.1936315,-0.418,0.085084801,0.017338607,0.066500239,0.024109138,0.045304688
2.11,59,59,0.20080013,0.19402188,0.215,0.085084801,0.011419812,0.063233732,0.025998808,0.04461627
2.12,54,54,0.18378317,0.19455998,-0.103,0.068067841,0.0046920066,0.059520743,0.028089549,0.043805146
2.13,59,59,0.20080013,0.19522136,0.516,-0.10210176,-0.0026839213,0.055450063,0.029805836,0.042627949
2.14,59,59,0.20080013,0.19593105,-0.315,-2.4158453e-13,-0.0098637651,0.051487599,0.030322228,0.040904913
2.15,59,63,0.20760691,0.19658333,0.145,0.1701696,-0.016488538,0.047831472,0.029180831,0.038506151
2.16,54,54,0.18378317,0.19709728,0.213,0,-0.023773176,0.043811174,0.026528441,0.035169807
2.17,59,59,0.20080013,0.19741452,-0.479,-0.23823744,-0.032435888,0.039030335,0.022704866,0.030867601
2.18,59,59,0.20080013,0.197502,-0.195,-0.068067841,-0.042203295,0.033639828,0.018051793,0.025845811
2.19,59,59,0.20080013,0.19738268,-0.569,0.085084801,-0.052777141,0.027804258,0.013136511,0.020470385
2.2,54,54,0.18378317,0.19713677,0.066,-0.085084801,-0.063960194,0.021632475,0.0084381195,0.015035297
2.21,59,59,0.20080013,0.19686784,0.263,1.7763568e-15,-0.074519597,0.015804877,0.004248969,0.010026923
2.22,54,59,0.19229165,0.19666234,-0.036,0.085084801,-0.08350715,0.010844762,0.0012246023,0.006034682
2.23,59,59,0.20080013,0.19654966,-0.013,0,-0.091476518,0.0064465699,-0.00011279149,0.0031668892
2.24,59,59,0.20080013,0.19650925,0.2,0.068067841,-0.099611402,0.0019570319,6.0828462e-05,0.0010089302
2.25,59,54,0.19229165,0.19650372,-0.389,-0.01701696,-0.10858293,-0.0029942395,0.0011822977,-0.00090597094
2.26,54,59,0.19229165,0.19651916,-0.29,-0.1701696,-0.11812268,-0.0082591067,0.0025736765,-0.0028427151
2.27,63,59,0.20760691,0.19656182,-0.514,0,-0.12774049,-0.013567052,0.0038119335,-0.0048775591
2.28,54,54,0.18378317,0.19664928,0.327,0.085084801,-0.13674031,-0.018533934,0.0048165396,-0.0068586973
2.29,59,59,0.20080013,0.19681803,0.136,0.030203263,-0.14456709,-0.022853433,0.0052448418,-0.0088042955
2.301,59,54,0.19229165,0.19708971,-0.456,0.1522932,-0.15152264,-0.026692113,0.0045433899,-0.011074362
2.31,59,59,0.20080013,0.19729762,-0.005,0.18290744,-0.15603846,-0.029184338,0.0029863229,-0.013099008
2.32,59,59,0.20080013,0.19747137,0.048,0.051050881,-0.15992239,-0.031327826,0.00047265292,-0.015427587
2.33,59,59,0.20080013,0.1975712,0.163,-0.01701696,-0.16263122,-0.032822797,-0.0024237986,-0.017623298
2.34,63,54,0.19909843,0.1975689,-0.679,-0.2552544,-0.16385164,-0.033496333,-0.0049863731,-0.019241353
2.35,63,54,0.19909843,0.19742566,-0.605,-0.18718656,-0.16339037,-0.033241761,-0.0068462869,-0.020044024
2.36,59,54,0.19229165,0.19718235,0.486,0.068067841,-0.16037984,-0.031580286,-0.0078405471,-0.019710417
2.37,54,54,0.18378317,0.19691572,-0.099,0.10210176,-0.15430092,-0.028225412,-0.0080220498,-0.018123731
2.38,54,63,0.19909843,0.19668943,-0.663,0.10210176,-0.1450547,-0.023122541,-0.0077771006,-0.015449821
2.39,59,63,0.20760691,0.19652374,-0.134,0.1701696,-0.13306667,-0.0165065,-0.0078159448,-0.012161223
2.4,59,59,0.20080013,0.19640649,-0.119,0.01701696,-0.11945958,-0.0089969229,-0.0082670886,-0.0086320057
2.41,59,59,0.20080013,0.19631672,-0.601,-0.13613568,-0.10564605,-0.0013734147,-0.0091459093,-0.005259662
2.42,54,59,0.19229165,0.1962389,-0.314,-0.23823744,-0.092533107,0.0058634519,-0.010180663,-0.0021586056
2.43,54,59,0.19229165,0.19614479,0.673,-0.3403392,-0.079500018,0.013056246,-0.010843952,0.0011061469
2.44,59,59,0.20080013,0.19601683,-0.014,-0.01701696,-0.065612188,0.020720761,-0.010921155,0.0048998031
2.45,54,54,0.18378317,0.19585654,-0.175,0.15315264,-0.050590277,0.029011161,-0.010224831,0.0093931649
2.46,54,54,0.18378317,0.19572179,0.249,-0.085084801,-0.033764368,0.038297164,-0.0089574949,0.014669834
2.47,59,63,0.20760691,0.19560493,0.315,0.15315264,-0.014571033,0.048889719,-0.0074363806,0.020726669
2.48,59,54,0.19229165,0.19552912,-0.19,0.47647489,0.0059158492,0.060196166,-0.006094123,0.027051021
2.49,54,59,0.19229165,0.19550585,-0.777,0.085084801,0.025900401,0.071225383,-0.0054503239,0.03288753
2.5,59,63,0.20760691,0.19552535,0.522,-0.15315264,0.04391783,0.081168971,-0.0055795029,0.037794734
2.51,59,63,0.20760691,0.19556214,0.452,0,0.059180944,0.089592487,-0.0060776873,0.0417574
2.52,59,54,0.19229165,0.195592,0.142,-0.23823744,0.070227389,0.095688879,-0.0064032538,0.044642812
2.53,59,54,0.19229165,0.19559951,-0.25,-0.30630528,0.075407409,0.098547665,-0.0061245488,0.046211558
2.54,54,59,0.19229165,0.19556517,-0.096,-0.068067841,0.074029205,0.097787052,-0.0049872122,0.04639992
2.55,54,54,0.18378317,0.19544885,0.215,0,0.066500384,0.093631992,-0.0030297694,0.045301111
2.56,59,59,0.20080013,0.19526096,-0.177,0.15315264,0.053672104,0.086552229,-0.0010510297,0.0427506
2.57,54,59,0.19229165,0.19506801,-0.237,0.23823744,0.036110449,0.076860178,0.00027049089,0.038565334
2.58,54,59,0.19229165,0.19493112,0.141,0.15315264,0.014983863,0.065200686,0.00082417866,0.033012432
2.59,63,59,0.20760691,0.1948513,0.291,-0.085084801,-0.0072137946,0.052950084,0.0011359605,0.027043022
2.6,54,59,0.19229165,0.19485379,0.049,0,-0.027795303,0.041591414,0.001452383,0.021521899
2.61,63,59,0.20760691,0.19493001,0.43,-0.068067841,-0.045030656,0.032079444,0.0019913012,0.017035373
2.62,54,50,0.17697639,0.19505442,0.128,-0.28928832,-0.057925335,0.024963037,0.00311426,0.014038648
2.63,63,59,0.20760691,0.19520128,-0.333,-0.22122048,-0.066720014,0.020109366,0.0051862567,0.012647812
2.64,59,50,0.18548487,0.19537294,-0.092,0.085084801,-0.07252462,0.016905879,0.0074692749,0.012187577
2.65,59,50,0.18548487,0.19556388,0.31,0.1701696,-0.076220021,0.014866434,0.0090274168,0.011946925
2.66,59,54,0.19229165,0.19575551,-0.402,0.085084801,-0.078402724,0.013661828,0.0097336433,0.011697736
2.67,59,59,0.20080013,0.19590245,-0.627,0.30630528,-0.079509739,0.013050881,0.0095630336,0.011306957
2.68,59,59,0.20080013,0.19598876,-0.078,0.37437312,-0.079193824,0.013225231,0.0085509803,0.010888106
2.69,59,59,0.20080013,0.19605234,-0.166,0.051050881,-0.076827871,0.01453097,0.0071588754,0.010844923
2.7,59,59,0.20080013,0.19614058,-0.514,-0.3403392,-0.072296786,0.017031617,0.0058884553,0.011460036
2.71,63,63,0.2144137,0.19628342,-0.395,-0.3403392,-0.06643359,0.02026744,0.0046302913,0.012448866
2.72,54,54,0.18378317,0.19646118,0.274,-0.03403392,-0.060514822,0.023533932,0.0032855879,0.01340976
2.73,54,54,0.18378317,0.19662737,-0.032,-0.1701696,-0.054202412,0.02701767,0.001691625,0.014354647
2.74,54,54,0.18378317,0.19671111,0.196,-0.13613568,-0.046632708,0.031195292,-0.00018430504,0.015505494
2.75,63,63,0.2144137,0.1966708,0.072,0.3403392,-0.03754548,0.036210417,-0.0019830385,0.017113689
2.76,54,54,0.18378317,0.1964914,0.152,0.47647489,-0.027601417,0.041698417,-0.003461674,0.019118372
2.77,59,59,0.20080013,0.19624013,0.132,0,-0.017966391,0.047015864,-0.0049738432,0.021021011
2.78,59,59,0.20080013,0.19602961,0.23,-0.30630528,-0.0099351879,0.051448182,-0.00686768,0.022290251
2.79,63,63,0.2144137,0.1959139,0.412,0,-0.0050530838,0.054142553,-0.0092959694,0.022423292
2.8,54,54,0.18378317,0.19588184,-0.381,0,-0.0044728494,0.054462776,-0.01177605,0.021343363
2.81,54,54,0.18378317,0.1958629,-0.272,-0.22122048,-0.0081100814,0.052455435,-0.013885203,0.019285116
2.82,59,59,0.20080013,0.19584313,-0.136,-0.13613568,-0.014960178,0.048674955,-0.015143201,0.016765877
2.83,59,59,0.20080013,0.19582636,0.109,0.2552544,-0.024251602,0.043547137,-0.016082005,0.013732566
2.84,59,54,0.19229165,0.19576858,-0.11,0,-0.035138929,0.037538561,-0.017349032,0.010094764
2.85,59,54,0.19229165,0.19561417,-0.214,-0.1701696,-0.046816879,0.031093651,-0.019139105,0.0059772726
2.86,59,59,0.20080013,0.19532004,0.552,1.7763568e-15,-0.058529614,0.024629542,-0.021045771,0.0017918856
2.87,54,54,0.18378317,0.1948767,0.005,0.085084801,-0.069388497,0.018636665,-0.02242144,-0.0018923879
2.88,59,59,0.20080013,0.19431787,-0.655,0.085084801,-0.078262193,0.013739386,-0.022543203,-0.0044019088
2.89,59,54,0.19229165,0.19373642,-0.195,0.23823744,-0.08439917,0.010352467,-0.020751267,-0.0051994
2.9,59,59,0.20080013,0.19328819,-0.056,-3.3928416e-13,-0.087088846,0.0088680694,-0.017139998,-0.0041359641
2.91,59,59,0.20080013,0.19301556,-0.275,-0.39139008,-0.085323237,0.0098424866,-0.012491691,-0.0013246023
2.92,59,63,0.20760691,0.19288654,0.129,-0.32332224,-0.07899937,0.013332547,-0.007772267,0.0027801401
2.93,54,50,0.17697639,0.19283818,-0.147,-0.1701696,-0.068932855,0.018888127,-0.0034485667,0.0077197803
2.94,54,50,0.17697639,0.19283538,-0.214,-0.068067841,-0.05633426,0.025841131,0.00065318913,0.01324716
2.95,54,54,0.18378317,0.19283037,-0.177,0.1701696,-0.042068776,0.033714068,0.0044408655,0.019077467
2.96,59,59,0.20080013,0.19282753,-0.074,0.23823744,-0.027305804,0.041861562,0.008028788,0.024945175
2.97,59,59,0.20080013,0.19286419,0.231,0.085084801,-0.013348435,0.049564455,0.011908938,0.030736696
2.98,59,59,0.20080013,0.19301669,0.305,0,-0.0013218923,0.056201749,0.016259499,0.036230624
2.99,54,50,0.17697639,0.19329233,0.236,-0.085084801,0.0084864509,0.061614848,0.020483417,0.041049132
3,59,54,0.19229165,0.1936502,0.152,-1.7763568e-15,0.016494364,0.066034312,0.024148007,0.045091159
3.01,59,54,0.19229165,0.19407953,-0.152,0.22122048,0.023470434,0.069884315,0.027355308,0.048619811
3.02,59,59,0.20080013,0.1945791,-0.479,0.37437312,0.029868438,0.073415292,0.030237501,0.051826396
3.03,59,59,0.20080013,0.19513387,0.062,2.1849189e-13,0.035077607,0.076290165,0.032610783,0.054450474
3.04,54,63,0.19909843,0.1957235,0.193,-0.15315264,0.037867364,0.077829796,0.034129179,0.055979488
3.05,63,59,0.20760691,0.19630362,0.053,-0.085084801,0.037060193,0.077384329,0.034663668,0.056023999
3.06,54,50,0.17697639,0.19681724,-0.15,-0.068067841,0.03199664,0.074589819,0.033808985,0.054199402
3.07,59,59,0.20080013,0.19722185,0.338,-0.051050881,0.022830433,0.069531107,0.031583078,0.050557093
3.08,54,59,0.19229165,0.19749441,0.284,0.1701696,0.0106075,0.062785428,0.028296816,0.045541122
3.09,59,59,0.20080013,0.19766022,0.013,0.15315264,-0.0030303864,0.055258853,0.024602103,0.039930478
3.1,59,59,0.20080013,0.19781148,-0.048,0.068067841,-0.017150931,0.047465906,0.02099031,0.034228108
3.11,59,59,0.20080013,0.19804985,-0.333,0.068067841,-0.031657684,0.039459815,0.017421259,0.028440537
3.12,54,59,0.19229165,0.19833607,0.049,-0.1701696,-0.046149493,0.031461972,0.013522332,0.022492152
3.13,63,59,0.20760691,0.19857202,-0.259,-0.085084801,-0.059590985,0.024043786,0.0090522545,0.01654802
3.14,54,59,0.19229165,0.19871033,-0.041,0.085084801,-0.071308279,0.017577162,0.0040082589,0.01079271
3.15,54,59,0.19229165,0.19878484,-0.196,0.01701696,-0.080618852,0.012438776,-0.0013954524,0.0055216619
3.16,59,59,0.20080013,0.19884767,-0.059,0.01701696,-0.087144939,0.0088371124,-0.0069383553,0.00094937854
3.17,59,59,0.20080013,0.19889737,0.138,0.085084801,-0.091050422,0.0066817263,-0.012438875,-0.0028785745
3.18,59,59,0.20080013,0.19885301,0.235,0.068067841,-0.0927853,0.0057242696,-0.017928573,-0.0061021517
3.19,59,59,0.20080013,0.19865895,-0.165,-0.01701696,-0.092617111,0.0058170911,-0.023336578,-0.0087597436
3.2,54,59,0.19229165,0.19829691,-0.274,-0.10210176,-0.090368597,0.0070580172,-0.028487207,-0.010714595
3.21,63,59,0.20760691,0.19779033,-0.335,-0.03403392,-0.085901498,0.0095233513,-0.033031553,-0.011754101
3.22,59,54,0.19229165,0.19719064,-0.239,0.068067841,-0.079243945,0.01319757,-0.03660173,-0.01170208
3.23,54,63,0.19909843,0.19655265,-0.359,-0.068067841,-0.070486052,0.018030938,-0.038857566,-0.010413314
3.24,54,63,0.19909843,0.19590563,0.026,-0.30630528,-0.060484395,0.023550724,-0.039427869,-0.0079385725
3.25,59,59,0.20080013,0.19522151,0.121,-0.13613568,-0.050716566,0.028941464,-0.038377775,-0.0047181555
3.26,59,54,0.19229165,0.19452006,0.218,0.03403392,-0.042429825,0.033514809,-0.035845515,-0.0011653528
3.27,50,54,0.17697639,0.1938184,-0.129,-0.068067841,-0.036122695,0.036995633,-0.031924509,0.0025355623
3.28,59,59,0.20080013,0.19314846,-0.215,-0.1701696,-0.032417178,0.039040661,-0.026515192,0.0062627343
3.29,59,59,0.20080013,0.19258766,0.059,-0.01701696,-0.032089546,0.039221476,-0.019840755,0.0096903605
3.3,54,59,0.19229165,0.19220923,0.085,-0.01701696,-0.034647173,0.037809955,-0.01241788,0.012696037
3.31,54,54,0.18378317,0.19204707,0.078,-0.085084801,-0.039236745,0.035277029,-0.0048111016,0.015232964
3.32,54,54,0.18378317,0.19211167,0.259,0,-0.045287216,0.031937852,0.0027470007,0.017342426
3.33,54,59,0.19229165,0.19237555,-0.292,0.085084801,-0.052424732,0.027998749,0.009770989,0.018884869
3.34,59,59,0.20080013,0.19278438,0.13,0.1701696,-0.060324495,0.023638971,0.015879828,0.0197594
3.35,59,54,0.19229165,0.19330199,0.063,0.085084801,-0.068364205,0.019201958,0.020875262,0.02003861
3.36,54,59,0.19229165,0.19388309,-0.215,-0.085084801,-0.076515958,0.01470311,0.024789707,0.019746408
3.37,54,59,0.19229165,0.19448681,-0.123,1.1901591e-13,-0.085031896,0.010003274,0.027689629,0.018846451
3.38,59,54,0.19229165,0.19508528,-0.098,0.23823744,-0.09411818,0.0049886701,0.02946722,0.017227945
3.39,59,54,0.19229165,0.19563644,-0.181,0.15315264,-0.10317428,-9.27765e-06,0.030095387,0.015043055
3.4,59,59,0.20080013,0.19612068,-0.323,0.085084801,-0.11076326,-0.0041975376,0.029833406,0.012817934
3.41,63,59,0.20760691,0.19651593,-0.083,0.23823744,-0.11562528,-0.0068808238,0.028822115,0.010970646
3.42,54,59,0.19229165,0.19682042,0.012,0.068067841,-0.11665774,-0.0074506223,0.027312874,0.0099311258
3.43,59,59,0.20080013,0.19705258,-0.419,-0.23823744,-0.11317778,-0.0055300756,0.02563016,0.010050042
3.44,59,63,0.20760691,0.19724275,-0.206,-0.15315264,-0.10554231,-0.0013161616,0.023949895,0.011316867
3.45,59,54,0.19229165,0.19740065,-0.176,0,-0.094551285,0.004749645,0.021998828,0.013374236
3.46,54,59,0.19229165,0.19749268,0.211,-0.15315264,-0.080929364,0.012267409,0.019556689,0.015912049
3.47,59,54,0.19229165,0.197532,-0.36,-0.068067841,-0.065540863,0.020760124,0.017064045,0.018912085
3.48,59,59,0.20080013,0.19757648,-0.174,0.085084801,-0.049276121,0.029736427,0.014889789,0.022313108
3.49,54,59,0.19229165,0.19768568,0.448,0.085084801,-0.032750633,0.038856631,0.012685552,0.025771091
3.5,59,59,0.20080013,0.19783325,-0.176,0.085084801,-0.016763831,0.047679542,0.010194579,0.02893706
3.51,59,54,0.19229165,0.19796355,0.061,0,-0.0024446855,0.055582094,0.0075028642,0.031542479
3.52,59,59,0.20080013,0.198052,0.146,0,0.0095106895,0.062180112,0.0050650667,0.033622589
3.53,59,59,0.20080013,0.19812001,0.109,0.085084801,0.018582965,0.067186984,0.003366295,0.03527664
3.54,54,59,0.19229165,0.19820824,0.001,0.085084801,0.024282776,0.070332637,0.0022915956,0.036312116
3.55,59,59,0.20080013,0.19835274,-0.239,0,0.02634894,0.071472926,0.0012462311,0.036359579
3.56,59,59,0.20080013,0.19854483,0.098,0.085084801,0.024901332,0.07067401,-0.00035275114,0.035160629
3.57,59,59,0.20080013,0.19872149,0.172,0.085084801,0.021020202,0.068532064,-0.0028020856,0.032864989
3.58,59,59,0.20080013,0.19879806,0.259,-0.085084801,0.015645404,0.065565782,-0.0059393144,0.029813234
3.59,59,59,0.20080013,0.19879866,0.068,-0.085084801,0.0091150109,0.061961742,-0.010082291,0.025939725
3.6,59,59,0.20080013,0.19876209,-0.244,0,0.0013573904,0.057680411,-0.015581728,0.021049341
3.61,59,54,0.19229165,0.19863058,0.345,-0.01701696,-0.0077653294,0.052645699,-0.022127677,0.015259011
3.62,59,59,0.20080013,0.19835822,-0.204,-0.2552544,-0.018255365,0.046856383,-0.028822358,0.0090170124
3.63,59,59,0.20080013,0.19796747,-0.437,-0.15315264,-0.029991231,0.040379509,-0.034935806,0.0027218518
3.64,54,63,0.19909843,0.19746634,0.044,0.085084801,-0.042795631,0.033312926,-0.040123809,-0.0034054418
3.65,50,54,0.17697639,0.19685151,0.023,-1.7763568e-15,-0.056436751,0.025784567,-0.044130613,-0.0091730233
3.66,59,59,0.20080013,0.19612675,-0.462,0.01701696,-0.070494067,0.018026515,-0.046575645,-0.014274565
3.67,59,59,0.20080013,0.19534338,0.084,0.1701696,-0.083984554,0.010581289,-0.047225904,-0.018322307
3.68,59,59,0.20080013,0.19455821,0.148,-0.01701696,-0.095675401,0.0041292602,-0.046197729,-0.021034234
3.69,59,59,0.20080013,0.19382742,-0.099,-0.2552544,-0.10461396,-0.00080381454,-0.043721353,-0.022262584
3.7,54,59,0.19229165,0.1931786,-0.273,-0.1701696,-0.11075435,-0.0041926179,-0.040128456,-0.022160537
3.71,54,54,0.18378317,0.19262243,0.034,0.051050881,-0.11392417,-0.0059419998,-0.035531157,-0.020736579
3.72,54,59,0.19229165,0.19216582,-0.189,-0.085084801,-0.11369364,-0.0058147748,-0.030156974,-0.017985874
3.73,54,59,0.19229165,0.19179079,-0.068,-0.35735616,-0.1104875,-0.0040453471,-0.024313044,-0.014179195
3.74,63,63,0.2144137,0.19150106,0.086,-0.051050881,-0.10500704,-0.0010207543,-0.018303079,-0.0096619166
3.75,50,50,0.1701696,0.19130664,0.127,0.1701696,-0.09745627,0.0031464211,-0.012424472,-0.0046390255
3.76,50,50,0.1701696,0.19120212,-0.14,-0.22122048,-0.088157319,0.0082783929,-0.0068421836,0.00071810468
3.77,59,59,0.20080013,0.19117265,-0.541,-0.085084801,-0.078272396,0.013733755,-0.001409402,0.0061621764
3.78,59,59,0.20080013,0.19121488,-0.237,0.44244097,-0.069295911,0.018687761,0.0041289313,0.011408346
3.79,54,54,0.18378317,0.19133039,-0.244,0.22122048,-0.061603785,0.022932947,0.0099275648,0.016430256
3.8,59,54,0.19229165,0.19151832,-0.001,-0.085084801,-0.054977463,0.026589929,0.015962164,0.021276047
3.81,59,54,0.19229165,0.19180222,0.017,0,-0.049167849,0.02979618,0.022245601,0.026020891
3.82,59,59,0.20080013,0.192227,-0.047,0.085084801,-0.04436987,0.032444123,0.028432759,0.030438441
3.83,54,59,0.19229165,0.19283064,-0.156,-1.7763568e-15,-0.040918523,0.034348878,0.033330463,0.03383967
3.84,59,54,0.19229165,0.19353514,0.232,0,-0.038516817,0.035674348,0.035870262,0.035772305
3.85,54,59,0.19229165,0.19428268,0.399,0,-0.037280439,0.036356689,0.035594173,0.035975431
3.86,54,59,0.19229165,0.19502238,0.039,0.085084801,-0.037510779,0.036229568,0.032581182,0.034405375
3.87,59,59,0.20080013,0.19568276,-0.154,0.085084801,-0.038991653,0.035412292,0.027535594,0.031473943
3.88,59,54,0.19229165,0.19619943,-0.14,0,-0.041346705,0.034112569,0.021374169,0.027743369
3.89,59,59,0.20080013,0.19649057,-0.055,-0.085084801,-0.044168355,0.032555337,0.015107111,0.023831224
3.9,54,59,0.19229165,0.19653503,0.084,1.1901591e-13,-0.047019019,0.030982092,0.0092229009,0.020102496
3.91,54,59,0.19229165,0.1963855,-0.188,0.085084801,-0.049865409,0.029411206,0.0041019465,0.016756576
3.92,59,54,0.19229165,0.19614691,-0.158,0.085084801,-0.052995575,0.027683708,0.00015038746,0.013917048
3.93,59,59,0.20080013,0.19593458,-0.037,0.1701696,-0.05681673,0.025574862,-0.0023117771,0.011631542
3.94,59,59,0.20080013,0.19573907,0.247,0.1701696,-0.061950058,0.022741844,-0.0037793486,0.0094812476
3.95,59,59,0.20080013,0.19552095,-0.304,0.085084801,-0.068717277,0.019007102,-0.0048112808,0.0070979108
3.96,59,59,0.20080013,0.19533167,-0.356,-0.30630528,-0.076795668,0.014548742,-0.0056699772,0.0044393824
3.97,59,59,0.20080013,0.19521549,-0.008,-0.30630528,-0.085022504,0.010008457,-0.0066365455,0.0016859558
3.98,59,59,0.20080013,0.19512408,0.2,-0.1701696,-0.091739336,0.0063015238,-0.0078523914,-0.00077543379
3.99,50,50,0.1701696,0.1949943,-0.441,-0.3403392,-0.095458859,0.004248767,-0.0090395223,-0.0023953776
4,59,59,0.20080013,0.19481101,-0.277,-0.1701696,-0.095480232,0.0042369712,-0.0098843794,-0.0028237041
4.01,54,54,0.18378317,0.19465766,-0.16,0.22122048,-0.09201316,0.0061504037,-0.010723875,-0.0022867356
4.02,54,54,0.18378317,0.19458458,0.044,0.35735616,-0.086074122,0.0094280828,-0.012129635,-0.0013507762
4.03,59,59,0.20080013,0.19454407,0.168,0.22122048,-0.078368748,0.013680579,-0.013899001,-0.00010921084
4.04,54,59,0.19229165,0.19449202,-0.081,0.1701696,-0.0696721,0.018480148,-0.01568377,0.0013981888
4.05,63,63,0.2144137,0.19441125,0.121,0,-0.061073993,0.023225333,-0.017167483,0.003028925
4.06,59,54,0.19229165,0.19431052,0.095,-0.085084801,-0.053371599,0.027476185,-0.01800091,0.0047376372
4.07,59,54,0.19229165,0.19418116,-0.02,-0.13613568,-0.046579053,0.031224904,-0.017883559,0.0066706725
4.08,54,59,0.19229165,0.19401419,-0.04,-0.051050881,-0.040353707,0.034660592,-0.016489008,0.0090857924
4.09,59,54,0.19229165,0.1937921,-0.5,0,-0.034632334,0.037818144,-0.013801973,0.012008086
4.1,59,59,0.20080013,0.19353961,-0.16,-0.1701696,-0.029968071,0.040392291,-0.010608779,0.014891756
4.11,59,59,0.20080013,0.19325701,0.091,-1.1901591e-13,-0.026896952,0.042087202,-0.0075304349,0.017278384
4.12,54,54,0.18378317,0.1929877,-0.12,0.085084801,-0.025992505,0.042586355,-0.0052940148,0.01864617
4.13,54,54,0.18378317,0.19276846,-0.31,0,-0.027727842,0.041628645,-0.0043841367,0.018622254
4.14,59,59,0.20080013,0.19262531,0.407,-0.13613568,-0.031862215,0.039346937,-0.0048733774,0.01723678
4.15,59,59,0.20080013,0.19257318,0.092,-0.27227136,-0.03699242,0.036515644,-0.0063472176,0.015084213
4.16,59,59,0.20080013,0.19259383,0.183,-0.068067841,-0.041225835,0.034179276,-0.0078248497,0.013177213
4.17,50,50,0.1701696,0.19264851,0.132,-0.01701696,-0.043178683,0.033101524,-0.0084099997,0.012345762
4.18,50,50,0.1701696,0.19268014,0.017,-0.1701696,-0.042841859,0.033287413,-0.0079082926,0.01268956
4.19,59,63,0.20760691,0.19271487,-0.309,0.13613568,-0.040455838,0.034604227,-0.0064299001,0.014087164
4.2,54,59,0.19229165,0.19275884,-0.463,0.52752577,-0.035918695,0.037108218,-0.0045332353,0.016287491
4.21,54,59,0.19229165,0.19278122,-0.093,0.23823744,-0.029447989,0.040679318,-0.0027095669,0.018984876
4.22,59,54,0.19229165,0.19274827,0.388,0.15315264,-0.022447537,0.044542777,-0.00071413348,0.021914322
4.23,59,59,0.20080013,0.19265704,-0.208,0.068067841,-0.016638732,0.047748582,0.0018487057,0.024798644
4.24,59,59,0.20080013,0.19258654,-0.102,0,-0.013342848,0.049567538,0.0051473874,0.027357463
4.25,63,63,0.2144137,0.19259052,0.104,-0.085084801,-0.013061588,0.049722762,0.0086559384,0.02918935
4.26,50,54,0.17697639,0.19266826,-0.057,-0.40840704,-0.015814776,0.048203313,0.011744755,0.029974034
4.27,63,59,0.20760691,0.19276046,-0.133,-0.47647489,-0.021433443,0.045102443,0.014308785,0.029705614
4.28,50,54,0.17697639,0.19281585,-0.054,-0.23823744,-0.028582479,0.041156982,0.01663344,0.028895211
4.29,54,54,0.18378317,0.19284028,-0.299,-9.5923269e-14,-0.03528578,0.037457516,0.01907764,0.028267578
4.3,54,54,0.18378317,0.19288264,0.109,0.1701696,-0.040236229,0.034725427,0.021558573,0.028142
4.31,54,54,0.18378317,0.19297501,-0.049,0.40840704,-0.042950874,0.033227249,0.023425316,0.028326283
4.32,59,59,0.20080013,0.19313352,0.275,0.1701696,-0.043817626,0.0327489,0.024379883,0.028564391
4.33,59,59,0.20080013,0.19341179,0.553,0.085084801,-0.04359356,0.032872559,0.024810618,0.028841589
4.34,59,59,0.20080013,0.19387211,0.154,0,-0.043489541,0.032929966,0.025228554,0.02907926
4.35,54,54,0.18378317,0.19453099,-0.356,-0.01701696,-0.044801614,0.032205849,0.025697733,0.028951791
4.36,54,59,0.19229165,0.19530058,-0.401,0.13613568,-0.048294693,0.030278064,0.025469093,0.027873579
4.37,54,59,0.19229165,0.19606006,-0.211,0.15315264,-0.053701473,0.027294132,0.023985255,0.025639694
4.38,63,59,0.20760691,0.1967286,0.15,0.085084801,-0.06057231,0.023502205,0.021683575,0.02259289
4.39,59,63,0.20760691,0.19723911,-0.22,0,-0.068309537,0.019232129,0.018732221,0.018982175
4.4,59,54,0.19229165,0.19754311,-0.357,0,-0.07615248,0.014903709,0.014887776,0.014895743
4.41,54,59,0.19229165,0.19760903,-0.298,0,-0.083537516,0.010828003,0.010021573,0.010424788
4.42,59,54,0.19229165,0.19743502,-0.016,0.085084801,-0.090496284,0.0069875482,0.0046142116,0.0058008799
4.43,59,63,0.20760691,0.19706944,0.045,0.085084801,-0.096967413,0.0034162153,-0.00043621835,0.0014899985
4.44,59,63,0.20760691,0.1966068,0.025,-0.085084801,-0.10224415,0.00050405321,-0.0041682475,-0.0018320971
4.45,59,59,0.20080013,0.19611723,-0.071,-0.23823744,-0.10519983,-0.0011271478,-0.0062777738,-0.0037024608
4.46,54,59,0.19229165,0.19570532,0.031,-0.30630528,-0.10530893,-0.0011873605,-0.0066497167,-0.0039185386
4.47,54,54,0.18378317,0.19540974,0.365,-0.23823744,-0.10229844,0.00047408827,-0.0058078294,-0.0026668706
4.48,59,54,0.19229165,0.19522,-0.192,-0.085084801,-0.096616009,0.0036101505,-0.0043302743,-0.00036006194
4.49,59,54,0.19229165,0.19513255,-0.533,0.085084801,-0.08941813,0.0075825673,-0.0030175908,0.0022824882
4.5,54,59,0.19229165,0.19513853,-0.08,0.085084801,-0.081923281,0.011718879,-0.0024859672,0.0046164557
4.51,54,59,0.19229165,0.19523192,-0.128,0.15315264,-0.07552468,0.015250184,-0.0025613388,0.0063444227
4.52,54,59,0.19229165,0.19539953,-0.231,0.23823744,-0.071769055,0.017322865,-0.002676343,0.007323261
4.53,54,59,0.19229165,0.19562923,-0.147,0.085084801,-0.071108906,0.017687193,-0.0026029259,0.0075421337
4.54,63,59,0.20760691,0.19587794,0.285,0,-0.073079981,0.016599382,-0.0026570911,0.0069711456
4.55,59,59,0.20080013,0.19610372,-0.041,0.085084801,-0.076429575,0.014750784,-0.0031673124,0.005791736
4.56,59,54,0.19229165,0.19627847,-0.226,0.01701696,-0.079727322,0.0129308,-0.0042734695,0.0043286654
4.57,59,54,0.19229165,0.19640019,-0.178,-0.068067841,-0.081828014,0.011771455,-0.0056790942,0.0030461804
4.58,59,59,0.20080013,0.19644596,-0.022,0.085084801,-0.0819968,0.011678304,-0.006882345,0.0023979797
4.59,59,59,0.20080013,0.19636905,0.092,0.085084801,-0.079866743,0.012853855,-0.0078416968,0.0025060792
4.6,59,59,0.20080013,0.19613612,-0.029,-0.085084801,-0.075177529,0.015441772,-0.0088031661,0.003319303
4.61,59,59,0.20080013,0.19576984,-0.114,-0.085084801,-0.067619809,0.019612781,-0.010147325,0.0047327277
4.62,59,54,0.19229165,0.19533479,0.14,-0.1701696,-0.057650309,0.02511482,-0.01171068,0.0067020698
4.63,59,54,0.19229165,0.19490676,-0.12,-0.3403392,-0.046887691,0.03105457,-0.013060849,0.0089968607
4.64,59,59,0.20080013,0.19454184,-0.093,-0.1701696,-0.037076957,0.036468989,-0.013887229,0.01129088
4.65,54,54,0.18378317,0.19425376,-0.212,0.085084801,-0.029044937,0.040901757,-0.014090437,0.01340566
4.66,54,54,0.18378317,0.1940117,-0.126,0,-0.023196858,0.044129237,-0.013529775,0.015299731
4.67,59,54,0.19229165,0.1938055,-0.402,0,-0.019524584,0.046155918,-0.011946768,0.017104575
4.68,59,59,0.20080013,0.19366022,0.147,0.1701696,-0.01727881,0.047395331,-0.0093752899,0.019010021
4.69,54,59,0.19229165,0.19359762,0.217,0.085084801,-0.014874111,0.048722454,-0.0060857396,0.021318357
4.7,54,59,0.19229165,0.19359252,-0.126,-0.085084801,-0.010853795,0.050941214,-0.0021599035,0.024390655
4.71,54,59,0.19229165,0.19359964,0.072,0.068067841,-0.0049233858,0.054214131,0.0025517248,0.028382928
4.72,59,54,0.19229165,0.19368061,0.389,0.23823744,0.0019587878,0.058012314,0.0073323786,0.032672347
4.73,59,54,0.19229165,0.19393963,-0.081,0.1701696,0.0086456386,0.061702701,0.011182119,0.03644241
4.74,59,63,0.20760691,0.19438213,-0.113,0,0.014041837,0.064680794,0.01337331,0.039027052
4.75,59,59,0.20080013,0.19491625,-0.031,-0.085084801,0.016955338,0.066288718,0.013445702,0.03986721
4.76,59,59,0.20080013,0.19541454,0.305,-0.15315264,0.016728105,0.066163311,0.01140169,0.0387825
4.77,54,54,0.18378317,0.19580545,0.077,-0.23823744,0.013355131,0.06430181,0.0074075644,0.035854687
4.78,54,59,0.19229165,0.19605749,-0.237,-0.1701696,0.0067015169,0.060629766,0.0017479206,0.031188843
4.79,54,59,0.19229165,0.19616634,-0.102,0.085084801,-0.0029461932,0.055305318,-0.0051451126,0.025080103
4.8,54,59,0.19229165,0.1961362,0.028,0.2552544,-0.014726045,0.04880417,-0.012710696,0.018046737
4.81,54,59,0.19229165,0.19595554,-0.151,0.085084801,-0.027454615,0.041779435,-0.020264909,0.010757263
4.82,59,59,0.20080013,0.19562141,-0.294,1.7763568e-15,-0.039695015,0.035024116,-0.026931826,0.004046145
4.83,59,59,0.20080013,0.19514403,0.257,0.085084801,-0.049999641,0.029337125,-0.031702227,-0.0011825508
4.84,59,54,0.19229165,0.19453694,0.312,0.30630528,-0.056957733,0.025497043,-0.034283086,-0.0043930214
4.85,59,54,0.19229165,0.19381815,-0.172,-0.01701696,-0.059886759,0.023880552,-0.03461315,-0.0053662989
4.86,59,59,0.20080013,0.19307673,0.124,-0.45945793,-0.058508124,0.024641403,-0.032973932,-0.0041662647
4.87,63,68,0.22292218,0.19240475,0.099,-0.22122048,-0.05343606,0.02744061,-0.029646816,-0.001103103
4.88,54,50,0.17697639,0.1918197,-0.145,-0.085084801,-0.045437473,0.031854927,-0.024809282,0.0035228227
4.89,50,50,0.1701696,0.1913033,-0.502,-0.30630528,-0.035745755,0.037203662,-0.018690574,0.0092565438
4.9,59,54,0.19229165,0.1908626,-0.219,-0.15315264,-0.026553274,0.042276874,-0.011875913,0.01520048
4.91,59,54,0.19229165,0.19051596,-0.384,0.20420352,-0.019104185,0.04638793,-0.0050554837,0.020666223
4.92,59,59,0.20080013,0.19028849,-0.012,0.051050881,-0.013807242,0.049311245,0.001339433,0.025325339
4.93,54,54,0.18378317,0.19023185,0.121,-0.1701696,-0.010354834,0.051216585,0.0073643094,0.029290447
4.94,54,54,0.18378317,0.19038733,-0.14,-0.1701696,-0.0083478571,0.05232421,0.013137065,0.032730637
4.95,54,54,0.18378317,0.19076429,0.192,1.7763568e-15,-0.0074999288,0.05279217,0.018684768,0.035738469
4.96,54,54,0.18378317,0.19132174,0.159,0.32332224,-0.0075464353,0.052766504,0.02378909,0.038277797
4.97,54,59,0.19229165,0.19203583,0.172,0.32332224,-0.0079571005,0.052539863,0.027994504,0.040267184
4.98,54,59,0.19229165,0.19285945,0.476,0.32332224,-0.0079450542,0.052546511,0.030928062,0.041737287
4.99,63,59,0.20760691,0.19370762,0.024,0.1701696,-0.0067593877,0.053200865,0.032464935,0.0428329
5,59,54,0.19229165,0.1944934,-0.065,-0.068067841,-0.0041403774,0.054646264,0.032670874,0.043658569
5.01,63,59,0.20760691,0.19516769,0.123,0,-0.00040290662,0.056708926,0.031681796,0.044195361
5.02,59,50,0.18548487,0.19571154,-0.063,0.15315264,0.0036593607,0.058950839,0.029355118,0.044152978
5.03,63,50,0.19229165,0.19607194,-0.057,2.1849189e-13,0.0069334557,0.06075777,0.025699593,0.043228682
5.04,63,59,0.20760691,0.19625623,-0.509,-0.085084801,0.0082692643,0.061494985,0.020671922,0.041083454
5.05,63,59,0.20760691,0.19633189,0.332,0.068067841,0.0073949833,0.061012481,0.014695393,0.037853937
5.06,59,54,0.19229165,0.19635721,-0.504,-0.15315264,0.0052131204,0.059808339,0.0087615419,0.03428494
5.07,59,54,0.19229165,0.19628681,0.279,-0.30630528,0.0029020448,0.058532886,0.0030732893,0.030803088
5.08,59,54,0.19229165,0.19606351,-0.346,-0.15315264,0.0015703332,0.057797931,-0.0024927356,0.027652598
5.09,59,54,0.19229165,0.19570461,-0.383,0.085084801,0.0025351974,0.058330427,-0.0075664814,0.025381973
5.1,54,59,0.19229165,0.19527452,0.639,0,0.0063443897,0.060432672,-0.011503214,0.024464729
5.11,54,59,0.19229165,0.19485337,0.048,-0.085084801,0.013007726,0.064110082,-0.013586539,0.025261771
5.12,59,59,0.20080013,0.19450491,0.209,0.085084801,0.022114298,0.069135881,-0.013777443,0.027679219
5.13,54,54,0.18378317,0.19426139,-0.409,0.1701696,0.033325185,0.075323026,-0.012436162,0.031443432
5.14,59,54,0.19229165,0.19410013,0.101,0.085084801,0.045669284,0.082135575,-0.0098544519,0.036140562
5.15,59,59,0.20080013,0.19397735,0.473,-1.7763568e-15,0.058361699,0.089140356,-0.0062068612,0.041466748
5.16,59,59,0.20080013,0.19390468,0.113,0.15315264,0.070296507,0.095727024,-0.0020089321,0.046859046
5.17,59,59,0.20080013,0.19389537,-0.037,-0.01701696,0.079408649,0.1007559,0.0023594665,0.051557682
5.18,54,54,0.18378317,0.194005,-0.029,-0.3403392,0.083942721,0.10325819,0.0063333997,0.054795797
5.19,59,63,0.20760691,0.19422906,0.178,-0.1701696,0.082863823,0.10266276,0.0094209525,0.056041858
5.2,54,54,0.18378317,0.19456443,0.053,0.1701696,0.076274047,0.099025951,0.011037414,0.055031682
5.21,54,54,0.18378317,0.19496284,-0.108,0.01701696,0.065342021,0.092992707,0.01021655,0.051604628
5.22,59,59,0.20080013,0.19536587,0.18,-0.068067841,0.051090474,0.085127461,0.0064983766,0.045812919
5.23,59,59,0.20080013,0.19573323,0.275,0.1701696,0.035389496,0.076462293,0.00042712039,0.038444707
5.24,54,59,0.19229165,0.19601482,0.312,0.085084801,0.020777791,0.068398281,-0.0069350343,0.030731623
5.25,54,59,0.19229165,0.19614115,-0.175,-0.085084801,0.0085916373,0.061672899,-0.014615306,0.023528796
5.26,59,54,0.19229165,0.19606562,-0.15,-0.085084801,-0.00096249792,0.056400094,-0.021724125,0.017337985
5.27,59,59,0.20080013,0.19579741,-0.054,0.085084801,-0.0082852003,0.052358789,-0.027743579,0.012307605
5.28,54,59,0.19229165,0.19534946,-0.069,0.30630528,-0.013731674,0.04935295,-0.032155997,0.0085984765
5.29,54,59,0.19229165,0.1947455,-0.385,0.051050881,-0.017824768,0.047094024,-0.034544896,0.006274564
5.3,59,59,0.20080013,0.19402255,0.435,-0.01701696,-0.020468348,0.045635066,-0.034602137,0.0055164647
5.31,63,63,0.2144137,0.19322346,0.06,0,-0.022274425,0.044638316,-0.032121423,0.0062584465
5.32,54,54,0.18378317,0.19240313,-0.042,-0.15315264,-0.023911835,0.04373465,-0.027788205,0.0079732222
5.33,63,59,0.20760691,0.1916285,-0.498,-0.30630528,-0.025365916,0.042932161,-0.022421874,0.010255144
5.34,50,54,0.17697639,0.19098332,0.03,-0.37437312,-0.026345994,0.042391269,-0.01661145,0.01288991
5.35,59,59,0.20080013,0.19053554,-0.338,-0.37437312,-0.026583541,0.04226017,-0.010821306,0.015719432
5.36,54,54,0.18378317,0.19028974,-0.303,-0.23823744,-0.026576392,0.042264115,-0.0051031591,0.018580478
5.37,50,54,0.17697639,0.19020818,0.348,-0.01701696,-0.026136342,0.042506973,0.00059383112,0.021550402
5.38,50,54,0.17697639,0.19029308,0.221,0,-0.02456653,0.043373332,0.006431426,0.024902379
5.39,54,54,0.18378317,0.19052183,0.291,0.30630528,-0.022055506,0.044759134,0.012097192,0.028428163
5.4,59,54,0.19229165,0.19087534,0.201,0.28928832,-0.019184832,0.046343422,0.01720535,0.031774386
5.41,59,54,0.19229165,0.19138359,-0.13,0.23823744,-0.016396204,0.04788243,0.021595913,0.034739172
5.42,54,63,0.19909843,0.19205407,0.49,0.2552544,-0.014416834,0.048974819,0.025258989,0.037116904
5.43,54,54,0.18378317,0.19283509,-0.2,0.1701696,-0.01404417,0.049180488,0.028191554,0.038686021
5.44,59,59,0.20080013,0.19365138,-0.785,0.23823744,-0.015276805,0.048500212,0.030359627,0.039429919
5.45,59,59,0.20080013,0.19443423,0.016,0.23823744,-0.017224464,0.047425324,0.031681944,0.039553634
5.46,59,59,0.20080013,0.19513267,0.073,1.2079227e-13,-0.018836293,0.046535777,0.031987467,0.039261622
5.47,63,63,0.2144137,0.19569718,-0.067,-0.1701696,-0.019278389,0.046291789,0.030731085,0.038511437
5.48,59,54,0.19229165,0.19608181,0.237,-0.2552544,-0.018047283,0.046971221,0.027473394,0.037222307
5.49,59,54,0.19229165,0.19626688,0.042,-0.30630528,-0.01487313,0.048722996,0.022419787,0.035571391
5.5,54,59,0.19229165,0.19626054,-0.42,-0.051050881,-0.0098966141,0.05146947,0.01637868,0.033924075
5.51,54,54,0.18378317,0.19607478,0.101,0.085084801,-0.0036284995,0.054928762,0.0099069688,0.032417866
5.52,59,59,0.20080013,0.19576647,-0.066,0,0.0038871611,0.059076559,0.0038323131,0.031454436
5.53,59,59,0.20080013,0.195377,0.364,0.085084801,0.01325991,0.064249258,-0.001092334,0.031578462
5.54,59,54,0.19229165,0.19499483,-0.139,-0.085084801,0.024621639,0.070519651,-0.0040543463,0.033232652
5.55,59,54,0.19229165,0.19471423,-0.273,-0.2552544,0.03755007,0.077654686,-0.0051170582,0.036268814
5.56,59,54,0.19229165,0.19456596,0.247,0,0.051349534,0.085270433,-0.0047936297,0.040238401
5.57,54,54,0.18378317,0.19452666,-0.037,0.1701696,0.065384935,0.09301639,-0.0035016064,0.044757392
5.58,54,59,0.19229165,0.19456949,-0.15,0.1701696,0.078479961,0.10024337,-0.0014675385,0.049387914
5.59,59,59,0.20080013,0.19469405,0.34,0.2552544,0.089551991,0.10635388,0.0010666267,0.053710252
5.6,59,59,0.20080013,0.1948856,0.225,0.1701696,0.098319491,0.11119255,0.0038814187,0.057536983
5.61,59,59,0.20080013,0.1951059,-0.092,-0.085084801,0.1045877,0.11465189,0.006745407,0.060698649
5.62,59,59,0.20080013,0.19527858,0.435,-0.1701696,0.10825387,0.1166752,0.0093423099,0.063008756
5.63,59,54,0.19229165,0.19536901,0.555,-0.085084801,0.10924551,0.11722248,0.011582418,0.064402449
5.64,59,54,0.19229165,0.19538043,-0.095,-0.085084801,0.10737767,0.11619164,0.01353048,0.06486106
5.65,59,54,0.19229165,0.19535133,-0.151,-0.085084801,0.10326431,0.11392153,0.015429647,0.06467559
5.66,59,59,0.20080013,0.19536771,0.194,0.085084801,0.097422786,0.11069767,0.017490639,0.064094154
5.67,54,59,0.19229165,0.19551628,0.223,0.1701696,0.089742459,0.10645899,0.018933755,0.062696375
5.68,59,54,0.19229165,0.19583278,-0.136,-0.085084801,0.080167874,0.1011749,0.018723175,0.05994904
5.69,59,59,0.20080013,0.1962754,-0.127,-0.1701696,0.068822321,0.094913439,0.016238514,0.055575977
5.7,59,59,0.20080013,0.19674209,0.026,0.068067841,0.056239731,0.08796927,0.011514274,0.049741772
5.71,54,54,0.18378317,0.19714926,0.314,0.068067841,0.043196675,0.080770975,0.0054630075,0.043116991
5.72,54,59,0.19229165,0.19743269,-0.165,-0.085084801,0.03032924,0.073669602,-0.00057943317,0.036545085
5.73,63,54,0.19909843,0.19757962,0.041,0.085084801,0.018235901,0.066995444,-0.0058301152,0.030582665
5.74,59,59,0.20080013,0.1976046,0.251,0.2552544,0.0082217259,0.06146875,-0.0099819988,0.025743375
5.75,54,59,0.19229165,0.19750531,0.16,0.1701696,0.0013630763,0.057683549,-0.012969062,0.022357244
5.76,59,59,0.20080013,0.19727,-0.116,0.085084801,-0.002088536,0.055778648,-0.015097743,0.020340453
5.77,59,59,0.20080013,0.19693922,-0.127,0.085084801,-0.00274584,0.055415891,-0.016959819,0.019228036
5.78,63,59,0.20760691,0.19657951,-0.08,0.085084801,-0.0010958952,0.056326474,-0.019069848,0.018628313
5.79,59,59,0.20080013,0.1962431,-0.12,1.7763568e-15,0.0025419083,0.058334131,-0.021789625,0.018272253
5.8,59,59,0.20080013,0.19593823,-0.208,-0.30630528,0.0074180417,0.061025207,-0.025121128,0.017952039
5.81,59,59,0.20080013,0.19560697,-0.012,-0.54454273,0.012979571,0.064094543,-0.028424855,0.017834844
5.82,59,59,0.20080013,0.19517975,0.063,-0.40840704,0.019322796,0.067595287,-0.03106407,0.018265609
5.83,50,54,0.17697639,0.19461298,0.083,-0.2552544,0.026429938,0.071517628,-0.032488371,0.019514629
5.84,50,54,0.17697639,0.19391323,0.451,-0.1701696,0.033570711,0.075458529,-0.032244384,0.021607072
5.85,54,54,0.18378317,0.19315167,0.105,0.22122048,0.040617596,0.079347614,-0.030065207,0.024641203
5.86,54,59,0.19229165,0.19240219,-0.316,0.45945793,0.047939548,0.083388505,-0.025868086,0.028760209
5.87,54,59,0.19229165,0.19174288,-0.211,0.23823744,0.055260833,0.087429028,-0.019585976,0.033921526
5.88,63,59,0.20760691,0.19125911,0.253,0.1701696,0.062168475,0.091241267,-0.011019302,0.040110983
5.89,54,59,0.19229165,0.19102175,0.304,0.1701696,0.068030806,0.094476612,-0.00034264135,0.047066986
5.9,59,54,0.19229165,0.19105608,-0.014,-0.15315264,0.072032527,0.096685111,0.011525451,0.054105281
5.91,59,59,0.20080013,0.19137887,0.275,-0.32332224,0.073627777,0.097565509,0.023440384,0.060502946
5.92,59,59,0.20080013,0.1920165,0.2,-0.1701696,0.072549738,0.096970553,0.033985211,0.065477882
5.93,54,54,0.18378317,0.19293078,0.017,-0.2552544,0.068723717,0.094859021,0.041802561,0.068330791
5.94,54,54,0.18378317,0.19399061,-0.284,-0.10210176,0.062708066,0.091539061,0.045989313,0.068764187
5.95,54,54,0.18378317,0.19507115,-0.166,0.23823744,0.055392852,0.087501888,0.046064079,0.066782983
5.96,54,54,0.18378317,0.19603166,0.362,0.3403392,0.048117734,0.083486844,0.04252765,0.063007247
5.97,59,63,0.20760691,0.19677888,0.354,0.3403392,0.041703339,0.079946822,0.036553772,0.058250297
5.98,59,59,0.20080013,0.19729581,-0.157,0.2552544,0.036353054,0.076994068,0.029290875,0.053142471
5.99,59,59,0.20080013,0.19762428,0.059,0.01701696,0.032268642,0.074739933,0.021870775,0.048305354
6,59,59,0.20080013,0.19784517,0.225,-0.068067841,0.029124933,0.073004961,0.015332699,0.04416883
6.01,54,59,0.19229165,0.19805741,-0.104,0.068067841,0.025921785,0.071237185,0.0099275733,0.040582379
6.02,59,59,0.20080013,0.19826686,-0.174,0.13613568,0.02166761,0.06888936,0.0051486515,0.037019006
6.03,59,59,0.20080013,0.19841038,-0.333,0.15315264,0.015824156,0.065664433,0.00043297185,0.033048702
6.04,59,63,0.20760691,0.19842387,0.287,0.085084801,0.0084251433,0.061581013,-0.0046227658,0.028479124
6.05,59,63,0.20760691,0.19825487,0.145,-0.1701696,-4.7239696e-05,0.056905214,-0.010032473,0.02343637
6.06,59,59,0.20080013,0.1978899,-0.302,-0.40840704,-0.0085733248,0.052199777,-0.015649624,0.018275076
6.07,59,59,0.20080013,0.19735489,-0.055,-0.30630528,-0.01595032,0.048128508,-0.021014202,0.013557153
6.08,54,54,0.18378317,0.19666476,-0.272,-0.30630528,-0.021722927,0.04494268,-0.025633402,0.009654639
6.09,54,54,0.18378317,0.19587151,0.305,-0.23823744,-0.025910555,0.042631582,-0.029012319,0.0068096316
6.1,59,59,0.20080013,0.19506934,0.461,0.1701696,-0.028708093,0.041087657,-0.030388745,0.0053494561
6.11,50,54,0.17697639,0.19434146,-0.111,0.2552544,-0.030471726,0.04011433,-0.02897465,0.0055698401
6.12,59,59,0.20080013,0.1937603,-0.077,-1.1901591e-13,-0.031631017,0.039474533,-0.025007307,0.0072336128
6.13,59,59,0.20080013,0.19335747,0.294,0.15315264,-0.032290009,0.039110844,-0.019133202,0.009988821
6.14,54,59,0.19229165,0.19315225,-0.056,0.068067841,-0.032868875,0.038791375,-0.012495914,0.01314773
6.15,59,54,0.19229165,0.19310598,-0.311,-0.2552544,-0.034307844,0.037997226,-0.005677566,0.01615983
6.16,59,59,0.20080013,0.19323885,-0.617,0,-0.037760095,0.036091974,0.00096341359,0.018527694
6.17,54,54,0.18378317,0.19354112,0.069,0.085084801,-0.043477309,0.032936717,0.0071977055,0.020067211
6.18,54,59,0.19229165,0.19396431,0.238,1.7763568e-15,-0.050881981,0.028850173,0.012877259,0.020863716
6.19,59,59,0.20080013,0.19443425,-0.53,0.085084801,-0.058832804,0.024462216,0.017888154,0.021175185
6.2,59,54,0.19229165,0.19487291,-0.117,0.085084801,-0.06620772,0.020392095,0.021894297,0.021143196
6.21,59,59,0.20080013,0.19523315,0.346,1.7763568e-15,-0.072651712,0.016835738,0.024653444,0.020744591
6.22,54,59,0.19229165,0.19550617,0.117,-1.7763568e-15,-0.077974575,0.013898119,0.026094056,0.019996087
6.23,54,59,0.19229165,0.19571643,-0.074,-0.085084801,-0.082247163,0.011540132,0.026570374,0.019055253
6.24,59,59,0.20080013,0.19593937,-0.048,0.13613568,-0.085351953,0.0098266386,0.026284249,0.018055444
6.25,59,54,0.19229165,0.1961987,0.091,0.15315264,-0.086272032,0.0093188584,0.025834534,0.017576696
6.26,59,54,0.19229165,0.19652486,-0.162,9.7699626e-14,-0.084172195,0.010477732,0.025407877,0.017942804
6.27,63,63,0.2144137,0.19691474,-0.164,-0.085084801,-0.078948246,0.013360762,0.024590922,0.018975842
6.28,50,59,0.18548487,0.19734346,0.065,0.068067841,-0.071582608,0.017425763,0.02292708,0.020176422
6.29,59,63,0.20760691,0.19777127,-0.427,-0.085084801,-0.063669538,0.021792884,0.020319695,0.021056289
6.3,54,50,0.17697639,0.19810961,-0.311,-0.15315264,-0.055998231,0.02602658,0.016856776,0.021441678
6.31,63,63,0.2144137,0.19833131,0.043,0.085084801,-0.049665658,0.029521446,0.01301786,0.021269653
6.32,54,54,0.18378317,0.19843095,0.152,0.23823744,-0.044841912,0.032183609,0.0095815458,0.020882578
6.33,59,59,0.20080013,0.19841212,-0.585,0.1701696,-0.040983771,0.034312868,0.0070592665,0.020686067
6.34,59,59,0.20080013,0.19832676,0.192,0.03403392,-0.037263138,0.036366237,0.0055036827,0.02093496
6.35,59,63,0.20760691,0.19822946,0.273,0.085084801,-0.032302048,0.039104199,0.0048387573,0.021971478
6.36,59,59,0.20080013,0.19813424,0.508,-0.01701696,-0.024574899,0.043368714,0.0046486981,0.024008706
6.37,59,59,0.20080013,0.19805014,-0.399,-0.23823744,-0.013532085,0.049463101,0.0046620836,0.027062592
6.38,59,54,0.19229165,0.19799421,-0.254,-0.15315264,0.00050373454,0.057209289,0.0048386163,0.031023953
6.39,63,59,0.20760691,0.19796779,0.019,0.068067841,0.016041712,0.0657845,0.0051324263,0.035458463
6.4,54,50,0.17697639,0.19797632,-0.237,-0.085084801,0.031826417,0.074495875,0.0055474154,0.040021645
6.41,68,59,0.21611539,0.19800588,0.181,-0.15315264,0.046180835,0.082417894,0.0059666693,0.044192282
6.42,59,54,0.19229165,0.19802971,0.189,0,0.056952096,0.088362415,0.0064419841,0.047402199
6.43,59,54,0.19229165,0.19801927,0.615,0.068067841,0.063085551,0.09174739,0.0073624763,0.049554933
6.44,59,54,0.19229165,0.19799162,0.346,-0.085084801,0.065183563,0.092905256,0.0085937523,0.050749504
6.45,59,54,0.19229165,0.19799646,-0.651,0.15315264,0.064064874,0.092287866,0.0099174524,0.051102659
6.46,63,59,0.20760691,0.19810454,-0.423,0.30630528,0.06033906,0.090231636,0.011414572,0.050823104
6.47,59,54,0.19229165,0.19834554,0.205,0.15315264,0.054812796,0.087181763,0.012680716,0.049931239
6.48,63,59,0.20760691,0.19873243,0.304,-0.068067841,0.048771324,0.083847552,0.013267897,0.048557724
6.49,63,59,0.20760691,0.19922627,0.475,0,0.043650285,0.081021316,0.012396917,0.046709117
6.5,59,54,0.19229165,0.19977887,-0.673,-0.01701696,0.040224739,0.079130801,0.009863957,0.044497379
6.51,59,59,0.20080013,0.20027364,0.545,-0.1701696,0.039023448,0.078467824,0.0055018114,0.041984818
6.52,63,54,0.19909843,0.20058913,0.219,0,0.040111017,0.07906804,-0.00013674617,0.039465647
6.53,63,54,0.19909843,0.20066519,0.279,0.068067841,0.042742828,0.080520502,-0.0062489516,0.037135775
6.54,63,54,0.19909843,0.20051424,-0.06,-0.01701696,0.046269628,0.082466898,-0.012109592,0.035178653
6.55,59,59,0.20080013,0.20020213,-0.144,0.01701696,0.049934962,0.084489748,-0.017550767,0.033469491
6.56,63,54,0.19909843,0.19978796,-0.22,0.18718656,0.052450653,0.085878126,-0.022569869,0.031654129
6.57,63,54,0.19909843,0.19928717,0.066,0.085084801,0.053832804,0.086640918,-0.026897775,0.029871571
6.58,59,59,0.20080013,0.19875364,-0.634,-0.15315264,0.054200109,0.086843629,-0.030479628,0.028182
6.59,68,59,0.21611539,0.19821798,0.227,-0.068067841,0.053746565,0.086593323,-0.033647793,0.026472765
6.6,59,54,0.19229165,0.19773333,-0.127,-0.085084801,0.051834324,0.085537982,-0.036139224,0.024699379
6.61,59,54,0.19229165,0.19729853,0.373,-0.32332224,0.047887964,0.083360037,-0.037895922,0.022732057
6.62,63,54,0.19909843,0.19686607,0.36,-0.30630528,0.042252319,0.080249796,-0.038881693,0.020684052
6.63,59,54,0.19229165,0.19638425,0.336,-0.068067841,0.035045493,0.076272442,-0.039021763,0.018625339
6.64,59,54,0.19229165,0.1958276,-0.17,-0.068067841,0.02673706,0.071687124,-0.03822168,0.016732722
6.65,59,50,0.18548487,0.19522351,0.017,0.085084801,0.018075904,0.066907144,-0.036359155,0.015273995
6.66,59,54,0.19229165,0.19459732,0.139,0.22122048,0.0099481644,0.062421549,-0.033397382,0.014512083
6.67,59,54,0.19229165,0.19401381,0.217,0.20420352,0.0024782773,0.058299014,-0.029138702,0.014580156
6.68,63,59,0.20760691,0.19355722,0.148,0.068067841,-0.0056878384,0.05379224,-0.023705745,0.015043247
6.69,63,54,0.19909843,0.19326901,-0.412,-0.13613568,-0.015961311,0.048122442,-0.01764741,0.015237516
6.7,63,54,0.19909843,0.1931583,0.183,-0.068067841,-0.028592373,0.041151521,-0.011385794,0.014882864
6.71,59,50,0.18548487,0.19321432,-0.072,-0.13613568,-0.042784592,0.033319018,-0.0053681262,0.013975446
6.72,59,50,0.18548487,0.19338767,-0.516,-0.27227136,-0.057615908,0.025133805,0.00014572993,0.012639767
6.73,63,59,0.20760691,0.1936081,0.127,-0.068067841,-0.072594588,0.016867264,0.0051557216,0.011011493
6.74,59,50,0.18548487,0.1938307,-0.093,0.13613568,-0.086079533,0.0094250961,0.0095518147,0.0094884554
6.75,59,50,0.18548487,0.19402859,-0.346,-0.01701696,-0.096235042,0.0038204015,0.013054878,0.0084376399
6.76,59,54,0.19229165,0.19418216,0.186,0.051050881,-0.10154708,0.00088875696,0.015623439,0.008256098
6.77,59,54,0.19229165,0.19430562,-0.678,0.27227136,-0.10169824,0.00080533143,0.017588938,0.0091971346
6.78,63,54,0.19909843,0.19445844,0.317,0.13613568,-0.096819134,0.0034980484,0.019463732,0.01148089
6.79,63,54,0.19909843,0.19467405,-0.127,0.068067841,-0.087574133,0.0086002457,0.021267935,0.01493409
6.8,63,54,0.19909843,0.19495532,0.069,0.068067841,-0.075473759,0.015278287,0.023096469,0.019187378
6.81,59,54,0.19229165,0.19532825,0.181,-0.068067841,-0.062304542,0.022546208,0.024915895,0.023731052
6.82,63,54,0.19909843,0.19579358,-0.597,-0.13613568,-0.049227548,0.029763233,0.026458162,0.028110698
6.83,63,54,0.19909843,0.1963182,-0.019,9.5923269e-14,-0.037044652,0.036486817,0.027270255,0.031878536
6.84,59,54,0.19229165,0.19680748,-0.132,0,-0.025632025,0.042785299,0.027136964,0.034961131
6.85,59,54,0.19229165,0.19717428,-0.046,-0.068067841,-0.014433126,0.048965828,0.026184544,0.037575186
6.86,63,54,0.19909843,0.197402,0.142,0.15315264,-0.0037008946,0.054888808,0.024573363,0.039731086
6.87,59,54,0.19229165,0.19756669,0.011,0.22122048,0.0055887656,0.060015653,0.022388261,0.041201957
6.88,63,54,0.19909843,0.19774213,0.168,0,0.013365964,0.064307789,0.019581864,0.041944826
6.89,63,59,0.20760691,0.19794486,0.312,-9.5923269e-14,0.019662171,0.067782584,0.016307797,0.042045191
6.9,63,54,0.19909843,0.19814492,0.256,0.068067841,0.024920893,0.070684805,0.012654088,0.041669447
6.91,59,54,0.19229165,0.19832759,-0.034,-0.085084801,0.02917893,0.073034761,0.008748987,0.040891874
6.92,63,54,0.19909843,0.19851742,-0.006,-0.15315264,0.032071442,0.074631101,0.0049203331,0.039775717
6.93,63,54,0.19909843,0.19869981,-0.01,0.085084801,0.034077003,0.075737945,0.0010308777,0.038384411
6.94,63,54,0.19909843,0.19883212,-0.13,0.085084801,0.035750462,0.076661505,-0.0031947325,0.036733386
6.95,59,54,0.19229165,0.19887591,-0.079,-0.068067841,0.037264395,0.077497025,-0.0078515827,0.034822721
6.96,63,59,0.20760691,0.19880323,-0.346,-0.068067841,0.039075305,0.078496443,-0.012868969,0.032813737
6.97,63,50,0.19229165,0.19860643,0.353,0.085084801,0.041398898,0.079778804,-0.01790917,0.030934817
6.98,63,54,0.19909843,0.19827907,-0.159,0.15315264,0.044353966,0.081409669,-0.022381626,0.029514021
6.99,59,54,0.19229165,0.19782392,-0.061,0.068067841,0.047900552,0.083366984,-0.025663359,0.028851812
7,63,59,0.20760691,0.19724794,0.494,-0.068067841,0.051398194,0.085297287,-0.027172036,0.029062625
7.01,63,59,0.20760691,0.19659839,-0.022,-0.20420352,0.055114572,0.087348309,-0.026420483,0.030463913
7.02,63,54,0.19909843,0.19595072,0.121,-0.15315264,0.058713776,0.089334663,-0.023388665,0.032972999
7.03,59,50,0.18548487,0.19536274,0.061,-0.1701696,0.062262327,0.091293063,-0.018535999,0.036378532
7.04,59,50,0.18548487,0.19488761,-0.013,-0.15315264,0.065649085,0.093162171,-0.012630196,0.040265988
7.05,63,54,0.19909843,0.19460839,-0.317,0,0.068206739,0.094573708,-0.0069149287,0.043829389
7.06,63,54,0.19909843,0.19457224,0.199,0.13613568,0.069478515,0.095275584,-0.002749311,0.046263137
7.07,63,50,0.19229165,0.19477594,0.587,9.7699626e-14,0.068624137,0.094804064,-0.00089172563,0.046956169
7.08,63,50,0.19229165,0.19515278,-0.499,-0.13613568,0.064743511,0.092662396,-0.0011106682,0.045775864
7.09,63,50,0.19229165,0.19557622,0.456,-0.068067841,0.057448338,0.088636284,-0.0026433747,0.042996455
7.1,63,50,0.19229165,0.19590932,-0.123,0,0.046714206,0.082712255,-0.0044774779,0.039117388
7.11,63,50,0.19229165,0.19608501,0.25,0.085084801,0.033184455,0.075245359,-0.0056259065,0.034809726
7.12,63,50,0.19229165,0.19612695,0.359,0.1701696,0.018354637,0.067060973,-0.0057280982,0.030666437
7.13,63,50,0.19229165,0.19609365,-0.026,0.23823744,0.0039060726,0.059086996,-0.0049718424,0.027057577
7.14,68,50,0.20080013,0.19602473,-0.139,0.30630528,-0.0087443158,0.052105409,-0.0036928785,0.024206265
7.15,68,50,0.20080013,0.19593508,-0.048,0.23823744,-0.018758579,0.046578666,-0.0018219166,0.022378375
7.16,68,54,0.20760691,0.19583383,-0.081,0.085084801,-0.02599936,0.042582572,0.00019612819,0.02138935
7.17,68,54,0.20760691,0.19571354,-0.01,0,-0.030611343,0.040037278,0.0019484146,0.020992846
7.18,68,50,0.20080013,0.19556992,-0.296,-0.30630528,-0.033005995,0.0387157,0.0031285214,0.020922111
7.19,68,50,0.20080013,0.19546234,-0.2,-0.61261057,-0.033604765,0.038385247,0.0035330783,0.020959162
7.2,68,50,0.20080013,0.19544392,0.158,-0.54454273,-0.032442127,0.039026892,0.0030870077,0.02105695
7.21,59,45,0.17697639,0.19548042,-0.543,-0.32332224,-0.029801854,0.040484024,0.0019644649,0.021224245
7.22,59,45,0.17697639,0.1954898,0.484,-0.085084801,-0.026096561,0.042528928,0.00028554519,0.021407237
7.23,59,45,0.17697639,0.19544217,-0.238,0.30630528,-0.021066706,0.04530484,-0.001957031,0.021673905
7.24,68,45,0.19229165,0.195356,0.066,0.61261057,-0.014644965,0.048848916,-0.0043106461,0.022269135
7.25,68,50,0.20080013,0.19523069,-0.113,0.45945793,-0.0064363807,0.053379129,-0.0056731871,0.023852971
7.26,68,54,0.20760691,0.1950896,-0.227,0.15315264,0.004571805,0.059454405,-0.0052544278,0.027099989
7.27,68,54,0.20760691,0.19497175,0.211,-0.085084801,0.018986833,0.067409874,-0.0025967542,0.03240656
7.28,63,50,0.19229165,0.19492636,0.308,-0.01701696,0.036550042,0.077102783,0.0023085394,0.039705661
7.29,68,45,0.19229165,0.19500458,0.048,-0.085084801,0.056509643,0.08811823,0.0088599191,0.048489075
7.3,68,45,0.19229165,0.19523218,0.259,-0.068067841,0.077766064,0.099849376,0.01599338,0.057921378
7.31,72,54,0.2144137,0.19558236,0.257,0.1701696,0.097887176,0.11095396,0.02251774,0.06673585
7.32,63,50,0.19229165,0.1959754,0.011,1.2079227e-13,0.11464208,0.12020078,0.027535635,0.073868207
7.33,68,50,0.20080013,0.19633147,0.047,-0.39139008,0.12601438,0.126477,0.030542391,0.078509697
7.34,68,50,0.20080013,0.19659339,-0.177,-0.22122048,0.13142416,0.12946259,0.031470902,0.080466746
7.35,63,45,0.18378317,0.19675496,0.013,0.085084801,0.13112084,0.12929519,0.030723318,0.080009253
7.36,63,45,0.18378317,0.1968504,0.347,-0.1701696,0.12549889,0.12619251,0.029044495,0.077618503
7.37,68,50,0.20080013,0.19692306,-0.002,-0.1701696,0.11496647,0.1203798,0.027591195,0.073985498
7.38,68,50,0.20080013,0.19709042,0.168,0.32332224,0.10056422,0.11243139,0.027087024,0.069759206
7.39,63,45,0.18378317,0.19747134,-0.037,0.32332224,0.08392366,0.10324767,0.027506225,0.065376949
7.4,63,45,0.18378317,0.19805733,0.136,0.068067841,0.06612917,0.093427124,0.028265506,0.060846315
7.41,77,50,0.21611539,0.198761,-0.022,0.30630528,0.04824031,0.083554492,0.028614615,0.056084553
7.42,68,50,0.20080013,0.19947399,0.457,0.40840704,0.031100985,0.074095519,0.027890615,0.050993067
7.43,72,50,0.20760691,0.200113,0.259,2.4158453e-13,0.015370126,0.065413859,0.025903384,0.045658622
7.44,72,50,0.20760691,0.20064342,0.348,-0.18718656,0.0011466038,0.057564081,0.0228475,0.04020579
7.45,68,50,0.20080013,0.20107165,0.309,-0.01701696,-0.011012307,0.050853734,0.019048807,0.03495127
7.46,72,45,0.19909843,0.20140844,-0.512,-0.068067841,-0.021057116,0.045310133,0.014584569,0.029947351
7.47,72,45,0.19909843,0.20160838,-0.425,-0.068067841,-0.029624377,0.040581972,0.0093255468,0.024953759
7.48,72,50,0.20760691,0.20160969,-0.466,0,-0.037617513,0.036170662,0.0032831676,0.019726915
7.49,68,50,0.20080013,0.20139019,-0.059,-0.068067841,-0.045614051,0.031757476,-0.0032002689,0.014278604
7.5,68,50,0.20080013,0.20100311,-0.45,-9.5923269e-14,-0.053371613,0.027476177,-0.0094647052,0.0090057359
7.51,72,45,0.19909843,0.20049236,-0.008,-0.01701696,-0.060307745,0.023648215,-0.014929716,0.0043592494
7.52,68,45,0.19229165,0.19992076,0.039,-0.2552544,-0.065838243,0.020596004,-0.018909305,0.00084334969
7.53,72,54,0.2144137,0.19935784,0.309,-0.15315264,-0.06937682,0.018643109,-0.020925725,-0.0011413078
7.54,68,45,0.19229165,0.19885304,-0.257,0.10210176,-0.070737998,0.017891892,-0.02121278,-0.0016604437
7.55,63,45,0.18378317,0.19848421,0.028,-0.068067841,-0.070331064,0.018116474,-0.020665611,-0.0012745685
7.56,68,50,0.20080013,0.19832685,-0.061,-0.068067841,-0.068736161,0.01899668,-0.019986643,-0.00049498154
7.57,68,50,0.20080013,0.19836584,0.248,0.23823744,-0.066421175,0.020274291,-0.019561738,0.00035627681
7.58,72,45,0.19909843,0.19850514,0.084,0.13613568,-0.063379773,0.021952802,-0.020111951,0.00092042592
7.59,68,50,0.20080013,0.19860836,-0.5,-0.10210176,-0.059432679,0.024131153,-0.021769625,0.0011807638
7.6,72,45,0.19909843,0.19861914,0.421,-0.068067841,-0.055226618,0.026452424,-0.023969569,0.0012414271
7.61,72,45,0.19909843,0.19855085,-0.354,0.01701696,-0.051801979,0.028342438,-0.026758861,0.00079178831
7.62,68,45,0.19229165,0.1984207,-0.006,0.01701696,-0.050505087,0.029058176,-0.030147432,-0.00054462805
7.63,68,50,0.20080013,0.19819104,-0.017,-0.051050881,-0.052068515,0.02819534,-0.03350827,-0.0026564647
7.64,68,50,0.20080013,0.1978607,0.013,0.01701696,-0.057111337,0.025412272,-0.036771618,-0.0056796729
7.65,68,50,0.20080013,0.19744096,-0.072,0.085084801,-0.065382087,0.020847751,-0.040208366,-0.0096803075
7.66,68,45,0.19229165,0.19690495,-0.328,0,-0.075584857,0.015216973,-0.043539006,-0.014161016
7.67,68,50,0.20080013,0.19623816,0.102,0,-0.085703118,0.0096328347,-0.046054282,-0.018210724
7.68,68,50,0.20080013,0.19544592,0.01,-0.15315264,-0.093848059,0.0051377465,-0.047132484,-0.020997369
7.69,68,50,0.20080013,0.19456824,-0.172,-0.39139008,-0.09894868,0.0023227796,-0.046459185,-0.022068203
7.7,68,50,0.20080013,0.19369097,-0.243,-0.23823744,-0.10056508,0.0014307085,-0.044329311,-0.021449301
7.71,59,45,0.17697639,0.19288554,-0.198,-0.1701696,-0.099228884,0.0021681384,-0.041056248,-0.019444055
7.72,59,45,0.17697639,0.19218895,-0.247,-0.1701696,-0.095503549,0.004224103,-0.036190261,-0.015983079
7.73,68,50,0.20080013,0.19161534,-0.158,0.23823744,-0.090034676,0.0072423036,-0.02991658,-0.011337138
7.74,63,45,0.18378317,0.19114893,0.042,0.23823744,-0.082886533,0.011187272,-0.02266228,-0.005737504
7.75,68,50,0.20080013,0.19079486,0.126,-0.23823744,-0.073783982,0.016210853,-0.014494186,0.00085833326
7.76,68,50,0.20080013,0.19057406,0.154,0.068067841,-0.062242269,0.022580576,-0.0053942668,0.0085931547
7.77,59,45,0.17697639,0.19052793,-0.05,0.13613568,-0.048723457,0.030041435,0.0042892964,0.017165365
7.78,59,45,0.17697639,0.19068139,-0.16,-0.40840704,-0.033803785,0.03827541,0.014189451,0.026232431
7.79,72,54,0.2144137,0.19104597,-0.326,3.375078e-13,-0.018642547,0.046642702,0.023847841,0.035245272
7.8,63,45,0.18378317,0.19162428,0.045,0.47647489,-0.0041592428,0.054635852,0.032518925,0.043577389
7.81,59,45,0.17697639,0.19236958,-0.05,0.10210176,0.0087849197,0.061779569,0.039464402,0.050621985
7.82,68,50,0.20080013,0.1932199,0.199,0.03403392,0.01958502,0.067740006,0.04438951,0.056064758
7.83,68,50,0.20080013,0.19415207,-0.376,0.23823744,0.027871084,0.072312978,0.046765357,0.059539167
7.84,68,50,0.20080013,0.19509321,0.236,-0.10210176,0.033065072,0.075179473,0.046456035,0.060817754
7.85,68,50,0.20080013,0.19594613,0.342,-0.03403392,0.035125534,0.076316615,0.043654579,0.059985597
7.86,63,45,0.18378317,0.19666125,0.055,0.051050881,0.034437679,0.075936997,0.038876807,0.057406902
7.87,63,45,0.18378317,0.19723087,0.031,-0.085084801,0.03143163,0.074277997,0.032890144,0.053584071
7.88,72,54,0.2144137,0.19766807,0.154,0.1701696,0.026525618,0.071570433,0.026645558,0.049107995
7.89,68,45,0.19229165,0.19798788,-0.111,0.40840704,0.020183187,0.068070126,0.020790068,0.044430097
7.9,68,50,0.20080013,0.19815224,-0.285,0.01701696,0.012807668,0.063999672,0.015327777,0.039663724
7.91,68,50,0.20080013,0.1981286,0.445,-0.13613568,0.0046961924,0.059523053,0.010242188,0.03488262
7.92,72,50,0.20760691,0.19794342,0.104,0.085084801,-0.0038883254,0.054785368,0.0058888412,0.030337104
7.93,68,45,0.19229165,0.1976377,0.104,-0.085084801,-0.012516475,0.050023603,0.0025044125,0.026264008
7.94,68,50,0.20080013,0.19730236,-0.129,-0.23823744,-0.020897617,0.045398158,0.00035023851,0.022874198
7.95,68,50,0.20080013,0.19704862,0.032,0,-0.028986243,0.040934149,-0.00093464378,0.019999753
7.96,68,45,0.19229165,0.1968886,-0.52,-0.10210176,-0.036932176,0.036548891,-0.002171612,0.01718864
7.97,68,45,0.19229165,0.19675441,0.031,-0.27227136,-0.044686576,0.032269337,-0.0032669496,0.014501194
7.98,72,50,0.20760691,0.19664331,-0.516,0.051050881,-0.05170494,0.028395993,-0.0035266895,0.012434652
7.99,63,40,0.17527469,0.19650937,0.287,0.068067841,-0.057154051,0.025388698,-0.0027709566,0.011308871
8,72,45,0.19909843,0.19628708,-0.044,-0.15315264,-0.060469055,0.02355919,-0.00088740977,0.01133589
8.01,72,45,0.19909843,0.19599076,0.121,0.10210176,-0.061806063,0.022821313,0.0027890008,0.012805157
8.02,68,45,0.19229165,0.19574562,-0.499,0.2552544,-0.061725525,0.02286576,0.008267514,0.015566637
8.03,68,45,0.19229165,0.19568643,0.226,0.01701696,-0.060679924,0.023442814,0.015039184,0.019240999
8.04,68,50,0.20080013,0.19587332,0.004,0.10210176,-0.059047534,0.024343709,0.022454078,0.023398894
8.05,72,45,0.19909843,0.19628534,-0.029,0.1701696,-0.057257561,0.025331572,0.029400603,0.027366088
8.06,68,50,0.20080013,0.19687279,-0.11,0.085084801,-0.05567383,0.026205613,0.034895261,0.030550437
8.07,68,50,0.20080013,0.19761957,-0.023,0,-0.054149118,0.027047082,0.038433452,0.032740267
8.08,68,50,0.20080013,0.19845039,-0.034,-0.1701696,-0.051948305,0.028261683,0.039581774,0.033921729
8.09,68,50,0.20080013,0.19925048,-0.286,-0.3403392,-0.048920697,0.029932581,0.038618063,0.034275322
8.1,72,45,0.19909843,0.1999672,0.232,-0.01701696,-0.045178336,0.031997941,0.035793304,0.033895622
8.11,63,45,0.18378317,0.20057684,0.174,0.13613568,-0.041220055,0.034182466,0.03142087,0.032801668
8.12,63,45,0.18378317,0.20103562,0.122,0.068067841,-0.037654363,0.036150325,0.025920242,0.031035284
8.13,77,50,0.21611539,0.20137167,-0.291,0.32332224,-0.035246364,0.037479269,0.019505917,0.028492593
8.14,72,45,0.19909843,0.20164705,-0.165,0.62962753,-0.033849961,0.038249926,0.012131212,0.025190569
8.15,72,50,0.20760691,0.20190727,-0.247,0.15315264,-0.033660885,0.038354275,0.00340509,0.020879682
8.16,72,50,0.20760691,0.2021595,-0.011,-0.30630528,-0.034927696,0.037655138,-0.0067959009,0.015429618
8.17,77,54,0.22292218,0.20234828,0.069,-0.068067841,-0.037890878,0.036019796,-0.01785929,0.0090802529
8.18,68,45,0.19229165,0.20235326,-0.031,-0.085084801,-0.042470714,0.033492243,-0.029288602,0.0021018207
8.19,68,45,0.19229165,0.20207139,-0.174,-0.32332224,-0.049096048,0.029835807,-0.039926922,-0.0050455576
8.2,77,45,0.20760691,0.20145839,-0.213,-0.23823744,-0.057647489,0.025116376,-0.048624047,-0.011753836
8.21,72,45,0.19909843,0.20052514,0.018,0,-0.067863518,0.019478281,-0.054887801,-0.01770476
8.22,72,45,0.19909843,0.19932423,-0.012,0.085084801,-0.07892257,0.013374932,-0.058604022,-0.022614545
8.23,68,45,0.19229165,0.19794897,0.08,0,-0.09048011,0.0069964745,-0.059713295,-0.02635841
8.24,68,45,0.19229165,0.19650945,-0.004,-0.1701696,-0.1026649,0.00027184599,-0.058241616,-0.028984885
8.25,77,50,0.21611539,0.19513016,0.217,0.068067841,-0.11562128,-0.0068786146,-0.054287025,-0.03058282
8.26,72,40,0.19058995,0.19394704,-0.284,0.068067841,-0.12849773,-0.013984964,-0.048139916,-0.03106244
8.27,72,40,0.19058995,0.19306973,0.169,-0.40840704,-0.14006778,-0.020370321,-0.04016482,-0.03026757
8.28,72,50,0.20760691,0.19255533,-0.504,-0.47647489,-0.1489997,-0.025299737,-0.030701369,-0.028000553
8.29,68,40,0.18378317,0.19239829,-0.016,-0.30630528,-0.15451406,-0.02834304,-0.020403101,-0.024373071
8.3,68,40,0.18378317,0.19252094,-0.407,-0.23823744,-0.15656775,-0.029476444,-0.010507567,-0.019992006
8.31,63,40,0.17527469,0.19281891,0.059,3.5527137e-15,-0.15497637,-0.028598184,-0.0020205198,-0.015309352
8.32,63,40,0.17527469,0.19320749,-0.62,0.32332224,-0.15038714,-0.026065443,0.0051069072,-0.010479268
8.33,72,45,0.19909843,0.19359673,-0.057,0.56155969,-0.14347543,-0.022250959,0.011241753,-0.005504603
8.34,68,45,0.19229165,0.19399513,-0.621,0.56155969,-0.1352968,-0.017737282,0.016394158,-0.00067156205
8.35,77,45,0.20760691,0.19445113,0.069,0.23823744,-0.1268916,-0.01309856,0.020652842,0.0037771407
8.36,77,45,0.20760691,0.19500371,-0.139,0.068067841,-0.11909289,-0.0087945506,0.024362073,0.0077837612
8.37,72,45,0.19909843,0.19560937,0.099,-0.01701696,-0.11260379,-0.0052132984,0.027422064,0.011104383
8.38,72,45,0.19909843,0.19621589,-0.385,-0.1701696,-0.10748267,-0.0023870183,0.029539383,0.013576182
8.39,72,45,0.19909843,0.19680677,0.184,-0.15315264,-0.10294112,0.00011940286,0.030564033,0.015341718
8.4,72,45,0.19909843,0.19735403,-0.23,-0.13613568,-0.097485739,0.0031301578,0.030183731,0.016656944
8.41,77,40,0.19909843,0.19778962,-0.145,-0.068067841,-0.090459709,0.0070077333,0.028268385,0.017638059
8.42,68,45,0.19229165,0.1980546,-0.14,0,-0.081474402,0.011966609,0.024596482,0.018281545
8.43,68,45,0.19229165,0.19812276,0.192,-0.085084801,-0.070759873,0.01787982,0.019355058,0.018617439
8.44,72,45,0.19909843,0.19803064,0.455,-0.10210176,-0.058642283,0.024567362,0.013415954,0.018991658
8.45,72,45,0.19909843,0.19783772,0.256,0.051050881,-0.046095717,0.03149165,0.0072381361,0.019364893
8.46,72,40,0.19058995,0.19761642,0.086,0.23823744,-0.03446561,0.037910157,0.0014558662,0.019683012
8.47,72,40,0.19058995,0.19746504,-0.049,0.01701696,-0.025096681,0.043080749,-0.0030085269,0.020036111
8.48,72,45,0.19909843,0.19743281,-0.368,-0.13613568,-0.018973863,0.046459853,-0.0057913473,0.020334253
8.49,77,50,0.21611539,0.19754747,-0.432,0.11911872,-0.016846971,0.047633658,-0.0074312188,0.02010122
8.5,63,45,0.18378317,0.19777059,0.214,0.18718656,-0.018726263,0.0465965,-0.0090374346,0.018779533
8.51,68,45,0.19229165,0.19799405,-0.985,-0.085084801,-0.024359034,0.043487847,-0.011415523,0.016036162
8.52,68,50,0.20080013,0.19812038,-0.065,-0.01701696,-0.032535429,0.038975399,-0.014566156,0.012204622
8.53,72,50,0.20760691,0.19807937,-0.242,0.15315264,-0.041364773,0.034102598,-0.018257196,0.0079227009
8.54,72,45,0.19909843,0.19783323,0.364,0.068067841,-0.048799686,0.029999365,-0.021650225,0.0041745698
8.55,72,45,0.19909843,0.19738468,0.263,-0.085084801,-0.053062314,0.027646875,-0.02386484,0.0018910177
8.56,68,45,0.19229165,0.19678789,-0.017,-0.22122048,-0.053181191,0.027581269,-0.024680423,0.0014504229
8.57,72,50,0.20760691,0.19616562,0.485,-0.051050881,-0.048742936,0.030030685,-0.024750899,0.0026398927
8.58,68,45,0.19229165,0.19561816,0.144,-0.068067841,-0.040024774,0.034842126,-0.024794184,0.0050239713
8.59,63,50,0.19229165,0.19515235,0.243,-0.23823744,-0.027787121,0.04159593,-0.024754147,0.0084208911
8.6,68,50,0.20080013,0.19476076,-0.538,-0.15315264,-0.013659539,0.049392761,-0.024470569,0.012461096
8.61,63,45,0.18378317,0.1944209,0.364,0.085084801,0.00051694632,0.057216581,-0.023866819,0.016674881
8.62,63,50,0.19229165,0.19410003,-0.534,-0.085084801,0.013527749,0.064397075,-0.022638357,0.020879359
8.63,63,50,0.19229165,0.19378988,-0.038,-0.1701696,0.024555117,0.070482938,-0.020269498,0.02510672
8.64,68,50,0.20080013,0.19348741,-0.492,0,0.032116845,0.074656159,-0.016292242,0.029181958
8.65,63,45,0.18378317,0.19319024,-0.053,0.085084801,0.035357481,0.076444624,-0.010636507,0.032904059
8.66,63,45,0.18378317,0.19292715,0.007,0,0.03422833,0.07582146,-0.0035493024,0.036136079
8.67,63,50,0.19229165,0.19276948,0.095,0.15315264,0.029878864,0.073421046,0.0048006729,0.039110859
8.68,68,50,0.20080013,0.19279551,0.15,0.47647489,0.023865795,0.07010251,0.014252957,0.042177734
8.69,68,45,0.19229165,0.1930091,0.221,0.32332224,0.017579333,0.066633093,0.023881681,0.045257387
8.7,72,50,0.20760691,0.19337418,0.238,-0.1701696,0.013100054,0.064161036,0.032919208,0.048540122
8.71,72,50,0.20760691,0.19387469,0.356,-0.42542401,0.012070695,0.063592946,0.040942282,0.052267614
8.72,68,50,0.20080013,0.19453163,0.22,-0.1701696,0.015440121,0.065452489,0.047357934,0.056405211
8.73,63,40,0.17527469,0.1953504,-0.133,-0.15315264,0.022718821,0.06946951,0.051244185,0.060356847
8.74,63,40,0.17527469,0.19629564,0.256,-0.23823744,0.031679686,0.074414897,0.051824066,0.063119481
8.75,72,50,0.20760691,0.19729408,-0.581,0.1701696,0.040060001,0.079039885,0.048873519,0.063956702
8.76,68,45,0.19229165,0.19825442,0.284,0.51050881,0.046425203,0.082552757,0.043178333,0.062865545
8.77,68,45,0.19229165,0.19907265,-0.623,0.2552544,0.050706669,0.084915644,0.035745395,0.060330519
8.78,68,50,0.20080013,0.19969552,0.359,0.15315264,0.052901865,0.086127144,0.02751612,0.056821632
8.79,68,50,0.20080013,0.20015301,-0.261,0.23823744,0.053308641,0.086351639,0.018992834,0.052672237
8.8,72,50,0.20760691,0.20047802,0.542,0.085084801,0.052315511,0.085803543,0.010113345,0.047958444
8.81,72,50,0.20760691,0.20070676,0.017,0.068067841,0.050474326,0.084787417,0.00081145118,0.042799434
8.82,68,50,0.20080013,0.20085689,0.226,9.5923269e-14,0.047682742,0.083246777,-0.0087791787,0.037233799
8.83,68,50,0.20080013,0.20089026,-0.85,-0.068067841,0.043760066,0.081081903,-0.018099233,0.031491335
8.84,72,50,0.20760691,0.20070873,0.503,0.068067841,0.039256944,0.078596688,-0.026739067,0.02592881
8.85,68,50,0.20080013,0.2002312,-0.273,-0.01701696,0.034883883,0.076183251,-0.034540367,0.020821442
8.86,72,50,0.20760691,0.19943624,0.381,-0.32332224,0.030790578,0.073924209,-0.041310126,0.016307042
8.87,72,50,0.20760691,0.19836968,0.114,-0.40840704,0.026703791,0.071668764,-0.046869483,0.01239964
8.88,68,45,0.19229165,0.19711627,0.085,-0.40840704,0.022135052,0.069147336,-0.05107399,0.0090366729
8.89,63,45,0.18378317,0.19582941,0.791,-0.30630528,0.015974583,0.065747452,-0.053571706,0.0060878726
8.9,63,45,0.18378317,0.19466343,-0.412,0.01701696,0.0072678109,0.060942296,-0.053895677,0.0035233097
8.91,63,45,0.18378317,0.19368094,-0.097,0.23823744,-0.0047687935,0.054299449,-0.051579614,0.0013599172
8.92,68,50,0.20080013,0.19287796,-0.441,0.15315264,-0.020033052,0.0458753,-0.046970911,-0.00054780542
8.93,68,50,0.20080013,0.19226497,0.286,0,-0.03791461,0.036006698,-0.040801571,-0.0023974361
8.94,72,45,0.19909843,0.19186529,-0.005,-0.1701696,-0.057491799,0.025202299,-0.033181026,-0.0039893635
8.95,63,45,0.18378317,0.19164416,0.28,-0.3403392,-0.077388356,0.014221645,-0.024229286,-0.0050038203
8.96,63,45,0.18378317,0.19155982,-0.114,-0.15315264,-0.09679389,0.0035119804,-0.01432366,-0.0054058399
8.97,63,45,0.18378317,0.19162096,-0.666,0.2552544,-0.11472675,-0.0063849353,-0.0041962488,-0.0052905921
8.98,63,45,0.18378317,0.19180803,-0.086,0.39139008,-0.13070731,-0.0152044,0.0057443481,-0.0047300258
8.99,68,50,0.20080013,0.19210233,-0.662,0.30630528,-0.14349592,-0.022262269,0.01534042,-0.0034609242
9,72,50,0.20760691,0.19249206,0.165,0.23823744,-0.15275933,-0.027374626,0.024287661,-0.0015434826
9.01,72,45,0.19909843,0.19294427,-0.488,-1.2079227e-13,-0.15846374,-0.030522817,0.032114714,0.0007959484
9.02,72,45,0.19909843,0.19344458,0.42,-0.32332224,-0.16083099,-0.03182927,0.038172663,0.0031716962
9.03,68,45,0.19229165,0.19398448,-0.113,-0.39139008,-0.15963105,-0.031167043,0.042131957,0.0054824574
9.04,68,45,0.19229165,0.19453599,0.146,-0.068067841,-0.15499312,-0.028607426,0.044211638,0.0078021061
9.05,68,40,0.18378317,0.19511196,-0.656,0.15315264,-0.14703971,-0.024218042,0.044938862,0.01036041
9.06,68,40,0.18378317,0.19572627,0.011,-0.01701696,-0.13707358,-0.018717861,0.044996621,0.01313938
9.07,72,50,0.20760691,0.19638324,-0.369,0.068067841,-0.12594352,-0.012575326,0.04438696,0.015905817
9.08,72,45,0.19909843,0.19705508,-0.423,0.39139008,-0.11415832,-0.0060712264,0.042639281,0.018284027
9.09,63,45,0.18378317,0.1976779,0.262,0.23823744,-0.10195584,0.00066316701,0.039413976,0.020038572
9.1,72,45,0.19909843,0.19818151,-0.204,-0.15315264,-0.089103197,0.0077563748,0.035010983,0.021383679
9.11,68,54,0.20760691,0.19858002,0.17,0.085084801,-0.075861545,0.015064273,0.030184247,0.02262426
9.12,68,54,0.20760691,0.19891605,-0.229,0.32332224,-0.062269827,0.022565367,0.025908599,0.024236983
9.13,63,45,0.18378317,0.19924298,-0.073,0.01701696,-0.048782037,0.030009105,0.022656707,0.026332906
9.14,72,50,0.20760691,0.19958293,0.415,-0.068067841,-0.035883011,0.037127912,0.020032091,0.028580001
9.15,72,50,0.20760691,0.19990718,-0.401,0.085084801,-0.023912638,0.043734207,0.017372907,0.030553557
9.16,68,50,0.20080013,0.2001389,0.457,-0.068067841,-0.012902629,0.049810489,0.014121356,0.031965923
9.17,72,50,0.20760691,0.20019556,-0.19,-0.15315264,-0.0028086581,0.055381222,0.010108219,0.03274472
9.18,68,45,0.19229165,0.20008206,0.187,-0.085084801,0.0067150435,0.060637231,0.0055177796,0.033077505
9.19,68,45,0.19229165,0.19985013,-0.636,-0.085084801,0.01524143,0.065342834,0.00084676531,0.0330948
9.2,72,50,0.20760691,0.19954774,-0.214,0,0.021833946,0.068981159,-0.003282036,0.032849561
9.21,68,45,0.19229165,0.19926495,0.265,0,0.025466131,0.070985715,-0.0067588194,0.032113448
9.22,72,50,0.20760691,0.19907097,0.157,-0.15315264,0.024859549,0.07065095,-0.0098539183,0.030398516
9.23,68,45,0.19229165,0.19896486,0.14,0,0.020814525,0.068418554,-0.012720506,0.027849024
9.24,68,45,0.19229165,0.19887303,0.366,0,0.014420059,0.06488953,-0.015285598,0.024801966
9.25,68,45,0.19229165,0.198755,-0.412,-2.1849189e-13,0.0070565027,0.060825678,-0.017483707,0.021670985
9.26,72,50,0.20760691,0.19863247,0.089,0.23823744,-0.00055986061,0.056622305,-0.018995276,0.018813514
9.27,68,45,0.19229165,0.19849759,0.402,0.085084801,-0.0080229833,0.052503503,-0.01964824,0.016427631
9.28,72,50,0.20760691,0.19829817,-0.444,-0.085084801,-0.01583992,0.048189436,-0.019487778,0.014350829
9.29,68,50,0.20080013,0.19803475,0.308,1.2079227e-13,-0.024548392,0.043383342,-0.018461271,0.012461036
9.3,68,45,0.19229165,0.19774842,-0.569,0.085084801,-0.034964094,0.03763505,-0.016477369,0.010578841
9.31,72,45,0.19909843,0.19747042,0.357,-0.085084801,-0.047461576,0.030737851,-0.013784341,0.0084767547
9.32,68,50,0.20080013,0.19718762,0.262,-0.085084801,-0.061027105,0.023251209,-0.010993409,0.0061289002
9.33,72,50,0.20760691,0.19691343,-0.363,0.085084801,-0.074690373,0.015710627,-0.0082184954,0.003746066
9.34,68,45,0.19229165,0.19667618,-0.177,-0.085084801,-0.087795887,0.0084778628,-0.0053681568,0.001554853
9.35,68,45,0.19229165,0.19650092,-0.399,-0.40840704,-0.10021757,0.0016224967,-0.0024723195,-0.00042491141
9.36,72,50,0.20760691,0.19641294,-0.073,-0.23823744,-0.11183435,-0.0047886577,0.00038301848,-0.0022028196
9.37,63,45,0.18378317,0.19637554,0.079,0.15315264,-0.12203288,-0.010417095,0.0031867851,-0.0036151549
9.38,63,45,0.18378317,0.19634983,-0.385,0,-0.13026952,-0.014962791,0.0061433321,-0.0044097294
9.39,68,45,0.19229165,0.19636088,0.068,-0.068067841,-0.13550438,-0.017851842,0.0095519589,-0.0041499416
9.4,72,50,0.20760691,0.19643626,-0.285,0.2552544,-0.13681345,-0.018574303,0.013559681,-0.002507311
9.41,68,45,0.19229165,0.19661214,-0.048,0.32332224,-0.13397986,-0.017010478,0.018396628,0.00069307485
9.42,68,45,0.19229165,0.19693037,0.743,0.068067841,-0.12873489,-0.014115849,0.023409779,0.0046469651
9.43,68,50,0.20080013,0.19737884,-0.927,-1.2079227e-13,-0.122857,-0.010871915,0.02791711,0.0085225971
9.44,72,50,0.20760691,0.19794704,-0.377,0.15315264,-0.11754926,-0.0079426435,0.031208184,0.01163277
9.45,72,45,0.19909843,0.19861947,-0.28,0.051050881,-0.11363908,-0.0057846661,0.032882029,0.013548681
9.46,68,50,0.20080013,0.1993164,0.016,-0.085084801,-0.11154067,-0.0046265754,0.032919222,0.014146323
9.47,72,45,0.19909843,0.19996913,-0.225,-0.051050881,-0.11127803,-0.0044816288,0.031714237,0.013616304
9.48,72,45,0.19909843,0.20052212,0.037,0,-0.11226063,-0.0050239163,0.029476218,0.012226151
9.49,68,50,0.20080013,0.20091682,0.034,-0.085084801,-0.11321004,-0.0055478808,0.026299149,0.010375634
9.5,68,50,0.20080013,0.20116491,0.223,0.01701696,-0.11354463,-0.0057325356,0.022087127,0.0081772959
9.51,72,45,0.19909843,0.20133685,0.154,0.15315264,-0.11325577,-0.0055731205,0.016562029,0.0054944543
9.52,68,45,0.19229165,0.20148066,-0.369,0.051050881,-0.11194456,-0.0048494784,0.009830016,0.0024902688
9.53,72,50,0.20760691,0.20158997,-0.302,-2.3092639e-14,-0.1092388,-0.0033562061,0.0021557876,-0.00060020929
9.54,72,50,0.20760691,0.20162035,-0.13,0.2552544,-0.10429732,-0.00062906732,-0.0055579586,-0.003093513
9.55,72,45,0.19909843,0.20152578,-0.085,0,-0.096696341,0.0035658164,-0.011822591,-0.0041283871
9.56,68,50,0.20080013,0.20132114,0.099,-0.23823744,-0.0871991,0.0088072216,-0.016613191,-0.0039029845
9.57,77,50,0.21611539,0.20104801,0.02,-0.068067841,-0.077039126,0.014414381,-0.020680519,-0.0031330693
9.58,63,45,0.18378317,0.20074479,-0.162,-0.15315264,-0.067988063,0.019409546,-0.024517847,-0.0025541503
9.59,72,50,0.20760691,0.2004155,-0.087,-0.1701696,-0.061480249,0.023001125,-0.027959692,-0.0024792835
9.6,68,45,0.19229165,0.20003945,-0.48,0.15315264,-0.058172593,0.024826578,-0.031134669,-0.0031540456
9.61,68,45,0.19229165,0.19955215,-0.652,0.15315264,-0.058273587,0.02477084,-0.033730543,-0.0044798515
9.62,72,50,0.20760691,0.19896074,0.256,0.068067841,-0.06011517,0.023754495,-0.035401743,-0.0058236241
9.63,72,50,0.20760691,0.19831963,-0.035,0.15315264,-0.061585531,0.022943021,-0.035845852,-0.0064514154
9.64,72,45,0.19909843,0.19768027,0.032,-0.32332224,-0.061610476,0.022929254,-0.035055566,-0.0060631556
9.65,77,45,0.20760691,0.19706045,0.202,-0.49349185,-0.059170266,0.024275975,-0.032844681,-0.004284353
9.66,68,45,0.19229165,0.19647834,0.186,-0.2552544,-0.054772252,0.026703182,-0.029090194,-0.001193506
9.67,63,40,0.17527469,0.19598323,0.468,-0.1701696,-0.049335648,0.029703574,-0.024109177,0.0027971988
9.68,72,40,0.19058995,0.19562971,-0.321,0.28928832,-0.044019414,0.032637536,-0.0184447,0.007096418
9.69,72,40,0.19058995,0.19545213,-0.467,0.45945793,-0.039796972,0.034967847,-0.012739719,0.011114064
9.7,72,45,0.19909843,0.19544421,0.515,0.01701696,-0.036842527,0.036598367,-0.0076871892,0.014455589
9.71,81,54,0.22972896,0.19555188,-0.02,-0.13613568,-0.034416268,0.037937389,-0.0037005415,0.017118424
9.72,68,40,0.18378317,0.19570359,-0.084,0.01701696,-0.032408326,0.039045546,-0.00029273766,0.019376404
9.73,68,40,0.18378317,0.19586304,-0.441,-0.37437312,-0.03100158,0.039821911,0.0029739846,0.021397948
9.74,68,40,0.18378317,0.1960191,-0.23,-0.13613568,-0.029996595,0.040376549,0.0062378137,0.023307182
9.75,77,45,0.20760691,0.19619065,-0.263,0.40840704,-0.029490961,0.040655602,0.0096660578,0.02516083
9.76,68,40,0.18378317,0.19642537,-0.081,0.23823744,-0.029686939,0.040547445,0.013341793,0.026944619
9.77,77,50,0.21611539,0.19675377,-0.195,0,-0.030932094,0.039860259,0.016276399,0.028068329
9.78,68,45,0.19229165,0.19716256,0.208,0.085084801,-0.03320182,0.038607627,0.017889715,0.028248671
9.79,72,45,0.19909843,0.19758129,0.393,0.15315264,-0.035703921,0.037226749,0.017650883,0.027438816
9.8,68,45,0.19229165,0.19791936,0.06,-0.085084801,-0.037773695,0.036084468,0.015505683,0.025795075
9.81,72,50,0.20760691,0.19813862,0.435,-0.068067841,-0.03857965,0.035639671,0.012111179,0.023875425
9.82,72,50,0.20760691,0.19824816,-0.588,-0.068067841,-0.037317615,0.036336173,0.0083623074,0.02234924
9.83,68,45,0.19229165,0.19828265,-0.845,-0.15315264,-0.03494311,0.037646631,0.0050159395,0.021331285
9.84,68,45,0.19229165,0.19830924,0.681,-0.30630528,-0.033150809,0.038635779,0.0024691785,0.020552479
9.85,68,45,0.19229165,0.19834547,-0.011,0.085084801,-0.033250695,0.038580653,0.00043519727,0.019507925
9.86,68,45,0.19229165,0.19833024,-0.08,0.30630528,-0.037169658,0.036417828,-0.0016674237,0.017375202
9.87,68,45,0.19229165,0.19821317,-0.062,0.13613568,-0.046313168,0.031371642,-0.004081147,0.013645248
9.88,77,50,0.21611539,0.19799107,0.255,0.13613568,-0.059773081,0.023943289,-0.0067897499,0.0085767698
9.89,72,45,0.19909843,0.19771788,0.245,0.22122048,-0.07572795,0.015138002,-0.0091266506,0.0030056757
9.9,72,45,0.19909843,0.19749944,-0.227,-0.2552544,-0.091979238,0.0061691249,-0.010114715,-0.001972795
9.91,72,45,0.19909843,0.19735051,-0.779,-0.39139008,-0.10737015,-0.0023249231,-0.0097817955,-0.0060533593
9.92,72,50,0.20760691,0.1972326,0.056,-0.051050881,-0.12089313,-0.0097880795,-0.0085799213,-0.0091840004
9.93,63,40,0.17527469,0.19714365,0.323,-0.068067841,-0.1311489,-0.01544811,-0.0073009718,-0.011374541
9.94,68,50,0.20080013,0.19709394,-0.454,-0.085084801,-0.13764104,-0.019031036,-0.0063837736,-0.012707405
9.95,68,45,0.19229165,0.19704977,-0.353,0.15315264,-0.14170315,-0.021272864,-0.0060499472,-0.013661406
9.96,72,45,0.19909843,0.19698872,-0.411,0.23823744,-0.14529834,-0.023257,-0.0057868296,-0.014521915
9.97,72,45,0.19909843,0.19685116,0.069,0,-0.1498953,-0.025794006,-0.0049711304,-0.015382568
9.98,72,45,0.19909843,0.19664551,0.092,-0.068067841,-0.15619659,-0.029271607,-0.0035331614,-0.016402384
9.99,68,50,0.20080013,0.19641145,-0.312,-0.068067841,-0.1645421,-0.033877386,-0.0015234456,-0.017700416
10,68,45,0.19229165,0.19622941,0.177,0,-0.17447915,-0.039361516,0.0012687566,-0.01904638
10.01,68,45,0.19229165,0.19618357,-0.28,-0.10210176,-0.1847846,-0.04504896,0.0048680771,-0.020090441
10.02,72,45,0.19909843,0.19631335,-0.988,-0.03403392,-0.1945196,-0.050421581,0.0086877882,-0.020866897
10.03,72,45,0.19909843,0.19659973,-0.135,0.13613568,-0.20295918,-0.055079279,0.012039451,-0.021519914
10.04,72,40,0.19058995,0.19699023,-0.204,0.068067841,-0.20968301,-0.058790076,0.014181764,-0.022304156
10.05,72,45,0.19909843,0.19739919,-0.144,0.085084801,-0.21542574,-0.061959414,0.014621595,-0.023668909
10.06,72,45,0.19909843,0.19772782,0.413,0.01701696,-0.22019977,-0.06459414,0.013668971,-0.025462584
10.07,72,45,0.19909843,0.1979489,0.769,-0.15315264,-0.22336336,-0.066340085,0.012242954,-0.027048565
10.08,77,45,0.20760691,0.19807637,-0.727,-0.085084801,-0.22589872,-0.067739315,0.010819224,-0.028460045
10.09,68,40,0.18378317,0.19812201,-0.114,0,-0.22909713,-0.069504476,0.0099184244,-0.029793026
10.1,72,40,0.19058995,0.19812375,-0.67,0.15315264,-0.2336818,-0.072034699,0.010004844,-0.031014927
10.11,72,45,0.19909843,0.19815768,-0.369,0.22122048,-0.23914838,-0.075051635,0.010927508,-0.032062064
10.12,72,45,0.19909843,0.19823117,-0.731,0.15315264,-0.24405146,-0.077757579,0.011926462,-0.032915558
10.13,81,50,0.22292218,0.1983138,-0.395,0.085084801,-0.24777267,-0.07981127,0.012991123,-0.033410073
10.14,72,40,0.19058995,0.19838441,-0.729,0,-0.25044025,-0.081283473,0.014134515,-0.033574479
10.15,72,45,0.19909843,0.19846542,0.302,-0.32332224,-0.25106528,-0.081628416,0.015096849,-0.033265784
10.16,72,45,0.19909843,0.19860191,0.037,-0.23823744,-0.24863494,-0.080287147,0.015467102,-0.032410023
10.17,72,45,0.19909843,0.19883026,-0.012,0.01701696,-0.24339634,-0.077396027,0.014812929,-0.031291549
10.18,72,40,0.19058995,0.19913028,-0.402,-0.13613568,-0.23657586,-0.073631893,0.013106892,-0.0302625
10.19,72,45,0.19909843,0.19943747,0,0.01701696,-0.22866332,-0.069265063,0.010480052,-0.029392505
10.2,68,45,0.19229165,0.19968948,-0.449,0.2552544,-0.21907918,-0.0639757,0.0072288388,-0.02837343
10.21,68,45,0.19229165,0.19985442,-0.527,0.10210176,-0.20741249,-0.057537005,0.0038314279,-0.026852788
10.22,72,50,0.20760691,0.19992047,0.164,0.085084801,-0.19352487,-0.049872604,0.00070263843,-0.024584983
10.23,72,50,0.20760691,0.19988597,-0.13,0.30630528,-0.17738186,-0.040963484,-0.0019723169,-0.0214679
10.24,68,45,0.19229165,0.19977448,-0.099,0,-0.15947004,-0.031078181,-0.003942599,-0.01751039
10.25,72,50,0.20760691,0.19963346,0.154,-0.30630528,-0.14136015,-0.021083568,-0.0050413112,-0.013062439
10.26,72,50,0.20760691,0.19953492,-0.962,0.085084801,-0.12459143,-0.011829125,-0.0054135342,-0.0086213298
10.27,68,45,0.19229165,0.1995205,-0.485,0.23823744,-0.11024951,-0.0039140047,-0.0053921236,-0.0046530642
10.28,68,45,0.19229165,0.19953869,0.515,-0.15315264,-0.099115883,0.0022305022,-0.0056669975,-0.0017182477
10.29,77,50,0.21611539,0.19955042,0.012,-0.16044562,-0.091127893,0.0066389713,-0.0071831046,-0.00027206662
10.301,72,50,0.20760691,0.1994834,0.25,-0.10399253,-0.084677851,0.010198666,-0.010425998,-0.0001136657
10.31,68,45,0.19229165,0.19932445,0.079,-0.26072769,-0.080948917,0.012256617,-0.013760143,-0.00075176286
10.32,68,45,0.19229165,0.19906046,-0.538,-0.2552544,-0.078042327,0.013860727,-0.017306377,-0.0017228252
10.33,63,45,0.18378317,0.19872419,-0.22,-0.01701696,-0.076640705,0.014634264,-0.020468087,-0.0029169115
10.34,72,45,0.19909843,0.19831607,0.205,0.13613568,-0.076665609,0.01462052,-0.022620581,-0.0040000308
10.35,72,45,0.19909843,0.19786027,-0.443,0.23823744,-0.078435717,0.01364362,-0.023021597,-0.0046889886
10.36,72,45,0.19909843,0.19740023,-0.053,0.1701696,-0.082062586,0.011641998,-0.021259716,-0.004808859
10.37,72,45,0.19909843,0.19697182,-0.248,0.01701696,-0.087748241,0.0085041576,-0.017308305,-0.0044020737
10.38,68,50,0.20080013,0.19665264,0.579,0.03403392,-0.094040844,0.0050313509,-0.01186139,-0.0034150195
10.39,72,45,0.19909843,0.19647112,-0.107,-0.051050881,-0.099516192,0.002009577,-0.0058147699,-0.0019025965
10.4,68,50,0.20080013,0.19644943,-0.328,-0.15315264,-0.10323371,-4.2071231e-05,-0.0002509845,-0.00014652786
10.41,68,50,0.20080013,0.19659788,0.211,0,-0.10505254,-0.0010458631,0.0042469351,0.001600536
10.42,68,45,0.19229165,0.19689894,-0.093,-0.1701696,-0.10491527,-0.00097010239,0.0071810553,0.0031054764
10.43,68,45,0.19229165,0.19724761,0.199,-0.2552544,-0.10395541,-0.00044037043,0.0085364924,0.004048061
10.44,72,50,0.20760691,0.19755215,-0.543,0.085084801,-0.10322874,-3.9332035e-05,0.0089703948,0.0044655314
10.45,63,40,0.17527469,0.19774954,-0.468,0.15315264,-0.10232541,0.00045920653,0.0092012546,0.0048302306
10.46,68,50,0.20080013,0.19780465,-0.132,-0.1701696,-0.10038045,0.001532605,0.0093999024,0.0054662537
10.47,68,50,0.20080013,0.19778193,-0.631,0.085084801,-0.096842611,0.003485092,0.0092433117,0.0063642019
10.48,72,45,0.19909843,0.19778092,-0.146,0.39139008,-0.092111182,0.0060963069,0.0090898492,0.007593078
10.49,63,45,0.18378317,0.19786714,0.52,0.068067841,-0.087009343,0.0089119462,0.0093712989,0.0091416226
10.5,72,50,0.20760691,0.19802577,-0.303,0.1701696,-0.08225017,0.011538472,0.010391582,0.010965027
10.51,72,50,0.20760691,0.19820492,0.099,0.1701696,-0.077771681,0.014010093,0.012348066,0.01317908
10.52,68,50,0.20080013,0.19840003,-0.174,0,-0.073202005,0.016532039,0.014586848,0.015559443
10.53,77,50,0.21611539,0.19863615,0.406,-0.23823744,-0.067935409,0.019438605,0.016354127,0.017896366
10.54,72,36,0.18378317,0.19890821,-0.253,-0.2552544,-0.061910269,0.022763803,0.01715288,0.019958341
10.55,77,45,0.20760691,0.19917318,0.239,-0.3403392,-0.055983915,0.026034481,0.016804914,0.021419698
10.56,68,40,0.18378317,0.19937005,-0.375,-0.085084801,-0.051148571,0.028703046,0.015592274,0.02214766
10.57,72,45,0.19909843,0.19945876,0.506,0.23823744,-0.0479878,0.030447435,0.014033097,0.022240266
10.58,68,40,0.18378317,0.19945695,-0.546,0.23823744,-0.047588263,0.030667934,0.012471599,0.021569766
10.59,72,50,0.20760691,0.19943356,0.02,0.32332224,-0.050058627,0.029304571,0.010975307,0.020139939
10.6,77,45,0.20760691,0.19945432,-0.351,0,-0.055234875,0.026447867,0.009533782,0.017990824
10.61,72,50,0.20760691,0.19952605,0.087,-0.1701696,-0.061920672,0.022758061,0.0083008597,0.01552946
10.62,77,45,0.20760691,0.19966331,-0.409,-0.1701696,-0.069332913,0.018667341,0.0073349578,0.013001149
10.63,63,40,0.17527469,0.1999042,0.358,-0.085084801,-0.077347127,0.014244399,0.0063427195,0.010293559
10.64,72,45,0.19909843,0.20020156,0.284,0.15315264,-0.085639329,0.0096680391,0.0047146043,0.0071913217
10.65,72,45,0.19909843,0.20048468,-0.3,0.30630528,-0.094185241,0.0049516601,0.0027204584,0.0038360593
10.66,72,50,0.20760691,0.20067314,-0.315,0.068067841,-0.10296012,0.00010891809,0.0010982502,0.00060358416
10.67,81,50,0.22292218,0.2006988,-0.332,-0.085084801,-0.1121032,-0.0049370333,0.0002656026,-0.0023357153
10.68,72,40,0.19058995,0.20052582,0.394,-0.085084801,-0.12169485,-0.01023054,5.4954962e-05,-0.0050877927
10.69,72,40,0.19058995,0.20018301,-0.759,-0.23823744,-0.13181053,-0.015813253,0.00065979113,-0.0075767311
10.7,72,45,0.19909843,0.19978718,-0.065,0.01701696,-0.1426294,-0.021784049,0.0019088048,-0.0099376223
10.71,72,45,0.19909843,0.19947622,0.101,0.2552544,-0.15325872,-0.027650237,0.0033193226,-0.012165457
10.72,77,45,0.20760691,0.19933778,-0.168,-1.2079227e-13,-0.1625591,-0.032782996,0.0048507056,-0.013966145
10.73,77,45,0.20760691,0.19935695,-0.283,-0.1701696,-0.16964492,-0.036693569,0.0064432591,-0.015125155
10.74,72,45,0.19909843,0.19950951,-0.032,-0.085084801,-0.17405661,-0.039128322,0.008202279,-0.015463022
10.75,72,40,0.19058995,0.19975671,-0.223,-0.085084801,-0.17528811,-0.039807969,0.0095804785,-0.015113745
10.76,72,40,0.19058995,0.20004244,0.254,-0.23823744,-0.17314958,-0.038627745,0.010114625,-0.01425656
10.77,77,45,0.20760691,0.20026836,-0.324,-0.13613568,-0.16800572,-0.035788912,0.0098578416,-0.012965535
10.78,72,45,0.19909843,0.20041941,0.365,0.18718656,-0.16017146,-0.031465288,0.0093580949,-0.011053596
10.79,68,40,0.18378317,0.20054598,-0.764,0.25193941,-0.15035617,-0.026048356,0.0091556569,-0.0084463495
10.801,68,45,0.19229165,0.20075489,0.006,0.27759991,-0.13688566,-0.018614152,0.0093910164,-0.0046115676
10.81,72,50,0.20760691,0.20101841,-0.613,0.36024208,-0.12406108,-0.01153643,0.0095441495,-0.00099614025
10.82,77,50,0.21611539,0.20134226,-0.563,0.39139008,-0.10790344,-0.0026192362,0.0088848122,0.003132788
10.83,77,50,0.21611539,0.20162972,-0.186,0.068067841,-0.090493559,0.0069890522,0.0071043531,0.0070467027
10.84,68,50,0.20080013,0.20185643,-0.099,-0.47647489,-0.072686558,0.016816507,0.0040514881,0.010433998
10.85,72,54,0.2144137,0.20200693,0.208,-0.47647489,-0.055332771,0.026393839,0.00029113713,0.013342488
10.86,68,45,0.19229165,0.20209779,0.268,-0.085084801,-0.038114783,0.035896225,-0.0034855196,0.016205353
10.87,63,45,0.18378317,0.20207809,-0.036,-9.5923269e-14,-0.020937747,0.045376011,-0.0071982186,0.019088896
10.88,68,50,0.20080013,0.20186511,0.05,-0.068067841,-0.0044711098,0.054463737,-0.010623659,0.021920039
10.89,72,50,0.20760691,0.20145128,0.244,0.085084801,0.010014563,0.062458193,-0.013536805,0.024460694
10.9,68,54,0.20760691,0.20089287,0.251,0.22122048,0.021698267,0.068906279,-0.015767325,0.026569477
10.91,68,45,0.19229165,0.20030537,-0.312,0.068067841,0.029779896,0.073366427,-0.017180218,0.028093104
10.92,68,45,0.19229165,0.19980758,0.473,-0.13613568,0.033064757,0.075179299,-0.017754792,0.028712253
10.93,72,54,0.2144137,0.19946066,-0.484,-0.068067841,0.03106742,0.074076995,-0.017615099,0.028230948
10.94,68,50,0.20080013,0.19925037,0.287,0,0.024389574,0.070391577,-0.016776069,0.026807754
10.95,68,50,0.20080013,0.19915809,-0.351,-0.15315264,0.013514944,0.064390009,-0.015224574,0.024582717
10.96,68,45,0.19229165,0.19918487,0.225,-0.085084801,-0.0010745312,0.056338265,-0.01282326,0.021757502
10.97,68,45,0.19229165,0.19928068,0.171,-0.10210176,-0.018552226,0.04669255,-0.0097142799,0.018489135
10.98,72,45,0.19909843,0.19935264,-0.091,-0.01701696,-0.03785076,0.036041937,-0.0065595245,0.014741206
10.99,77,45,0.20760691,0.19935034,0.628,0.22122048,-0.057121157,0.025406852,-0.004155142,0.010625855
11,68,40,0.18378317,0.19926399,-0.578,0.068067841,-0.074606178,0.015757094,-0.0026190156,0.006569039
11.01,77,45,0.20760691,0.19911448,0.132,0.085084801,-0.088313505,0.0081921959,-0.0013243741,0.0034339109
11.02,72,45,0.19909843,0.19894876,-0.785,0.23823744,-0.097599971,0.0030671148,0.00048951948,0.0017783171
11.03,72,45,0.19909843,0.19881972,0.001,0.068067841,-0.10202162,0.00062686218,0.0032320669,0.0019294645
11.04,77,50,0.21611539,0.1988006,-0.18,-0.1701696,-0.10196221,0.00065964955,0.0069657156,0.0038126826
11.05,72,45,0.19909843,0.19888914,0.053,-0.1701696,-0.098332065,0.0026630813,0.011192454,0.0069277679
11.06,72,45,0.19909843,0.19903239,-0.54,-0.32332224,-0.092139951,0.0060804295,0.015222961,0.010651695
11.07,72,40,0.19058995,0.19921983,-0.012,-0.15315264,-0.084190044,0.010467881,0.018668738,0.01456831
11.08,72,40,0.19058995,0.19946954,-0.391,0.085084801,-0.074743901,0.015681086,0.021394348,0.018537717
11.09,68,45,0.19229165,0.19978615,0.294,0.085084801,-0.064011966,0.021603903,0.023236771,0.022420337
11.1,77,45,0.20760691,0.20012739,-0.34,0.2552544,-0.052496148,0.027959335,0.023917984,0.02593866
11.11,72,45,0.19909843,0.2004481,0.409,0.32332224,-0.040652026,0.034495954,0.023597528,0.029046741
11.12,72,45,0.19909843,0.20076675,-0.079,-0.01701696,-0.028521492,0.04119064,0.022886651,0.032038645
11.13,77,45,0.20760691,0.20109562,0.388,-0.1701696,-0.016858834,0.047627111,0.022327878,0.034977495
11.14,77,45,0.20760691,0.20143683,-0.354,0.085084801,-0.007404748,0.052844699,0.022236342,0.03754052
11.15,72,40,0.19058995,0.2017787,0.081,0.085084801,-0.0014263158,0.056144119,0.022543718,0.039343919
11.16,72,45,0.19909843,0.20211034,-0.016,0,-0.0004539804,0.056680739,0.022996578,0.039838658
11.17,72,50,0.20760691,0.20243039,0.034,0.085084801,-0.0053701487,0.053967569,0.02352632,0.038746944
11.18,72,50,0.20760691,0.20277138,0.251,0.1701696,-0.016440969,0.047857725,0.023601692,0.035729708
11.19,77,45,0.20760691,0.20312044,-0.17,0.085084801,-0.032783866,0.03883829,0.02221821,0.03052825
11.2,72,45,0.19909843,0.20345659,0.19,-0.085084801,-0.053065076,0.027645351,0.018899099,0.023272225
11.21,77,45,0.20760691,0.2037271,-0.413,-0.1701696,-0.0755226,0.015251332,0.01367055,0.014460941
11.22,77,45,0.20760691,0.20389083,0.255,-0.085084801,-0.097750514,0.002984032,0.0070852813,0.0050346567
11.23,72,45,0.19909843,0.20395899,-0.156,-0.085084801,-0.11810732,-0.0082506295,0.00015832603,-0.0040461517
11.24,72,45,0.19909843,0.20394332,-0.187,-0.085084801,-0.13471953,-0.017418692,-0.0063661079,-0.0118924
11.25,72,45,0.19909843,0.20385623,-0.253,0,-0.14681191,-0.024092323,-0.012108217,-0.01810027
11.26,72,45,0.19909843,0.20371074,-0.073,0.085084801,-0.15384047,-0.027971297,-0.017273745,-0.022622521
11.27,77,45,0.20760691,0.20351928,-0.159,0.1701696,-0.15577935,-0.02904134,-0.022422814,-0.025732077
11.28,72,45,0.19909843,0.20326462,-0.321,0.1701696,-0.15325511,-0.027648241,-0.027700376,-0.027674309
11.29,72,50,0.20760691,0.20290716,-0.287,0.01701696,-0.1477207,-0.024593872,-0.032372911,-0.028483391
11.3,72,50,0.20760691,0.20243747,-0.312,0.085084801,-0.14081675,-0.020783673,-0.035946833,-0.028365253
11.31,72,50,0.20760691,0.20188541,-0.23,-1.7763568e-15,-0.13397202,-0.017006153,-0.038239969,-0.027623061
11.32,68,50,0.20080013,0.20131477,-0.606,-0.30630528,-0.12775722,-0.013576284,-0.039224967,-0.026400625
11.33,72,54,0.2144137,0.20074855,-0.231,-0.30630528,-0.12213423,-0.010473029,-0.03891035,-0.02469169
11.34,68,45,0.19229165,0.20016828,0.308,-0.1701696,-0.11653467,-0.0073827005,-0.037745751,-0.022564226
11.35,68,45,0.19229165,0.19955424,-0.103,-0.1701696,-0.1101777,-0.0038743748,-0.036005624,-0.01994
11.36,68,45,0.19229165,0.19889714,0.133,-0.085084801,-0.1025368,0.00034254185,-0.033407438,-0.016532448
11.37,72,45,0.19909843,0.19820605,0.219,0.13613568,-0.093610624,0.0052687841,-0.029440154,-0.012085685
11.38,72,45,0.19909843,0.197542,0.034,0.13613568,-0.083952456,0.010599003,-0.024033664,-0.0067173304
11.39,72,45,0.19909843,0.19697915,-0.086,9.7699626e-14,-0.074565123,0.015779751,-0.017487017,-0.00085363272
11.4,72,45,0.19909843,0.19659683,0.154,-0.22122048,-0.066593527,0.020179173,-0.010003364,0.0050879045
11.41,77,40,0.19909843,0.19644741,0.145,-0.23823744,-0.060600731,0.02348652,-0.0017180292,0.010884245
11.42,68,45,0.19229165,0.19655223,-0.16,0.085084801,-0.056917647,0.025519167,0.0068646692,0.016191918
11.43,68,40,0.18378317,0.19690039,0.122,0.1701696,-0.055700162,0.026191081,0.01506493,0.020628005
11.44,72,40,0.19058995,0.19744121,-0.682,0.068067841,-0.057633952,0.025123847,0.022319285,0.023721566
11.45,77,50,0.21611539,0.19809993,-0.249,0.13613568,-0.063390849,0.021946689,0.0283524,0.025149545
11.46,72,45,0.19909843,0.19885529,-0.265,0.23823744,-0.073713544,0.016249727,0.032515929,0.024382828
11.47,72,45,0.19909843,0.1996515,-0.221,-2.4158453e-13,-0.088802889,0.0079221111,0.034217885,0.021069998
11.48,72,40,0.19058995,0.20040485,-0.114,-0.1701696,-0.10758504,-0.0024435164,0.033604711,0.015580597
11.49,77,45,0.20760691,0.20105607,-0.176,0.085084801,-0.12735852,-0.013356249,0.031151498,0.0088976246
11.5,72,45,0.19909843,0.20159537,0.232,0.3403392,-0.1448818,-0.023027117,0.027252832,0.0021128575
11.51,72,45,0.19909843,0.20208001,0.025,0.1701696,-0.15736708,-0.029917586,0.02172415,-0.004096718
11.52,77,45,0.20760691,0.20256216,0.164,-0.085084801,-0.16325586,-0.033167525,0.014474765,-0.0093463805
11.53,77,50,0.21611539,0.20298255,-0.407,-1.7763568e-15,-0.16269927,-0.032860351,0.0056433767,-0.013608487
11.54,77,40,0.19909843,0.20327134,0.196,0,-0.15719342,-0.029821747,-0.0048227907,-0.017322269
11.55,72,45,0.19909843,0.20332644,-0.415,-0.1701696,-0.14879207,-0.025185147,-0.016370272,-0.020777709
11.56,72,45,0.19909843,0.2030675,0.002,-0.1701696,-0.13921539,-0.019899902,-0.02782745,-0.023863676
11.57,77,45,0.20760691,0.20246969,-0.6,0,-0.12947448,-0.014524018,-0.037819301,-0.026171659
11.58,72,45,0.19909843,0.20162971,-0.08,0.1701696,-0.1209605,-0.0098252606,-0.04579344,-0.02780935
11.59,72,45,0.19909843,0.20070213,-0.146,-0.068067841,-0.11449192,-0.0062553348,-0.051949896,-0.029102615
11.6,72,45,0.19909843,0.19980255,0.122,-0.30630528,-0.11040795,-0.004001447,-0.05674134,-0.030371393
11.61,77,50,0.21611539,0.19892449,-0.265,0.01701696,-0.10864481,-0.0030283916,-0.060301731,-0.031665061
11.62,63,45,0.18378317,0.19799742,-0.448,0.10210176,-0.10881167,-0.0031204789,-0.062533161,-0.03282682
11.63,63,50,0.19229165,0.19700561,-0.493,-0.13613568,-0.10972702,-0.0036256452,-0.063169942,-0.033397794
11.64,68,54,0.20760691,0.19600902,-0.21,-0.23823744,-0.10981102,-0.0036720037,-0.061560924,-0.032616464
11.65,68,50,0.20080013,0.19506638,0.16,-0.2552544,-0.10734556,-0.0023113504,-0.057546558,-0.029928954
11.66,68,50,0.20080013,0.19421346,0.418,-0.1701696,-0.10039794,0.0015229488,-0.051419325,-0.024948188
11.67,63,40,0.17527469,0.19346902,0.472,-0.2552544,-0.088574311,0.0080482604,-0.043768843,-0.017860292
11.68,63,40,0.17527469,0.19286451,0.346,-0.2552544,-0.072440059,0.016952547,-0.035117733,-0.0090825931
11.69,68,54,0.20760691,0.1923924,-0.25,0.2552544,-0.053478195,0.027417356,-0.025819525,0.00079891529
11.7,63,40,0.17527469,0.19205403,-0.353,0.64664449,-0.033709904,0.038327222,-0.016197158,0.011065032
11.71,68,50,0.20080013,0.19187137,-0.479,0.15315264,-0.015220639,0.048531209,-0.0062375719,0.021146819
11.72,68,50,0.20080013,0.19186279,-0.345,-0.22122048,0.00037038535,0.057135696,0.0044334925,0.030784594
11.73,72,54,0.2144137,0.19202587,0.039,-0.22122048,0.012180585,0.063653593,0.015685511,0.039669552
11.74,63,45,0.18378317,0.19236228,0.215,-0.23823744,0.019806753,0.067862377,0.026927974,0.047395176
11.75,59,45,0.17697639,0.19289941,-0.12,-0.068067841,0.022635213,0.069423368,0.037116117,0.053269743
11.76,59,45,0.17697639,0.19362937,0.019,0.01701696,0.020085386,0.068016151,0.045584055,0.056800103
11.77,68,50,0.20080013,0.19448999,-0.297,0.32332224,0.012652835,0.063914222,0.051998995,0.057956608
11.78,68,54,0.20760691,0.19542065,0.309,0.45945793,0.00095380535,0.057457678,0.056151091,0.056804384
11.79,68,45,0.19229165,0.19637813,-0.012,0.20420352,-0.013968704,0.049222136,0.058071949,0.053647043
11.8,68,50,0.20080013,0.19733093,0.229,-0.10210176,-0.031416515,0.039592914,0.058078469,0.048835691
11.81,72,45,0.19909843,0.19818984,0.007,-0.10210176,-0.050250209,0.02919884,0.056333802,0.042766321
11.82,72,45,0.19909843,0.19890171,0.232,0.051050881,-0.06928519,0.018693678,0.053357178,0.036025428
11.83,72,45,0.19909843,0.1995109,0.104,0.068067841,-0.087430281,0.0086796358,0.04992509,0.029302363
11.84,72,40,0.19058995,0.20008096,0.134,0,-0.10429425,-0.00062736972,0.046668357,0.023020494
11.85,72,50,0.20760691,0.20063533,0.099,0.1701696,-0.12082564,-0.009750831,0.043957253,0.017103211
11.86,72,45,0.19909843,0.20116624,-0.688,0.3403392,-0.13886724,-0.019707761,0.041030857,0.010661548
11.87,72,45,0.19909843,0.20165464,-0.253,0.1701696,-0.15973218,-0.031222854,0.036912584,0.0028448651
11.88,77,50,0.21611539,0.20209595,-0.357,-0.15315264,-0.18359566,-0.044392799,0.031214041,-0.006589379
11.89,77,45,0.20760691,0.20242018,-0.239,-0.15315264,-0.2095289,-0.058705024,0.023750247,-0.017477388
11.9,77,45,0.20760691,0.20259288,-0.365,-0.085084801,-0.23498912,-0.072756194,0.015192142,-0.028782026
11.91,68,40,0.18378317,0.20264027,-0.262,-0.1701696,-0.25693425,-0.084867427,0.0067049586,-0.039081234
11.92,72,45,0.19909843,0.2026258,-0.503,-0.1701696,-0.27303777,-0.093754753,-0.00060590289,-0.047180328
11.93,77,45,0.20760691,0.20255818,-0.285,0.068067841,-0.28219139,-0.098806519,-0.0065864961,-0.052696508
11.94,72,45,0.19909843,0.2023801,-0.597,0.23823744,-0.28446233,-0.10005982,-0.011491563,-0.055775693
11.95,72,45,0.19909843,0.20201813,0.005,0.085084801,-0.28047324,-0.097858294,-0.01515698,-0.056507637
11.96,72,45,0.19909843,0.20153205,0,0,-0.27038901,-0.092292935,-0.017463795,-0.054878365
11.97,77,45,0.20760691,0.20102932,-0.377,0,-0.25437539,-0.083455224,-0.018470803,-0.050963014
11.98,77,45,0.20760691,0.20056036,-0.103,0.1701696,-0.23356899,-0.071972441,-0.018305266,-0.045138853
11.99,72,45,0.19909843,0.20016566,-0.359,0.01701696,-0.21013403,-0.059038987,-0.017045299,-0.038042143
12,77,40,0.19909843,0.19985996,-0.048,-0.32332224,-0.1863079,-0.04588965,-0.014677284,-0.030283467
12.01,77,50,0.21611539,0.19963997,-0.217,-0.2552544,-0.16377955,-0.033456546,-0.011254796,-0.022355671
12.02,68,45,0.19229165,0.19950032,-0.089,-0.085084801,-0.14407263,-0.02258055,-0.0071808221,-0.014880686
12.03,72,40,0.19058995,0.19944979,-0.133,-0.1701696,-0.12836015,-0.013909034,-0.0034942093,-0.0087016219
12.04,72,40,0.19058995,0.19949551,-0.534,-0.10210176,-0.11691193,-0.0075909048,-0.00098516175,-0.0042880333
12.05,72,45,0.19909843,0.19960495,-0.224,0.15315264,-0.10962341,-0.0035684695,-0.00016084951,-0.0018646595
12.06,72,45,0.19909843,0.19971633,0.139,0.1701696,-0.10630244,-0.0017356679,-0.0007467016,-0.0012411847
12.07,72,45,0.19909843,0.1998042,-0.024,0.085084801,-0.10621766,-0.0016888788,-0.0016349857,-0.0016619322
12.08,77,40,0.19909843,0.19991295,0.072,0.23823744,-0.10896997,-0.0032078425,-0.0023071918,-0.0027575172
12.09,72,45,0.19909843,0.2000569,0.596,0.15315264,-0.11466872,-0.0063529065,-0.0025463451,-0.0044496258
12.1,72,45,0.19909843,0.20019318,-0.188,-0.1701696,-0.12324507,-0.011086085,-0.0025100431,-0.0067980639
12.11,81,50,0.22292218,0.20031967,-0.262,-1.2079227e-13,-0.13489506,-0.017515563,-0.0024157597,-0.0099656615
12.12,72,40,0.19058995,0.20044415,-0.476,0.085084801,-0.14957961,-0.025619781,-0.0023346427,-0.013977212
12.13,72,40,0.19058995,0.20053874,-0.29,-0.15315264,-0.16639564,-0.034900333,-0.0024904384,-0.018695386
12.14,77,45,0.20760691,0.20057315,-0.172,0.01701696,-0.18423841,-0.044747526,-0.0032335527,-0.023990539
12.15,72,45,0.19909843,0.20055042,0.069,0.3403392,-0.2026816,-0.054926089,-0.0050872956,-0.030006692
12.16,77,45,0.20760691,0.2004766,-0.326,-0.068067841,-0.22107688,-0.065078205,-0.0081942854,-0.036636245
12.17,77,45,0.20760691,0.20033799,-0.461,-0.32332224,-0.23813503,-0.074492376,-0.01231345,-0.043402913
12.18,77,45,0.20760691,0.20007087,-0.45,-0.2552544,-0.25221876,-0.082265011,-0.016625578,-0.049445295
12.19,68,40,0.18378317,0.19964122,0.159,-0.2552544,-0.26161328,-0.087449726,-0.019828985,-0.053639356
12.2,72,40,0.19058995,0.1991508,-0.346,0,-0.26574145,-0.089728006,-0.021259532,-0.055493769
12.21,72,40,0.19058995,0.1986867,-0.208,0.085084801,-0.2643517,-0.088961021,-0.021113903,-0.055037462
12.22,77,40,0.19909843,0.19828527,-0.359,0.10210176,-0.25734521,-0.085094231,-0.019801286,-0.052447759
12.23,77,50,0.21611539,0.19795607,-0.013,0.27227136,-0.24432432,-0.077908171,-0.017611795,-0.047759983
12.24,63,45,0.18378317,0.19769932,-0.746,0.10210176,-0.22513478,-0.067317706,-0.014550264,-0.040933985
12.25,68,50,0.20080013,0.19751674,-0.379,-0.22122048,-0.2006189,-0.053787706,-0.010711253,-0.03224948
12.26,68,54,0.20760691,0.19739743,0.028,0.01701696,-0.17271358,-0.038387121,-0.006175648,-0.022281385
12.27,63,50,0.19229165,0.19732485,-0.488,0.1701696,-0.14423687,-0.022671188,-0.0010557861,-0.011863487
12.28,68,50,0.20080013,0.19728793,-0.057,-0.23823744,-0.11802329,-0.0082042539,0.0045249161,-0.0018396689
12.29,68,50,0.20080013,0.1973092,-0.225,-0.23823744,-0.096068681,0.003912214,0.010505625,0.0072089193
12.3,68,50,0.20080013,0.19746606,-0.174,-0.085084801,-0.079785866,0.01289849,0.016633935,0.014766212
12.31,63,45,0.18378317,0.19778776,0.231,-0.01701696,-0.069533616,0.018556575,0.021586996,0.020071786
12.32,68,45,0.19229165,0.19824021,0.407,0.28928832,-0.064218805,0.021489751,0.024109238,0.022799495
12.33,68,45,0.19229165,0.19875663,-0.217,0.22122048,-0.062573965,0.022397517,0.024021156,0.023209336
12.34,72,50,0.20760691,0.19926025,-0.135,0,-0.063849809,0.021693395,0.021752551,0.021722973
12.35,77,54,0.22292218,0.19971705,0.454,0.068067841,-0.067363056,0.019754479,0.018205976,0.018980228
12.36,63,45,0.18378317,0.20011694,0.29,-0.01701696,-0.072727458,0.016793935,0.014526212,0.015660074
12.37,68,45,0.19229165,0.20043029,-0.48,-0.23823744,-0.079876017,0.012848737,0.011832668,0.012340703
12.38,77,40,0.19909843,0.20064903,0.166,1.7763568e-15,-0.088444255,0.0081200366,0.010035185,0.0090776108
12.39,77,40,0.19909843,0.20077571,-0.5,0.30630528,-0.098221443,0.0027241322,0.008661753,0.0056929426
12.4,77,45,0.20760691,0.20081767,0.23,0.23823744,-0.10988366,-0.0037120951,0.0072768884,0.0017823966
12.41,72,45,0.19909843,0.20080415,-0.068,0.1701696,-0.12356597,-0.011263184,0.0057522853,-0.0027554496
12.42,77,45,0.20760691,0.20077468,-0.128,0.085084801,-0.13828605,-0.019387008,0.0041389135,-0.0076240474
12.43,72,50,0.20760691,0.20070584,-0.454,-1.7763568e-15,-0.15277837,-0.027385134,0.0021561484,-0.012614493
12.44,72,50,0.20760691,0.20058197,-0.729,-0.23823744,-0.1657572,-0.034547982,-4.3375117e-05,-0.017295679
12.45,77,45,0.20760691,0.20042853,-0.395,-0.47647489,-0.17560958,-0.039985389,-0.0022657835,-0.021125586
12.46,72,45,0.19909843,0.20022695,-0.275,-0.32332224,-0.18120592,-0.043073935,-0.0041642055,-0.02361907
12.47,68,40,0.18378317,0.19997868,-0.34,-0.1701696,-0.18261077,-0.043849254,-0.0051425943,-0.024495924
12.48,68,40,0.18378317,0.19976538,0.005,-0.085084801,-0.18045201,-0.04265786,-0.0052741471,-0.023966003
12.49,72,45,0.19909843,0.19966684,-0.122,0.15315264,-0.17532946,-0.039830794,-0.0052346842,-0.022532739
12.5,72,45,0.19909843,0.19969081,0.103,0.54454273,-0.16823458,-0.035915221,-0.0060850002,-0.02100011
12.51,72,45,0.19909843,0.19980313,0.261,0.32332224,-0.16020651,-0.031484629,-0.0085762657,-0.020030447
12.52,77,40,0.19909843,0.19994774,0.044,-0.068067841,-0.15209661,-0.027008882,-0.01273209,-0.019870486
12.53,81,50,0.22292218,0.20007659,-0.441,0,-0.14424489,-0.022675618,-0.01738515,-0.020030384
12.54,68,45,0.19229165,0.20018466,0.006,0,-0.13683484,-0.018586105,-0.021289756,-0.01993793
12.55,72,45,0.19909843,0.20021166,-0.478,-0.23823744,-0.13053763,-0.015110755,-0.024204988,-0.019657872
12.56,72,45,0.19909843,0.20009333,-0.139,-0.1701696,-0.12689039,-0.013097891,-0.026091078,-0.019594484
12.57,77,40,0.19909843,0.19978272,0.17,0.15315264,-0.12674403,-0.013017119,-0.026713883,-0.019865501
12.58,72,45,0.19909843,0.1992885,-0.141,-1.2079227e-13,-0.13006041,-0.014847384,-0.026208679,-0.020528031
12.59,72,45,0.19909843,0.1986547,-0.567,0,-0.13692131,-0.018633825,-0.024880076,-0.02175695
12.6,72,50,0.20760691,0.19792172,0.362,0.23823744,-0.14744248,-0.024440328,-0.023076468,-0.023758398
12.61,72,40,0.19058995,0.1971484,-0.007,2.1849189e-13,-0.15992006,-0.03132654,-0.020830628,-0.026078584
12.62,77,45,0.20760691,0.19641295,-0.115,-0.39139008,-0.17214037,-0.038070773,-0.017897854,-0.027984313
12.63,81,45,0.2144137,0.19580988,-0.419,-0.30630528,-0.18158471,-0.043282984,-0.013888419,-0.028585701
12.64,68,40,0.18378317,0.19542249,-0.053,-0.30630528,-0.18656702,-0.046032659,-0.008477889,-0.027255274
12.65,68,40,0.18378317,0.19527492,-0.719,-0.54454273,-0.18627236,-0.045870038,-0.0017096697,-0.023789854
12.66,68,40,0.18378317,0.19533577,-0.261,-0.068067841,-0.18102649,-0.042974909,0.0057754055,-0.018599752
12.67,68,40,0.18378317,0.19555103,-0.336,0.39139008,-0.1719517,-0.037966647,0.013296715,-0.012334966
12.68,68,40,0.18378317,0.19588155,0.074,0.32332224,-0.16066635,-0.031738407,0.020588679,-0.0055748643
12.69,72,50,0.20760691,0.19631098,-0.011,0.3403392,-0.1486896,-0.025128596,0.027365081,0.0011182426
12.7,72,45,0.19909843,0.19683076,-0.159,0.49349185,-0.13753186,-0.01897078,0.033355761,0.0071924906
12.71,68,50,0.20080013,0.19744397,0.08,0.23823744,-0.12814246,-0.01378889,0.038581353,0.012396232
12.72,68,50,0.20080013,0.19819841,-0.156,-0.085084801,-0.12135206,-0.01004136,0.043162367,0.016560503
12.73,77,50,0.21611539,0.19908411,-0.59,0,-0.11712612,-0.0077091135,0.046615275,0.019453081
12.74,63,54,0.19909843,0.20005563,-0.286,0,-0.11414208,-0.006062264,0.04838048,0.021159108
12.75,63,54,0.19909843,0.20103802,-0.085,-0.15315264,-0.11104026,-0.0043504091,0.048039633,0.021844612
12.76,68,50,0.20080013,0.20193416,0.248,-0.13613568,-0.10746175,-0.002375477,0.045405761,0.021515142
12.77,68,50,0.20080013,0.20267543,-0.133,0.03403392,-0.1029029,0.00014049619,0.040209004,0.02017475
12.78,68,50,0.20080013,0.20321382,0.09,0.085084801,-0.097870758,0.0029176706,0.032380432,0.017649051
12.79,68,50,0.20080013,0.20351147,0.387,0.071309167,-0.092973904,0.0056201818,0.022407182,0.014013682
12.801,68,50,0.20080013,0.20350315,0.497,-1.7763568e-15,-0.088850147,0.0078960298,0.010328773,0.0091124016
12.81,68,54,0.20760691,0.20326816,-0.535,0.064485323,-0.087327486,0.0087363668,0.0012492934,0.0049928301
12.82,68,50,0.20080013,0.20286051,-0.43,0.068067841,-0.088665923,0.0079977011,-0.0062565905,0.00087055526
12.83,68,50,0.20080013,0.20236919,-0.423,-0.068067841,-0.093459477,0.0053521999,-0.01024867,-0.0024482353
12.84,68,54,0.20760691,0.20192374,-0.061,0,-0.10177739,0.00076165013,-0.011393082,-0.0053157157
12.85,68,50,0.20080013,0.20162522,-0.292,0.051050881,-0.11315086,-0.0055152202,-0.011090191,-0.0083027056
12.86,68,50,0.20080013,0.20147125,-0.199,-0.085084801,-0.12738087,-0.013368582,-0.010579761,-0.011974172
12.87,72,50,0.20760691,0.20139798,-0.435,-0.068067841,-0.14379034,-0.022424758,-0.010569548,-0.016497153
12.88,72,45,0.19909843,0.20133149,0.101,-0.01701696,-0.16241637,-0.032704221,-0.010801715,-0.021752968
12.89,68,50,0.20080013,0.20118911,-0.267,-0.01701696,-0.18317726,-0.04416189,-0.010722937,-0.027442414
12.9,68,50,0.20080013,0.20097385,0.019,-0.085084801,-0.2057014,-0.056592672,-0.010373854,-0.033483263
12.91,72,45,0.19909843,0.20073905,-0.241,-0.18718656,-0.2287087,-0.069290106,-0.0099511114,-0.039620609
12.92,77,45,0.20760691,0.20054753,0.261,-0.18718656,-0.25058985,-0.081366032,-0.0093300798,-0.045348056
12.93,72,40,0.19058995,0.20041396,0.187,-1.2079227e-13,-0.26989056,-0.092017846,-0.0085070335,-0.05026244
12.94,72,40,0.19058995,0.20031823,-0.412,0.085084801,-0.28517674,-0.10045409,-0.0073740803,-0.053914087
12.95,68,45,0.19229165,0.20025897,-0.618,0.1701696,-0.29543437,-0.10611515,-0.0059032996,-0.056009224
12.96,77,45,0.20760691,0.20025177,0.067,0.49349185,-0.30083813,-0.10909741,-0.0042621746,-0.056679794
12.97,72,50,0.20760691,0.2003243,-0.916,0.23823744,-0.30239922,-0.10995896,-0.0029163353,-0.056437648
12.98,72,50,0.20760691,0.2004765,-0.225,-0.32332224,-0.30145009,-0.10943514,-0.0023056244,-0.055870384
12.99,81,50,0.22292218,0.20065514,-0.663,-0.32332224,-0.29870836,-0.10792202,-0.0023611502,-0.055141585
13,68,40,0.18378317,0.20080505,0.016,-0.1701696,-0.29461481,-0.10566284,-0.0027310959,-0.054196969
13.01,68,40,0.18378317,0.20088434,-0.759,-0.23823744,-0.2893282,-0.10274523,-0.0033058104,-0.05302552
13.02,72,45,0.19909843,0.20086222,-0.387,0.23823744,-0.28249658,-0.098974948,-0.0038929573,-0.051433952
13.03,72,45,0.19909843,0.20072333,-0.28,0.45945793,-0.2737486,-0.09414705,-0.0039695234,-0.049058287
13.04,77,45,0.20760691,0.20051498,0.067,-0.01701696,-0.26349104,-0.088486037,-0.003711384,-0.046098711
13.05,77,54,0.22292218,0.20027348,-0.694,-0.085084801,-0.25194977,-0.082116554,-0.0031942873,-0.042655421
13.06,72,40,0.19058995,0.20004436,0.114,-0.085084801,-0.23906432,-0.075005242,-0.0024261715,-0.038715707
13.07,72,40,0.19058995,0.19985391,-0.634,-0.23823744,-0.22407703,-0.06673395,-0.0015229602,-0.034128455
13.08,72,45,0.19909843,0.19971986,-0.038,-0.068067841,-0.2068684,-0.057236727,-0.00046838173,-0.028852555
13.09,72,45,0.19909843,0.1996544,-0.029,0.1701696,-0.18805548,-0.046854119,0.00096855254,-0.022942783
13.1,77,45,0.20760691,0.19968672,0.212,0,-0.16874613,-0.036197534,0.0028875748,-0.01665498
13.11,72,45,0.19909843,0.19984024,-0.006,-0.1701696,-0.15038712,-0.026065433,0.0052458225,-0.010409805
13.12,72,45,0.19909843,0.20007359,-0.017,-0.085084801,-0.13486709,-0.01750013,0.007584121,-0.0049580044
13.13,72,40,0.19058995,0.2003366,0.136,0.085084801,-0.1235301,-0.011243393,0.0090170409,-0.001113176
13.14,72,40,0.19058995,0.20058083,0.012,0.085084801,-0.11682098,-0.0075407151,0.0088762824,0.00066778366
13.15,72,50,0.20760691,0.20077373,-0.569,0.085084801,-0.11447657,-0.0062468621,0.0073514632,0.00055230057
13.16,77,45,0.20760691,0.20089932,-0.451,0.40840704,-0.11609473,-0.007139904,0.0052861024,-0.0009269008
13.17,77,40,0.19909843,0.20098516,-0.195,0.085084801,-0.12197948,-0.010387623,0.0037168336,-0.0033353947
13.18,77,40,0.19909843,0.20109968,0.035,-0.23823744,-0.13183461,-0.015826545,0.0032852433,-0.0062706508
13.19,81,50,0.22292218,0.20123344,-0.345,0,-0.14476824,-0.022964448,0.0034642396,-0.0097501042
13.2,68,40,0.18378317,0.20132402,-0.563,0,-0.16047271,-0.031631543,0.0035277519,-0.014051895
13.21,72,50,0.20760691,0.20131353,-0.096,-0.23823744,-0.17831935,-0.041480871,0.0033273032,-0.019076784
13.22,72,45,0.19909843,0.20121664,-0.04,3.4106051e-13,-0.19731678,-0.051965311,0.0026672316,-0.02464904
13.23,72,45,0.19909843,0.20109902,0.05,0.15315264,-0.21608613,-0.062323872,0.0016140266,-0.030354923
13.24,72,45,0.19909843,0.20104115,0.181,-0.085084801,-0.23388992,-0.072149559,0.00039343249,-0.035878063
13.25,77,45,0.20760691,0.20108251,-0.247,0.085084801,-0.25043523,-0.081280701,-0.0018125755,-0.041546638
13.26,72,45,0.19909843,0.20120159,0.022,-1.2079227e-13,-0.26543221,-0.089557342,-0.0058207337,-0.047689038
13.27,72,45,0.19909843,0.20131599,-0.644,-0.2552544,-0.27851512,-0.096777631,-0.011372589,-0.05407511
13.28,77,45,0.20760691,0.20134652,-0.393,-0.1701696,-0.28990033,-0.10306098,-0.017533501,-0.060297242
13.29,72,40,0.19058995,0.20126258,-0.277,0.085084801,-0.30013613,-0.10870999,-0.023157769,-0.06593388
13.3,72,40,0.19058995,0.20106077,-0.56,0.085084801,-0.30982585,-0.11405762,-0.02748183,-0.070769725
13.31,72,45,0.19909843,0.20075608,-0.242,0.10210176,-0.31888185,-0.11905551,-0.030274691,-0.0746651
13.32,72,50,0.20760691,0.20035675,-0.166,0.20420352,-0.32708323,-0.12358175,-0.031852399,-0.077717073
13.33,72,50,0.20760691,0.1998525,-0.28,0.11911872,-0.33416919,-0.1274924,-0.032373341,-0.079932869
13.34,68,50,0.20080013,0.19927631,-0.731,0.085084801,-0.33961924,-0.13050021,-0.031749095,-0.081124652
13.35,68,50,0.20080013,0.19866994,-0.296,-0.085084801,-0.34226684,-0.13196139,-0.029956687,-0.080959038
13.36,68,50,0.20080013,0.19805847,-0.571,-0.23823744,-0.34041136,-0.13093737,-0.027144689,-0.079041029
13.37,72,54,0.2144137,0.197499,0.093,-0.085084801,-0.33267725,-0.12666901,-0.023600792,-0.075134903
13.38,68,45,0.19229165,0.19705187,-0.565,-0.23823744,-0.31942739,-0.11935659,-0.019327997,-0.069342293
13.39,68,45,0.19229165,0.19669593,-0.366,-0.61261057,-0.30206195,-0.10977283,-0.014704378,-0.062238602
13.4,68,50,0.20080013,0.19644262,-0.26,-0.28928832,-0.28180017,-0.098590606,-0.010090134,-0.05434037
13.41,59,45,0.17697639,0.19629563,-0.096,0.1701696,-0.25917844,-0.086105964,-0.0058685402,-0.045987252
13.42,59,45,0.17697639,0.19622663,-0.308,0.085084801,-0.23485487,-0.072682101,-0.0021286621,-0.037405382
13.43,68,50,0.20080013,0.19621476,-0.289,0.22122048,-0.21035875,-0.059163007,0.0014131285,-0.028874939
13.44,68,50,0.20080013,0.19626443,-0.385,0.44244097,-0.18684335,-0.046185157,0.0053785175,-0.02040332
13.45,68,50,0.20080013,0.19640396,0.048,0.13613568,-0.16452521,-0.033868067,0.010063835,-0.011902116
13.46,63,54,0.19909843,0.19669701,-0.004,-0.01701696,-0.14330576,-0.022157326,0.01520676,-0.0034752828
13.47,63,54,0.19909843,0.19715722,-0.067,0.068067841,-0.12319252,-0.011057085,0.020714734,0.0048288246
13.48,63,50,0.19229165,0.19774566,-0.354,0.01701696,-0.10445248,-0.00071469473,0.025931203,0.012608254
13.49,68,54,0.20760691,0.19839548,0.348,0.10210176,-0.087672131,0.0085461622,0.030016718,0.01928144
13.5,68,50,0.20080013,0.19904824,-0.183,0.085084801,-0.073586129,0.016320046,0.032430863,0.024375455
13.51,68,50,0.20080013,0.19965973,-0.344,-0.068067841,-0.062487396,0.022445294,0.032999228,0.027722261
13.52,68,54,0.20760691,0.20018539,-0.01,0,-0.054782511,0.026697521,0.031718912,0.029208216
13.53,63,50,0.19229165,0.20057246,0.233,-0.01701696,-0.050733582,0.028932073,0.028671249,0.028801661
13.54,68,50,0.20080013,0.20078035,0.101,-0.23823744,-0.049983059,0.029346277,0.024261041,0.026803659
13.55,68,54,0.20760691,0.20081049,-0.156,-0.068067841,-0.052226014,0.028108419,0.019381201,0.02374481
13.56,63,50,0.19229165,0.20073054,-0.189,0.085084801,-0.057540133,0.025175625,0.015103051,0.020139338
13.57,63,50,0.19229165,0.20060436,-0.612,0,-0.066283882,0.020350062,0.012051509,0.016200785
13.58,68,50,0.20080013,0.2005275,0.026,0.15315264,-0.077792485,0.013998612,0.010283093,0.012140852
13.59,68,50,0.20080013,0.2005881,0.317,0.068067841,-0.091236024,0.0065792953,0.0094251541,0.0080022247
13.6,68,54,0.20760691,0.20077039,0.305,0.051050881,-0.10590561,-0.0015166586,0.0085644124,0.0035238769
13.61,68,54,0.20760691,0.20098183,-0.134,0.13613568,-0.12172585,-0.010247646,0.0072541492,-0.0014967484
13.62,63,45,0.18378317,0.20116448,-0.589,-0.068067841,-0.1381996,-0.019339298,0.0057984928,-0.0067704027
13.63,72,54,0.2144137,0.20130467,0.067,-0.13613568,-0.15458374,-0.028381494,0.0045126912,-0.011934402
13.64,68,50,0.20080013,0.20140633,0.03,0.10210176,-0.16994972,-0.036861781,0.0035510835,-0.016655349
13.65,68,50,0.20080013,0.20145723,-0.53,0.03403392,-0.18367533,-0.044436769,0.0030245672,-0.020706101
13.66,68,50,0.20080013,0.20145122,-0.316,-0.13613568,-0.19511485,-0.050750096,0.0028084977,-0.023970799
13.67,68,50,0.20080013,0.20141165,-0.079,0,-0.20409845,-0.055708027,0.002314104,-0.026696962
13.68,68,50,0.20080013,0.20136001,-0.353,0.068067841,-0.21066443,-0.059331707,0.0013832203,-0.028974243
13.69,68,50,0.20080013,0.20129882,0.049,0.068067841,-0.2151367,-0.061799898,4.8045473e-05,-0.030875926
13.7,68,50,0.20080013,0.20124079,-0.237,0.068067841,-0.21856456,-0.063691686,-0.0016483321,-0.032670009
13.71,68,54,0.20760691,0.20121735,-0.609,-0.01701696,-0.22203233,-0.065605505,-0.0037660762,-0.03468579
13.72,68,50,0.20080013,0.20119315,-0.065,-0.1701696,-0.22520556,-0.067356773,-0.00608731,-0.036722041
13.73,68,54,0.20760691,0.20113842,-0.25,-0.23823744,-0.22748475,-0.068614627,-0.008025368,-0.038319997
13.74,63,50,0.19229165,0.20106141,-0.456,-0.085084801,-0.2283069,-0.069068363,-0.0091453104,-0.039106837
13.75,63,50,0.19229165,0.20094979,-0.103,0.068067841,-0.22644028,-0.068038197,-0.009527706,-0.038782952
13.76,63,50,0.19229165,0.20077478,-0.162,0.085084801,-0.22072826,-0.064885804,-0.0092234457,-0.037054625
13.77,68,54,0.20760691,0.20053945,0.126,0.1701696,-0.21074025,-0.059373553,-0.0081198815,-0.033746717
13.78,68,54,0.20760691,0.20028438,-0.593,0.23823744,-0.19747933,-0.052055021,-0.0061847696,-0.029119895
13.79,68,50,0.20080013,0.20006831,-0.269,0.15315264,-0.18295052,-0.044036755,-0.0034088626,-0.023722809
13.8,68,50,0.20080013,0.19994882,0.044,-0.22122048,-0.16863632,-0.036136933,-0.00027426374,-0.018205598
13.81,68,54,0.20760691,0.19992709,0.212,-0.22122048,-0.15524313,-0.028745402,0.0024727732,-0.013136314
13.82,68,54,0.20760691,0.20002326,-0.33,0,-0.14363019,-0.022336371,0.0045745474,-0.0088809116
13.83,59,50,0.18548487,0.2002018,-0.007,-0.085084801,-0.13473398,-0.017426667,0.0060784167,-0.0056741254
13.84,68,50,0.20080013,0.20039937,-0.21,-0.32332224,-0.12820966,-0.013825979,0.0072005693,-0.0033127046
13.85,68,50,0.20080013,0.20057521,-0.083,-0.01701696,-0.12328587,-0.011108602,0.0081164969,-0.0014960524
13.86,63,54,0.19909843,0.20072693,-0.66,0.28928832,-0.11937476,-0.0089501096,0.0086656852,-0.00014221219
13.87,63,45,0.18378317,0.20084391,-0.273,0.068067841,-0.11604524,-0.0071125925,0.0087767789,0.0008320932
13.88,68,54,0.20760691,0.20090499,-0.038,0,-0.11283608,-0.0053414965,0.0086831612,0.0016708323
13.89,68,54,0.20760691,0.20091289,-0.202,0.23823744,-0.10924337,-0.0033587289,0.0088217783,0.0027315247
13.9,68,50,0.20080013,0.20090606,0.332,0.23823744,-0.1045753,-0.00078248221,0.0097100909,0.0044638043
13.91,63,54,0.19909843,0.20093905,0.509,-0.068067841,-0.098347614,0.0026544999,0.01160759,0.0071310448
13.92,68,54,0.20760691,0.20106417,-0.116,0,-0.090650064,0.0069026791,0.014498698,0.010700689
13.93,68,54,0.20760691,0.20127515,-0.201,9.5923269e-14,-0.082399314,0.011456162,0.017972255,0.014714209
13.94,68,50,0.20080013,0.20159648,-0.035,-0.13613568,-0.074962965,0.015560187,0.020606687,0.018083437
13.95,68,54,0.20760691,0.20202222,-0.514,-0.22122048,-0.069268285,0.018703008,0.021042838,0.019872923
13.96,63,50,0.19229165,0.20251554,-0.162,-0.085084801,-0.066465807,0.02024966,0.018772357,0.019511008
13.97,68,50,0.20080013,0.20300088,-0.379,0.068067841,-0.067573181,0.019638514,0.01395591,0.016797212
13.98,63,50,0.19229165,0.203362,-0.06,0.15315264,-0.072753174,0.016779743,0.00739865,0.012089196
13.99,68,54,0.20760691,0.20351503,0.334,0.068067841,-0.081567291,0.011915345,0.00033737104,0.0061263578
14,68,54,0.20760691,0.20346385,-0.585,-1.2256862e-13,-0.093130744,0.0055336236,-0.0059608449,-0.00021361066
14.01,68,54,0.20760691,0.20327232,-0.299,0.085084801,-0.10747075,-0.0023804419,-0.010875498,-0.0066279701
14.02,63,50,0.19229165,0.20297035,0.413,1.7763568e-15,-0.12339174,-0.011167031,-0.014264819,-0.012715925
14.03,68,50,0.20080013,0.20261683,0.928,0,-0.13846684,-0.019486783,-0.016056469,-0.017771626
14.04,68,54,0.20760691,0.20228185,-0.551,0.15315264,-0.15022858,-0.02597794,-0.016442453,-0.021210197
14.05,68,54,0.20760691,0.20199859,-0.638,0.15315264,-0.15736591,-0.029916938,-0.015999807,-0.022958372
14.06,68,54,0.20760691,0.20174883,0.256,0.15315264,-0.15934693,-0.03101024,-0.015502255,-0.023256247
14.07,68,54,0.20760691,0.20152455,0.117,-0.15315264,-0.15645419,-0.029413772,-0.015168646,-0.022291209
14.08,68,50,0.20080013,0.20129995,-0.523,-0.52752577,-0.15021504,-0.025970467,-0.01484464,-0.020407553
14.09,72,59,0.22292218,0.20102894,-0.229,-0.37437312,-0.14289688,-0.02193167,-0.014365404,-0.018148537
14.1,59,45,0.17697639,0.20067397,-0.385,-0.23823744,-0.13647922,-0.018389841,-0.013416501,-0.015903171
14.11,59,50,0.18548487,0.20024134,-0.591,-0.23823744,-0.13255431,-0.016223738,-0.011421265,-0.013822502
14.12,63,50,0.19229165,0.19981894,-0.148,0.15315264,-0.13209667,-0.015971172,-0.0082752055,-0.012123189
14.13,63,50,0.19229165,0.19950576,-0.225,0.52752577,-0.13460212,-0.017353895,-0.0042192731,-0.010786584
14.14,68,54,0.20760691,0.19938506,-0.146,0.22122048,-0.13842055,-0.019461238,0.00035152358,-0.0095548572
14.15,68,54,0.20760691,0.19945613,-0.284,0.15315264,-0.14215711,-0.021523398,0.0050602121,-0.0082315931
14.16,68,54,0.20760691,0.1996802,0.068,0.085084801,-0.14460384,-0.02287372,0.0097152401,-0.0065792397
14.17,63,50,0.19229165,0.20001411,0.117,-0.15315264,-0.14485387,-0.023011703,0.014064091,-0.0044738062
14.18,68,54,0.20760691,0.20047576,-0.042,-0.1701696,-0.14290787,-0.021937733,0.017713645,-0.002112044
14.19,68,50,0.20080013,0.20109307,0.218,-0.01701696,-0.13895851,-0.01975813,0.020063814,0.00015284196
14.2,63,54,0.19909843,0.20181894,-0.326,-0.01701696,-0.13358541,-0.016792788,0.020615583,0.0019113979
14.21,63,54,0.19909843,0.20252608,0.698,-0.01701696,-0.12757808,-0.013477418,0.018949069,0.0027358253
14.22,63,54,0.19909843,0.2030782,-0.202,0.15315264,-0.12225908,-0.010541928,0.015211324,0.0023346977
14.23,63,54,0.19909843,0.20339773,-0.335,0.1701696,-0.11971671,-0.0091388311,0.0098688146,0.00036499176
14.24,63,59,0.20760691,0.20346133,-0.449,0.2552544,-0.12109718,-0.0099006934,0.0035238467,-0.0031884233
14.25,68,54,0.20760691,0.20328905,-0.402,0.10210176,-0.12578307,-0.012486776,-0.0030526561,-0.0077697158
14.26,68,54,0.20760691,0.20293383,-0.174,-0.15315264,-0.13257551,-0.016235438,-0.0088929361,-0.012564187
14.27,68,59,0.21611539,0.2024993,-0.409,-0.23823744,-0.1412281,-0.021010689,-0.013201687,-0.017106188
14.28,63,50,0.19229165,0.20211541,0.056,-0.15315264,-0.15148066,-0.026668948,-0.015468442,-0.021068695
14.29,63,54,0.19909843,0.20180425,-0.304,-0.085084801,-0.16202952,-0.032490724,-0.016304392,-0.024397558
14.3,59,54,0.19229165,0.20153725,-0.304,0.068067841,-0.17129241,-0.037602794,-0.016516073,-0.027059433
14.31,63,59,0.20760691,0.20127138,-0.072,0.085084801,-0.17826742,-0.041452216,-0.016624149,-0.029038182
14.32,63,59,0.20760691,0.20095512,0.01,-0.13613568,-0.18206024,-0.043545425,-0.016666542,-0.030105983
14.33,68,54,0.20760691,0.20057936,0.069,-0.15315264,-0.18244342,-0.043756892,-0.016156481,-0.029956687
14.34,59,54,0.19229165,0.20016498,-0.292,-0.1701696,-0.17954059,-0.04215486,-0.014464514,-0.028309687
14.35,59,50,0.18548487,0.19974183,-0.102,-0.085084801,-0.17337982,-0.038754809,-0.011093348,-0.024924078
14.36,63,54,0.19909843,0.19936821,-0.182,0.068067841,-0.16516364,-0.034220406,-0.0062058817,-0.020213144
14.37,63,54,0.19909843,0.19914103,-0.214,0.20420352,-0.1565114,-0.029445348,-0.00015426166,-0.014799805
14.38,63,59,0.20760691,0.19912295,-0.024,0.13613568,-0.14903262,-0.025317904,0.0065334132,-0.0093922455
14.39,63,54,0.19909843,0.19931417,-0.305,0.085084801,-0.14368956,-0.022369139,0.01336035,-0.0045043946
14.4,63,54,0.19909843,0.1997047,-0.266,-1.2079227e-13,-0.14142014,-0.021116674,0.019470255,-0.00082320951
14.41,63,54,0.19909843,0.20024768,-0.274,-0.085084801,-0.14271267,-0.021830003,0.024034732,0.0011023646
14.42,63,59,0.20760691,0.20086663,0.102,0,-0.14694315,-0.024164754,0.026576174,0.0012057099
14.43,63,54,0.19909843,0.20148041,-0.087,0,-0.15307244,-0.027547427,0.027276578,-0.00013542462
14.44,63,54,0.19909843,0.20202743,-0.19,-0.085084801,-0.15966714,-0.03118696,0.026693336,-0.0022468121
14.45,63,54,0.19909843,0.20248507,-0.297,0,-0.16624431,-0.034816814,0.025534129,-0.0046413424
14.46,63,54,0.19909843,0.2028689,-0.073,0.1701696,-0.17319868,-0.038654843,0.024350353,-0.0071522449
14.47,63,54,0.19909843,0.20318135,-0.283,0.1701696,-0.1815512,-0.04326449,0.022935371,-0.01016456
14.48,63,59,0.20760691,0.20341874,-0.183,0.2552544,-0.19172085,-0.048876987,0.020951181,-0.013962903
14.49,63,59,0.20760691,0.20357322,0.051,0.18718656,-0.20315823,-0.055189132,0.018242421,-0.018473356
14.5,68,54,0.20760691,0.20366134,-0.257,-0.068067841,-0.21532333,-0.061902893,0.015273505,-0.023314694
14.51,68,59,0.21611539,0.20373713,-0.12,-0.1701696,-0.22757358,-0.068663651,0.012547078,-0.028058287
14.52,59,59,0.20080013,0.20387745,-0.315,-0.01701696,-0.23949289,-0.075241763,0.0098879434,-0.03267691
14.53,63,54,0.19909843,0.20406773,-0.11,-0.1701696,-0.25055675,-0.081347764,0.0068199011,-0.037263931
14.54,63,54,0.19909843,0.20423422,-0.289,-0.2552544,-0.26026398,-0.086705061,0.002962943,-0.041871059
14.55,72,54,0.2144137,0.20431831,-0.846,-0.01701696,-0.26795891,-0.090951793,-0.0015947689,-0.046273281
14.56,59,54,0.19229165,0.20428805,0.141,0.085084801,-0.27287298,-0.093663807,-0.0064881609,-0.050075984
14.57,63,54,0.19909843,0.20413638,-0.263,0.01701696,-0.27472713,-0.094687089,-0.011150904,-0.052918996
14.58,63,54,0.19909843,0.20385082,-0.177,0.085084801,-0.27353735,-0.094030465,-0.014973245,-0.054501855
14.59,63,59,0.20760691,0.20344599,-0.529,0.23823744,-0.26944947,-0.091774416,-0.017458491,-0.054616454
14.6,63,59,0.20760691,0.20301448,-0.043,0.085084801,-0.26280171,-0.088105604,-0.018731573,-0.053418589
14.61,68,54,0.20760691,0.20264442,-0.16,-0.068067841,-0.25453486,-0.083543235,-0.018887909,-0.051215572
14.62,63,59,0.20760691,0.20238328,-0.642,-0.13613568,-0.24589892,-0.078777171,-0.018230927,-0.048504049
14.63,63,54,0.19909843,0.20224794,-0.588,-0.068067841,-0.23802562,-0.074431995,-0.017324759,-0.045878377
14.64,59,59,0.20080013,0.20220761,-0.311,0,-0.23122644,-0.070679614,-0.016683964,-0.043681789
14.65,59,59,0.20080013,0.20219812,-0.241,-0.15315264,-0.22483336,-0.067151359,-0.016704585,-0.041927972
14.66,63,59,0.20760691,0.20213301,-0.194,-0.15315264,-0.21791037,-0.063330647,-0.017408522,-0.040369584
14.67,59,63,0.20760691,0.20193234,0.4,0,-0.20972959,-0.058815779,-0.018147984,-0.038481882
14.68,54,54,0.18378317,0.20160247,0.034,-0.068067841,-0.200228,-0.053571978,-0.018585008,-0.036078493
14.69,59,59,0.20080013,0.20118801,-0.401,-0.13613568,-0.18941488,-0.047604354,-0.018366475,-0.032985415
14.7,59,59,0.20080013,0.20075203,-0.044,0.10210176,-0.17757421,-0.04106964,-0.016964258,-0.029016949
14.71,59,59,0.20080013,0.20033669,-0.053,0.23823744,-0.16483634,-0.034039776,-0.014188516,-0.024114146
14.72,59,59,0.20080013,0.19998017,-0.06,0.20420352,-0.15092531,-0.026362456,-0.010118225,-0.01824034
14.73,59,59,0.20080013,0.19974416,-0.4,-0.03403392,-0.13621963,-0.01824658,-0.0050382004,-0.01164239
14.74,59,63,0.20760691,0.19969397,0.001,-0.1701696,-0.12158532,-0.01017009,0.00069937588,-0.0047353569
14.75,63,63,0.2144137,0.19982155,-0.128,-1.7763568e-15,-0.10834564,-0.0028632846,0.0063555157,0.0017461156
14.76,54,54,0.18378317,0.20010231,-0.399,-0.15315264,-0.097076109,0.0033562271,0.010958782,0.0071575048
14.77,59,59,0.20080013,0.20049088,-0.224,-0.30630528,-0.087842809,0.0084519669,0.013742922,0.011097444
14.78,59,59,0.20080013,0.20092634,-0.157,-2.1849189e-13,-0.080701423,0.012393206,0.014605611,0.013499408
14.79,59,54,0.19229165,0.20133443,-0.3,0.14571233,-0.075325412,0.015360157,0.014039809,0.014699983
14.801,63,54,0.19909843,0.2016846,-0.394,0.25645762,-0.071864812,0.017270018,0.012654243,0.01496213
14.81,63,54,0.19909843,0.20187101,0.327,0.25873741,-0.070599543,0.017968304,0.011534832,0.014751568
14.82,63,54,0.19909843,0.20196519,0.028,0.01701696,-0.070006122,0.018295805,0.010683699,0.014489752
14.83,68,63,0.22292218,0.20196771,0.265,0.10210176,-0.069410183,0.018624696,0.010454836,0.014539766
14.84,59,54,0.19229165,0.20195423,0.079,0.1701696,-0.069238803,0.018719279,0.010769839,0.014744559
14.85,59,59,0.20080013,0.20202452,-0.006,-0.068067841,-0.071116939,0.01768276,0.01130784,0.0144953
14.86,63,59,0.20760691,0.20224565,-0.085,-0.068067841,-0.076898037,0.014492246,0.011381702,0.012936974
14.87,63,59,0.20760691,0.20259774,-0.289,0.068067841,-0.087839988,0.0084535238,0.0098810366,0.0091672802
14.88,68,54,0.20760691,0.20299617,0.199,-0.01701696,-0.10387102,-0.00039379448,0.006492872,0.0030495388
14.89,59,59,0.20080013,0.20331827,-0.176,-0.15315264,-0.12461193,-0.011840439,0.0016346978,-0.0051028704
14.9,63,54,0.19909843,0.20344927,-0.132,-0.30630528,-0.14899521,-0.025297259,-0.0039601142,-0.014628686
14.91,63,59,0.20760691,0.20332113,-0.103,-0.1701696,-0.17583405,-0.040109269,-0.0094381166,-0.024773693
14.92,59,54,0.19229165,0.20292924,-0.623,0.068067841,-0.20394224,-0.055621816,-0.013826787,-0.034724302
14.93,59,54,0.19229165,0.20234755,-0.188,0.085084801,-0.23226622,-0.071253457,-0.016083354,-0.043668406
14.94,63,54,0.19909843,0.20173504,-0.233,0.15315264,-0.25967027,-0.086377403,-0.01600328,-0.051190342
14.95,63,59,0.20760691,0.20121411,0.315,0.30630528,-0.28512417,-0.10042508,-0.014404468,-0.057414775
14.96,63,59,0.20760691,0.20087316,-0.318,0.23823744,-0.30792178,-0.11300679,-0.012014646,-0.062510718
14.97,63,59,0.20760691,0.20072347,-0.706,-1.2256862e-13,-0.32713826,-0.12361212,-0.0091799481,-0.066396032
14.98,63,59,0.20760691,0.20071242,-0.656,-0.23823744,-0.3414417,-0.131506,-0.006183846,-0.068844924
14.99,63,59,0.20760691,0.20077806,-0.565,-0.30630528,-0.34937459,-0.13588406,-0.0032293301,-0.069556695
15,63,54,0.19909843,0.20087739,0.327,-0.39139008,-0.34959936,-0.13600811,-0.00067328346,-0.068340697
15.01,59,54,0.19229165,0.20100554,-0.624,-0.32332224,-0.34138134,-0.13147269,0.0010917419,-0.065190474
15.02,59,54,0.19229165,0.20118054,-0.748,0,-0.32588802,-0.12292213,0.0019583856,-0.060481871
15.03,54,54,0.18378317,0.20134254,-0.709,0.23823744,-0.30510928,-0.11145461,0.0017299818,-0.054862313
15.04,54,63,0.19909843,0.2014175,-0.03,0.30630528,-0.28021215,-0.097714201,0.00072420047,-0.048495
15.05,59,63,0.20760691,0.20138264,-0.084,0.39139008,-0.25259121,-0.082470561,-0.00030823436,-0.041389398
15.06,59,63,0.20760691,0.20126387,-0.092,0.40840704,-0.22381964,-0.066591897,-0.00060007984,-0.033595988
15.07,59,63,0.20760691,0.20112147,0.201,0.01701696,-0.19509711,-0.050740306,0.0003389378,-0.025200684
15.08,59,63,0.20760691,0.2010213,-0.792,-0.30630528,-0.16701387,-0.035241524,0.0025491934,-0.016346165
15.09,59,68,0.21611539,0.20101287,0.103,-0.30630528,-0.14035323,-0.02052786,0.0059185763,-0.007304642
15.1,54,59,0.19229165,0.20115699,-0.057,-0.15315264,-0.11665391,-0.0074485099,0.0098076046,0.0011795473
15.11,54,59,0.19229165,0.2014321,-0.111,-0.085084801,-0.096641302,0.0035961918,0.01316552,0.0083808557
15.12,54,59,0.19229165,0.2017595,-0.523,0.068067841,-0.080431675,0.012542077,0.015058711,0.013800394
15.13,59,63,0.20760691,0.20205724,0.139,0.23823744,-0.068343302,0.019213494,0.01506255,0.017138022
15.14,59,63,0.20760691,0.20227165,0.056,0.085084801,-0.06086417,0.023341131,0.013295942,0.018318537
15.15,59,63,0.20760691,0.20237653,0.114,-0.15315264,-0.058909291,0.024420004,0.010230267,0.017325135
15.16,59,59,0.20080013,0.20237518,0.306,-0.22122048,-0.062824404,0.022259303,0.0066357634,0.014447533
15.17,59,54,0.19229165,0.20230182,0.444,-0.068067841,-0.071843449,0.017281808,0.0035177582,0.010399783
15.18,59,54,0.19229165,0.2022216,0.031,0.068067841,-0.084302631,0.010405746,0.001736415,0.0060710804
15.19,59,59,0.20080013,0.20218757,-0.345,0.22122048,-0.098626109,0.0025008021,0.0017511393,0.0021259707
15.2,59,63,0.20760691,0.20225155,-0.327,0.30630528,-0.11436296,-0.0061841647,0.0031323338,-0.0015259154
15.21,59,63,0.20760691,0.20240615,-0.808,0.15315264,-0.13124221,-0.015499605,0.0051205178,-0.0051895438
15.22,63,59,0.20760691,0.2025982,-0.026,0.068067841,-0.14762033,-0.024538477,0.0067278793,-0.0089052991
15.23,63,59,0.20760691,0.20277697,0.097,-0.085084801,-0.16105343,-0.031952035,0.0073892587,-0.012281388
15.24,59,59,0.20080013,0.20291883,-0.62,-0.22122048,-0.17079124,-0.037326205,0.0069294136,-0.015198396
15.25,63,63,0.2144137,0.20306401,-0.089,-0.13613568,-0.17719616,-0.040861001,0.0047797634,-0.018040619
15.26,54,59,0.19229165,0.20324664,0.168,-0.068067841,-0.18086043,-0.042883262,0.00051016564,-0.021186548
15.27,59,59,0.20080013,0.2034351,-0.121,-0.13613568,-0.18163986,-0.043313421,-0.0053869101,-0.024350165
15.28,59,59,0.20080013,0.20356976,-0.609,-0.051050881,-0.17959397,-0.042184321,-0.011824411,-0.027004366
15.29,59,59,0.20080013,0.20356575,-0.554,0.089136458,-0.17511452,-0.039712168,-0.018202106,-0.028957137
15.301,59,59,0.20080013,0.2033235,0.432,0.083194028,-0.16862885,-0.036132809,-0.024820573,-0.030476691
15.31,59,59,0.20080013,0.20292844,-0.165,0.07961151,-0.16353607,-0.033322171,-0.029692252,-0.031507211
15.32,59,59,0.20080013,0.20231145,-0.66,0.13613568,-0.15862557,-0.030612128,-0.033708017,-0.032160072
15.33,59,63,0.20760691,0.20158054,-0.117,0.051050881,-0.15510632,-0.0286699,-0.035346948,-0.032008424
15.34,59,59,0.20080013,0.20087156,-0.19,-0.01701696,-0.15433316,-0.028243205,-0.034492703,-0.031367954
15.35,63,63,0.2144137,0.20029639,-0.013,-1.7763568e-15,-0.15754202,-0.03001413,-0.031855399,-0.030934765
15.36,54,59,0.19229165,0.19989132,0.229,-0.068067841,-0.1651907,-0.034235339,-0.028636575,-0.031435957
15.37,59,63,0.20760691,0.19962242,-0.09,-0.068067841,-0.17690105,-0.04069813,-0.025920103,-0.033309117
15.38,59,59,0.20080013,0.19942147,0.115,-0.22122048,-0.19211848,-0.049096438,-0.024122351,-0.036609394
15.39,59,59,0.20080013,0.1992243,-0.543,-0.45945793,-0.2094501,-0.058661536,-0.023128221,-0.040894878
15.4,59,63,0.20760691,0.19898635,0.065,-0.32332224,-0.22659135,-0.068121571,-0.022597042,-0.045359307
15.41,50,54,0.17697639,0.19868133,0.341,0.051050881,-0.24178379,-0.076506084,-0.022003907,-0.049254995
15.42,50,54,0.17697639,0.19829751,-0.547,0,-0.25472139,-0.08364618,-0.020633446,-0.052139813
15.43,54,63,0.19909843,0.19786031,-0.673,0.1701696,-0.26579489,-0.089757502,-0.017806701,-0.053782102
15.44,59,63,0.20760691,0.19746025,-0.224,0.39139008,-0.27583258,-0.09529717,-0.013141053,-0.054219112
15.45,59,59,0.20080013,0.19720609,-0.56,0.23823744,-0.28499,-0.10035103,-0.0074091071,-0.05388007
15.46,59,59,0.20080013,0.19718375,-0.274,0.15315264,-0.29330561,-0.10494031,-0.0016886976,-0.053314504
15.47,54,59,0.19229165,0.19741756,-0.759,-0.01701696,-0.30080724,-0.10908037,0.0031419884,-0.052969189
15.48,59,63,0.20760691,0.19786734,-0.415,-0.1701696,-0.30702847,-0.11251379,0.0064753103,-0.053019237
15.49,63,63,0.2144137,0.19843581,-0.503,-0.085084801,-0.31120665,-0.11481967,0.0080546467,-0.053382511
15.5,54,59,0.19229165,0.19900248,-0.013,-0.15315264,-0.31263319,-0.11560696,0.0078474073,-0.053879774
15.51,54,59,0.19229165,0.19944735,-0.023,-0.28928832,-0.31006677,-0.11419058,0.0061174313,-0.054036576
15.52,54,59,0.19229165,0.19967866,-0.502,-0.051050881,-0.30210452,-0.10979632,0.0035345882,-0.053130866
15.53,54,59,0.19229165,0.1996494,-0.408,0.15315264,-0.28776692,-0.10188358,0.00087748282,-0.05050305
15.54,59,59,0.20080013,0.19938879,0.245,0.15315264,-0.26819475,-0.091081954,-0.0011248927,-0.046103423
15.55,59,59,0.20080013,0.19897612,-0.371,0.23823744,-0.24574349,-0.07869139,-0.0024492913,-0.040570341
15.56,54,63,0.19909843,0.19852281,0.054,0.22122048,-0.2225689,-0.065901631,-0.0029476843,-0.034424658
15.57,59,59,0.20080013,0.19811261,-0.508,0.13613568,-0.20046685,-0.053703792,-0.0020933945,-0.027898593
15.58,59,63,0.20760691,0.19785513,0.13,-0.068067841,-0.18078874,-0.042843698,0.0003153438,-0.021264177
15.59,59,63,0.20760691,0.19786695,0.019,-0.28928832,-0.16439942,-0.033798645,0.0035903714,-0.015104137
15.6,59,63,0.20760691,0.1981233,-0.518,-0.30630528,-0.15150154,-0.02668047,0.0062661812,-0.010207144
15.61,50,59,0.18548487,0.19847524,-0.492,-0.30630528,-0.14204868,-0.021463559,0.007579287,-0.006942136
15.62,50,59,0.18548487,0.19881425,0.05,-0.22122048,-0.13620546,-0.018238761,0.007563826,-0.0053374674
15.63,54,59,0.19229165,0.19906328,-0.333,0.068067841,-0.13344694,-0.016716369,0.0069089004,-0.0049037342
15.64,54,59,0.19229165,0.19920549,-0.12,0.28928832,-0.13280402,-0.016361549,0.0058585555,-0.0052514966
15.65,59,59,0.20080013,0.19924843,-0.178,0.30630528,-0.13434971,-0.017214596,0.0043953769,-0.0064096097
15.66,54,63,0.19909843,0.1991932,0.123,0.30630528,-0.13811912,-0.019294881,0.0027447066,-0.008275087
15.67,59,59,0.20080013,0.19908025,-0.273,0.22122048,-0.14327319,-0.02213935,0.001763578,-0.010187886
15.68,63,59,0.20760691,0.19899348,0.078,9.7699626e-14,-0.14884955,-0.025216867,0.0022144956,-0.011501186
15.69,63,59,0.20760691,0.19900792,0.269,-0.15315264,-0.15431936,-0.02823559,0.0037691198,-0.012233235
15.7,63,59,0.20760691,0.19914651,0.311,-0.01701696,-0.15959947,-0.031149612,0.0056975263,-0.012726043
15.71,59,54,0.19229165,0.19935393,-0.772,9.7699626e-14,-0.16448973,-0.033848485,0.0075824542,-0.013133015
15.72,59,54,0.19229165,0.19956629,-0.679,-0.30630528,-0.16915495,-0.036423157,0.0090040591,-0.013709549
15.73,63,63,0.2144137,0.19974368,-0.464,-0.32332224,-0.17405646,-0.039128239,0.0096225871,-0.014752826
15.74,59,59,0.20080013,0.19986588,0.25,0.13613568,-0.17962068,-0.04219906,0.0090074862,-0.016595787
15.75,54,54,0.18378317,0.19989838,-0.081,3.1441516e-13,-0.185966,-0.045700963,0.0069567998,-0.019372082
15.76,54,54,0.18378317,0.19979787,-0.136,-0.085084801,-0.19264561,-0.04938735,0.0040629154,-0.022662217
15.77,63,63,0.2144137,0.1995877,-0.204,0.22122048,-0.19956734,-0.053207366,0.0014159363,-0.025895715
15.78,59,54,0.19229165,0.1993737,-0.214,0.1701696,-0.20651073,-0.057039335,-0.00014928731,-0.028594311
15.79,63,63,0.2144137,0.19925409,0.051,-0.028729933,-0.21256694,-0.060381676,-0.00018085386,-0.030281265
15.801,59,54,0.19229165,0.19926687,-0.595,0.075802823,-0.21732448,-0.063007303,0.0012359079,-0.030885698
15.81,59,54,0.19229165,0.19937152,-0.45,0.11464057,-0.2185122,-0.063662793,0.0030833391,-0.030289727
15.82,59,59,0.20080013,0.19954637,-0.345,-0.068067841,-0.21651579,-0.062560998,0.0055636631,-0.028498667
15.83,59,63,0.20760691,0.19974177,-0.08,0,-0.21189783,-0.060012408,0.0081890124,-0.025911698
15.84,59,63,0.20760691,0.19992617,-0.381,0.13613568,-0.20564585,-0.05656202,0.010695981,-0.02293302
15.85,54,59,0.19229165,0.20004763,0.175,0.068067841,-0.19834932,-0.052535157,0.013099166,-0.019717995
15.86,54,59,0.19229165,0.20011065,0.006,-0.13613568,-0.19107745,-0.048521902,0.015155021,-0.016683441
15.87,63,63,0.2144137,0.20014106,-0.169,-0.068067841,-0.18495225,-0.045141484,0.016943822,-0.014098831
15.88,59,59,0.20080013,0.20017367,-0.415,0,-0.18111173,-0.043021952,0.018731968,-0.012144992
15.89,59,59,0.20080013,0.20024219,0.019,-0.068067841,-0.18057134,-0.042723719,0.02059924,-0.011062239
15.9,54,59,0.19229165,0.20036673,-0.249,9.7699626e-14,-0.18365401,-0.044425003,0.02212413,-0.011150436
15.91,54,59,0.19229165,0.20054776,-0.536,-0.01701696,-0.18917519,-0.047472073,0.023309109,-0.012081482
15.92,63,59,0.20760691,0.20081853,-0.368,0,-0.1951845,-0.050788533,0.024692286,-0.013048123
15.93,59,63,0.20760691,0.20118623,0.25,0.1701696,-0.20070196,-0.053833546,0.026357629,-0.013737958
15.94,54,59,0.19229165,0.20160834,0.097,0.01701696,-0.20630167,-0.056923954,0.027688821,-0.014617567
15.95,59,59,0.20080013,0.20203656,-0.266,-0.068067841,-0.21231822,-0.060244413,0.028221192,-0.01601161
15.96,59,59,0.20080013,0.20247015,-0.773,0.15315264,-0.21848655,-0.063648633,0.028188232,-0.0177302
15.97,59,59,0.20080013,0.20291372,0.522,0.13613568,-0.22454423,-0.066991789,0.027629736,-0.019681027
15.98,59,63,0.20760691,0.20338638,-0.125,0.20420352,-0.22986166,-0.069926414,0.026678918,-0.021623748
15.99,59,63,0.20760691,0.20385315,-0.538,0.13613568,-0.23330764,-0.071828206,0.025152526,-0.02333784
16,54,63,0.19909843,0.2042629,-0.067,-0.085084801,-0.23405968,-0.072243248,0.022788174,-0.024727537
16.01,63,68,0.22292218,0.20458652,-0.776,0,-0.2318514,-0.071024525,0.019724555,-0.025649985
16.02,59,54,0.19229165,0.20483582,-0.283,0.085084801,-0.22677405,-0.068222399,0.016217739,-0.02600233
16.03,59,63,0.20760691,0.20501431,-0.041,-0.22122048,-0.21893197,-0.063894459,0.01240569,-0.025744384
16.04,59,63,0.20760691,0.20508591,-0.283,-0.15315264,-0.20888577,-0.058350086,0.0082579175,-0.025046084
16.05,59,63,0.20760691,0.20503695,-0.487,0.15315264,-0.19801755,-0.052352058,0.0038492108,-0.024251424
16.06,54,59,0.19229165,0.20491166,-0.178,1.7763568e-15,-0.1874974,-0.046546123,-0.00035492258,-0.023450523
16.07,63,59,0.20760691,0.20475,-0.275,-0.068067841,-0.17810128,-0.041360525,-0.0041008433,-0.022730684
16.08,59,63,0.20760691,0.2045671,-0.172,0.01701696,-0.1693577,-0.036535055,-0.0072789564,-0.021907005
16.09,59,63,0.20760691,0.20433727,0.268,0.085084801,-0.16063865,-0.031723121,-0.0097607447,-0.020741933
16.1,59,59,0.20080013,0.20407236,0.038,-0.068067841,-0.15156636,-0.026716244,-0.011629936,-0.01917309
16.11,59,59,0.20080013,0.20380336,-0.314,-0.13613568,-0.14187312,-0.021366666,-0.012507862,-0.016937264
16.12,63,59,0.20760691,0.20355453,-0.401,9.7699626e-14,-0.13152263,-0.015654364,-0.012001635,-0.013828
16.13,59,59,0.20080013,0.20334789,0.181,0.068067841,-0.12119258,-0.0099533414,-0.010444189,-0.010198765
16.14,59,59,0.20080013,0.20321468,0.287,0,-0.11241032,-0.0051065246,-0.0084764246,-0.0067914746
16.15,59,63,0.20760691,0.20314513,-0.327,0,-0.10590472,-0.001516167,-0.0065051131,-0.0040106401
16.16,59,59,0.20080013,0.20310558,-0.5,0,-0.10131705,0.0010157087,-0.0046766441,-0.0018304677
16.17,63,59,0.20760691,0.203076,0.521,0,-0.098753545,0.0024304718,-0.0029503662,-0.00025994718
16.18,59,59,0.20080013,0.20305717,0.025,0,-0.098672005,0.002475473,-0.0014157742,0.00052984937
16.19,59,59,0.20080013,0.203055,-0.591,-0.068067841,-0.10088111,0.0012562968,-0.00021096024,0.00052266828
16.2,59,63,0.20760691,0.20309651,-0.241,-0.068067841,-0.10384706,-0.0003805746,0.00081237582,0.00021590061
16.21,59,59,0.20080013,0.20315307,-0.029,-0.01701696,-0.10698065,-0.0021099615,0.0016045718,-0.00025269481
16.22,59,59,0.20080013,0.20321457,0.242,0.068067841,-0.11050049,-0.0040525185,0.0022787398,-0.00088688935
16.23,59,59,0.20080013,0.20330612,-0.669,0,-0.11386616,-0.0059099865,0.0027716036,-0.0015691915
16.24,63,54,0.19909843,0.20341588,-0.557,-0.01701696,-0.11656093,-0.0073971972,0.0030706848,-0.0021632562
16.25,59,68,0.21611539,0.20350644,0.363,0.20420352,-0.11780134,-0.0080817587,0.0030141338,-0.0025338125
16.26,59,54,0.19229165,0.20358282,-0.043,0.15315264,-0.11697595,-0.0076262414,0.0025562398,-0.0025350008
16.27,59,63,0.20760691,0.2036487,0.208,-0.22122048,-0.11358985,-0.0057574936,0.0019298946,-0.0019137995
16.28,63,63,0.2144137,0.20374936,-0.285,-0.085084801,-0.1074073,-0.002345426,0.00083613063,-0.00075464769
16.29,59,59,0.20080013,0.20389305,-0.031,0.16044562,-0.099084333,0.0022479141,-0.0011634323,0.00054224086
16.301,54,59,0.19229165,0.20404777,-0.01,-0.083194028,-0.088473253,0.0081040332,-0.004411151,0.0018464411
16.31,63,59,0.20760691,0.20411764,-0.387,-0.07961151,-0.078755508,0.013467131,-0.0074461954,0.003010468
16.32,63,59,0.20760691,0.20409694,-0.05,0.085084801,-0.067131414,0.01988232,-0.010890721,0.0044957994
16.33,59,63,0.20760691,0.20398656,-0.223,0.01701696,-0.055545549,0.02627641,-0.014521752,0.0058773291
16.34,59,59,0.20080013,0.20379625,0.365,-0.068067841,-0.046111994,0.031482668,-0.018207183,0.0066377425
16.35,59,59,0.20080013,0.2035228,-0.138,0,-0.040219595,0.034734607,-0.021710002,0.0065123023
16.36,59,59,0.20080013,0.20317527,-0.436,-0.085084801,-0.037522032,0.036223357,-0.024696979,0.0057631893
16.37,63,59,0.20760691,0.20276476,0.244,-0.01701696,-0.03744717,0.036264672,-0.026959605,0.0046525338
16.38,59,63,0.20760691,0.20232312,0.165,0.13613568,-0.039640626,0.035054133,-0.028456474,0.0032988291
16.39,54,59,0.19229165,0.20192356,-0.309,-0.085084801,-0.043769431,0.032775498,-0.029538732,0.0016183828
16.4,63,59,0.20760691,0.20160491,-0.43,-0.085084801,-0.04875196,0.030025704,-0.030770833,-0.00037256445
16.41,63,59,0.20760691,0.20133739,0.242,-0.01701696,-0.054025662,0.027115216,-0.032343631,-0.0026142074
16.42,54,59,0.19229165,0.20105722,0.554,-0.23823744,-0.059545581,0.024068843,-0.034109235,-0.005020196
16.43,63,63,0.2144137,0.20070617,-0.153,-0.22122048,-0.065236188,0.02092827,-0.035645806,-0.0073587677
16.44,54,54,0.18378317,0.20027246,-0.204,0.085084801,-0.070641813,0.017944976,-0.036369023,-0.0092120237
16.45,54,59,0.19229165,0.19977928,-0.136,0.085084801,-0.075588466,0.015214981,-0.036512645,-0.010648832
16.46,59,59,0.20080013,0.19930358,0.333,-0.068067841,-0.080906918,0.012279796,-0.036415813,-0.012068009
16.47,63,59,0.20760691,0.19892843,-0.238,0.085084801,-0.087266805,0.0087698564,-0.036426498,-0.013828321
16.48,59,63,0.20760691,0.1986371,-0.652,0.085084801,-0.094541156,0.0047552356,-0.03676132,-0.016003042
16.49,54,54,0.18378317,0.19836603,0.11,-0.068067841,-0.10238001,0.00042907495,-0.037592337,-0.018581631
16.5,59,59,0.20080013,0.19807089,0.092,-0.13613568,-0.11040233,-0.003998341,-0.038659008,-0.021328674
16.51,59,59,0.20080013,0.19772142,-0.85,0.10210176,-0.11851531,-0.0084757943,-0.039314389,-0.023895091
16.52,59,59,0.20080013,0.1972942,0.002,0,-0.1261513,-0.012689999,-0.038891831,-0.025790915
16.53,59,59,0.20080013,0.19678784,-0.352,-0.3403392,-0.1327011,-0.016304747,-0.037186774,-0.02674576
16.54,59,59,0.20080013,0.19622351,0.553,-0.18718656,-0.13828276,-0.019385195,-0.034342285,-0.02686374
16.55,54,54,0.18378317,0.1956481,0.115,-0.01701696,-0.14303276,-0.022006659,-0.030729733,-0.026368196
16.56,54,54,0.18378317,0.19510614,-0.57,0,-0.1463141,-0.023817589,-0.026518037,-0.025167813
16.57,63,54,0.19909843,0.19459366,0.073,0.23823744,-0.14760929,-0.024532388,-0.021422756,-0.022977572
16.58,59,59,0.20080013,0.1941018,-0.388,0.2552544,-0.1476245,-0.02454078,-0.015290693,-0.019915736
16.59,59,59,0.20080013,0.19367589,-0.089,-0.11911872,-0.14755268,-0.024501142,-0.0078814721,-0.016191307
16.6,63,59,0.20760691,0.19339399,-0.165,-0.37437312,-0.14694856,-0.024167739,0.00072480292,-0.011721468
16.61,59,50,0.18548487,0.19330905,0.047,-0.2552544,-0.14536253,-0.023292426,0.010101819,-0.0065953034
16.62,59,50,0.18548487,0.19346989,-0.306,-0.1701696,-0.14361075,-0.022325642,0.019792989,-0.0012663264
16.63,59,45,0.17697639,0.19390108,0.048,-0.085084801,-0.14286232,-0.021912595,0.02822374,0.0031555726
16.64,63,54,0.19909843,0.19459377,-0.286,0.22122048,-0.14268797,-0.021816373,0.033857564,0.0060205951
16.65,63,50,0.19229165,0.19549827,-0.148,0.45945793,-0.1420675,-0.021473941,0.03609848,0.0073122691
16.66,63,50,0.19229165,0.19651352,-0.153,0.30630528,-0.14131844,-0.021060545,0.035418255,0.0071788552
16.67,59,59,0.20080013,0.19751108,-0.272,0.068067841,-0.14097657,-0.020871872,0.03263773,0.0058829292
16.68,63,59,0.20760691,0.19833733,-0.03,0.068067841,-0.14017204,-0.020427861,0.028487261,0.0040297
16.69,63,54,0.19909843,0.19891192,-0.223,-0.085084801,-0.13739293,-0.01889411,0.023921935,0.0025139123
16.7,63,54,0.19909843,0.19924093,-0.047,0,-0.13279899,-0.01635877,0.019705975,0.0016736026
16.71,59,54,0.19229165,0.19938834,0.054,0.1701696,-0.12713023,-0.013230255,0.016249809,0.0015097771
16.72,59,54,0.19229165,0.19945184,-0.317,0.1701696,-0.11962667,-0.0090891368,0.013477964,0.0021944136
16.73,68,59,0.21611539,0.19950334,-0.248,0.1701696,-0.10935629,-0.0034210469,0.010863496,0.0037212248
16.74,63,59,0.20760691,0.19953447,-0.055,0.1701696,-0.097299954,0.0032326902,0.0074643708,0.0053485305
16.75,63,59,0.20760691,0.19948616,0.347,1.2079227e-13,-0.084139557,0.010495744,0.0026411918,0.006568468
16.76,59,59,0.20080013,0.19931696,-0.687,-0.39139008,-0.06945738,0.018598649,-0.0034263588,0.007586145
16.77,59,59,0.20080013,0.19902425,-0.102,-0.61261057,-0.051920195,0.028277196,-0.010090611,0.0090932927
16.78,63,59,0.20760691,0.19859779,0.218,-0.47647489,-0.031680183,0.039447399,-0.015870948,0.011788225
16.79,54,50,0.17697639,0.19806553,0.628,-0.1701696,-0.010383848,0.051200572,-0.019198469,0.016001052
16.8,54,50,0.17697639,0.19747583,-0.506,-0.068067841,0.010923469,0.062959807,-0.01955664,0.021701583
16.81,54,54,0.18378317,0.19687864,-0.298,0.23823744,0.030904128,0.073986876,-0.017075062,0.028455907
16.82,59,59,0.20080013,0.19631983,0.062,0.61261057,0.04826456,0.083567875,-0.012142698,0.035712588
16.83,59,59,0.20080013,0.19591465,0.418,0.47647489,0.062200274,0.091258817,-0.0055126229,0.042873097
16.84,63,59,0.20760691,0.19573301,-0.242,0.1701696,0.072298621,0.096831965,0.0019449818,0.049388473
16.85,63,59,0.20760691,0.19579586,-0.34,-0.085084801,0.078196318,0.10008683,0.0094746827,0.054780755
16.86,59,59,0.20080013,0.19610576,0.462,-0.23823744,0.079546111,0.10083176,0.016685864,0.058758813
16.87,59,59,0.20080013,0.19664808,0.613,-0.30630528,0.076465517,0.099131621,0.023386141,0.061258881
16.88,59,54,0.19229165,0.19737644,-0.206,-0.23823744,0.070119907,0.09562956,0.029031506,0.062330533
16.89,59,54,0.19229165,0.1981791,-0.374,-0.10210176,0.061383397,0.090807993,0.033165334,0.061986663
16.9,59,54,0.19229165,0.19893419,0.67,-0.085084801,0.051162809,0.085167381,0.035095301,0.060131341
16.91,59,54,0.19229165,0.19951981,0.672,0.15315264,0.040391852,0.079223029,0.034722527,0.056972778
16.92,63,54,0.19909843,0.19989002,-0.091,0.44244097,0.029885982,0.073424974,0.032834989,0.053129982
16.93,59,50,0.18548487,0.20006094,-0.633,0.30630528,0.020077878,0.068012007,0.030358453,0.04918523
16.94,63,63,0.2144137,0.20010315,0.514,0.10210176,0.010930347,0.062963602,0.028123316,0.045543459
16.95,63,63,0.2144137,0.20012054,0.279,0.30630528,0.0022515596,0.058173891,0.026848607,0.042511249
16.96,59,59,0.20080013,0.20029282,-0.403,4.1033843e-13,-0.0064174527,0.053389575,0.026359408,0.039874492
16.97,59,59,0.20080013,0.2007539,-0.779,-0.42542401,-0.014990929,0.048657983,0.025934086,0.037296035
16.98,63,63,0.2144137,0.2014817,-0.012,-0.13613568,-0.023261511,0.044093555,0.024099837,0.034096696
16.99,59,50,0.18548487,0.20233523,0.369,0,-0.031883112,0.039335405,0.019449733,0.029392569
17,59,59,0.20080013,0.20311791,-0.462,-0.068067841,-0.040919817,0.034348164,0.01145519,0.022901677
17.01,59,59,0.20080013,0.20365642,-0.208,9.5923269e-14,-0.049902363,0.029390811,0.00065484207,0.015022827
17.02,59,59,0.20080013,0.20380829,0.119,0.20420352,-0.057962782,0.02494237,-0.011523293,0.0067095386
17.03,63,59,0.20760691,0.20352355,-0.115,0.051050881,-0.064824251,0.021155613,-0.023257116,-0.0010507511
17.04,59,54,0.19229165,0.20285965,0.032,-0.01701696,-0.07041482,0.01807025,-0.033001858,-0.0074658038
17.05,63,63,0.2144137,0.20193577,-0.107,0.068067841,-0.074211938,0.015974669,-0.039764336,-0.011894833
17.06,59,54,0.19229165,0.20090534,0.475,0.15315264,-0.075439494,0.015297197,-0.043152734,-0.013927768
17.07,63,59,0.20760691,0.19990998,0.369,2.2026825e-13,-0.074055429,0.016061045,-0.043511709,-0.013725332
17.08,63,59,0.20760691,0.19904084,-0.595,0.085084801,-0.070442094,0.018055198,-0.041443474,-0.011694138
17.09,63,59,0.20760691,0.19832941,0.227,-0.068067841,-0.064605645,0.021276259,-0.037639809,-0.0081817748
17.1,63,54,0.19909843,0.19775228,-0.224,-0.52752577,-0.05676559,0.025603085,-0.032747953,-0.0035724342
17.11,68,59,0.21611539,0.19726885,0.032,-0.44244097,-0.048415952,0.030211143,-0.027476464,0.0013673392
17.12,54,50,0.17697639,0.19681226,-0.326,-0.37437312,-0.041347855,0.034111935,-0.022339957,0.0058859891
17.13,59,50,0.18548487,0.19636369,-0.168,-0.39139008,-0.036251278,0.03692467,-0.016922378,0.010001146
17.14,59,50,0.18548487,0.19597636,0.178,-0.085084801,-0.032797362,0.038830842,-0.010906593,0.013962125
17.15,54,54,0.18378317,0.19568355,-0.379,0.37437312,-0.030861744,0.039899084,-0.0040944014,0.017902342
17.16,59,54,0.19229165,0.19552653,0.127,0.44244097,-0.030935005,0.039858653,0.0037832579,0.021820955
17.17,59,54,0.19229165,0.1955708,-0.311,0.39139008,-0.031853685,0.039351645,0.012865247,0.026108446
17.18,59,63,0.20760691,0.195846,-0.266,0.2552544,-0.032277374,0.039117817,0.022478257,0.030798037
17.19,59,63,0.20760691,0.19637554,0.093,0.1701696,-0.032201208,0.039159851,0.031865898,0.035512875
17.2,59,59,0.20080013,0.19715853,-0.125,-0.068067841,-0.032063017,0.039236118,0.040278597,0.039757357
17.21,59,59,0.20080013,0.19815699,0.328,-0.22122048,-0.031675564,0.039449948,0.047006361,0.043228154
17.22,59,59,0.20080013,0.19928675,0.237,-0.068067841,-0.030484564,0.040107246,0.051600436,0.045853841
17.23,59,54,0.19229165,0.20040332,-0.098,0.068067841,-0.029273331,0.040775709,0.053926739,0.047351224
17.24,59,59,0.20080013,0.20143896,0.229,0.051050881,-0.02913111,0.0408542,0.053653233,0.047253716
17.25,59,59,0.20080013,0.20234502,0.22,0.068067841,-0.030752808,0.039959205,0.049959528,0.044959367
17.26,63,59,0.20760691,0.2030844,-0.028,0.22122048,-0.034227867,0.038041365,0.042604623,0.040322994
17.27,63,54,0.19909843,0.20360685,-0.174,0.051050881,-0.039344048,0.03521781,0.032370651,0.03379423
17.28,59,59,0.20080013,0.20388499,-0.188,-0.085084801,-0.045840362,0.031632578,0.02066308,0.026147829
17.29,63,63,0.2144137,0.20394905,-0.157,0.085084801,-0.053011686,0.027674816,0.0090219542,0.018348385
17.3,59,54,0.19229165,0.20389463,-0.296,0.15315264,-0.060047377,0.023791909,-0.0012775468,0.011257181
17.31,59,63,0.20760691,0.20375181,-0.229,-0.068067841,-0.066871056,0.020026008,-0.0098447565,0.0050906256
17.32,59,63,0.20760691,0.20352623,-0.069,-0.051050881,-0.073467392,0.016385575,-0.016564263,-8.9343931e-05
17.33,63,59,0.20760691,0.20320389,0.296,0.01701696,-0.079670397,0.012962216,-0.021469588,-0.0042536856
17.34,59,59,0.20080013,0.20275879,-0.157,-0.13613568,-0.08469048,0.010191697,-0.024824809,-0.0073165562
17.35,59,59,0.20080013,0.20217493,-0.585,-0.13613568,-0.088213507,0.0082473838,-0.026806903,-0.0092797596
17.36,59,59,0.20080013,0.201503,0.426,0.15315264,-0.090931587,0.0067473101,-0.027943426,-0.010598058
17.37,59,59,0.20080013,0.20081344,-0.206,0.13613568,-0.093050686,0.0055778068,-0.028301197,-0.011361695
17.38,59,59,0.20080013,0.20016581,-0.378,-0.2552544,-0.093712682,0.0052124596,-0.027690234,-0.011238887
17.39,63,68,0.22292218,0.19958611,0.085,-0.3403392,-0.092195751,0.0060496343,-0.025860989,-0.0099056774
17.4,59,54,0.19229165,0.19910312,-0.162,-0.1701696,-0.089633553,0.0074636783,-0.022764273,-0.0076502973
17.41,54,54,0.18378317,0.19877145,0.107,-0.22122048,-0.08768635,0.0085383149,-0.019067405,-0.005264545
17.42,54,54,0.18378317,0.19860475,-0.351,-0.13613568,-0.086793983,0.0090308008,-0.015642857,-0.0033060283
17.43,59,59,0.20080013,0.1985658,0.192,0.1701696,-0.086754475,0.0090526044,-0.012681379,-0.0018143873
17.44,59,59,0.20080013,0.19863336,0.147,0.2552544,-0.087615134,0.0085776178,-0.010265023,-0.00084370265
17.45,59,59,0.20080013,0.19878711,0.286,0.1701696,-0.089213806,0.0076953311,-0.0083706774,-0.00033767317
17.46,54,59,0.19229165,0.19895852,-0.36,0.068067841,-0.09052538,0.0069714907,-0.0067065152,0.00013248775
17.47,59,59,0.20080013,0.19909643,-0.294,0.068067841,-0.08989971,0.0073167898,-0.0048423201,0.0012372349
17.48,59,59,0.20080013,0.19922525,-0.139,0.22122048,-0.086362433,0.0092689677,-0.0027921016,0.0032384331
17.49,63,59,0.20760691,0.19932654,0.061,0.051050881,-0.079790185,0.012896107,-0.00078614104,0.0060549828
17.5,59,59,0.20080013,0.19943154,-0.322,-0.1701696,-0.070590588,0.017973246,0.00074269877,0.0093579725
17.51,63,63,0.2144137,0.19954904,-0.358,-0.068067841,-0.059770105,0.023944932,0.0016493787,0.012797155
17.52,54,54,0.18378317,0.19965146,0.219,0,-0.049129352,0.029817426,0.0020158008,0.015916614
17.53,59,59,0.20080013,0.19969947,-0.008,9.5923269e-14,-0.040520488,0.034568548,0.0017558176,0.018162183
17.54,59,59,0.20080013,0.1996598,-0.496,-0.068067841,-0.034810572,0.037719777,0.00078522066,0.019252499
17.55,63,59,0.20760691,0.19950878,-0.46,-0.1701696,-0.032183026,0.039169886,-0.00079807622,0.019185905
17.56,59,63,0.20760691,0.19924377,0.685,-0.10210176,-0.03247661,0.039007861,-0.0025874255,0.018210218
17.57,54,54,0.18378317,0.19891397,0.534,-0.085084801,-0.036452155,0.036813808,-0.0038393536,0.016487227
17.58,54,54,0.18378317,0.19866473,-0.818,-0.30630528,-0.045358942,0.031898267,-0.0041200575,0.013889105
17.59,63,59,0.20760691,0.19858883,-0.482,0.085084801,-0.058358959,0.024723725,-0.004008807,0.010357459
17.6,54,59,0.19229165,0.19868225,0.566,0.54454273,-0.073747387,0.016231049,-0.0044236489,0.0059037001
17.61,54,59,0.19229165,0.19886312,0.609,0.068067841,-0.090426577,0.0070260189,-0.0056444484,0.00069078522
17.62,63,59,0.20760691,0.19906391,-0.116,-0.01701696,-0.10756997,-0.0024351994,-0.0072549328,-0.0048450661
17.63,63,63,0.2144137,0.19924079,-0.485,0.13613568,-0.12406918,-0.011540899,-0.0087544501,-0.010147675
17.64,54,54,0.18378317,0.19935543,0.548,-0.15315264,-0.13885879,-0.019703097,-0.0098934605,-0.014798279
17.65,63,63,0.2144137,0.19936418,0.265,-0.13613568,-0.1513954,-0.026621892,-0.010715423,-0.018668658
17.66,54,54,0.18378317,0.19925188,-0.522,0.085084801,-0.16161737,-0.032263265,-0.011235891,-0.021749578
17.67,59,59,0.20080013,0.19902175,-0.777,0,-0.16924064,-0.03647045,-0.011371343,-0.023920897
17.68,59,63,0.20760691,0.19869531,-0.242,0.01701696,-0.17383618,-0.039006671,-0.010799408,-0.024903039
17.69,63,54,0.19909843,0.19831413,-0.334,0.1701696,-0.17557745,-0.039967652,-0.0093293927,-0.024648522
17.7,63,54,0.19909843,0.19794557,-0.551,0,-0.17499817,-0.039647957,-0.0071148565,-0.023381407
17.71,59,59,0.20080013,0.19758071,-0.532,-0.15315264,-0.17241712,-0.038223509,-0.0045562281,-0.021389868
17.72,59,59,0.20080013,0.19723227,-0.016,-0.30630528,-0.16766899,-0.035603077,-0.0017542536,-0.018678665
17.73,63,59,0.20760691,0.19697195,0.039,-0.32332224,-0.16071431,-0.031764879,0.0011379618,-0.015313458
17.74,54,54,0.18378317,0.19685573,-0.605,-0.1701696,-0.1516785,-0.026778129,0.0044421819,-0.011167974
17.75,54,54,0.18378317,0.19690863,-0.267,-0.068067841,-0.1401506,-0.020416029,0.0083847592,-0.0060156348
17.76,54,54,0.18378317,0.19708194,-0.207,0.10210176,-0.12607874,-0.01264995,0.012760736,5.5392776e-05
17.77,59,59,0.20080013,0.1973249,0.292,0.3403392,-0.10989119,-0.0037162495,0.017357178,0.0068204643
17.78,59,59,0.20080013,0.19763875,0.983,0.3403392,-0.092274679,0.0060060746,0.022176014,0.014091044
17.79,59,59,0.20080013,0.19800745,0.01,0.1701696,-0.073051043,0.016615353,0.026957927,0.02178664
17.8,59,59,0.20080013,0.1984566,-0.48,0,-0.05299377,0.027684704,0.030968291,0.029326497
17.81,59,59,0.20080013,0.19901752,0.16,0.068067841,-0.035204268,0.037502502,0.034022096,0.035762299
17.82,59,59,0.20080013,0.19968678,0.497,0.13613568,-0.022352756,0.044595086,0.036262598,0.040428842
17.83,59,59,0.20080013,0.20039773,-0.394,-0.01701696,-0.014283257,0.049048539,0.037548112,0.043298325
17.84,63,59,0.20760691,0.2010944,-0.218,-0.01701696,-0.0097642649,0.051542512,0.038031591,0.044787052
17.85,63,59,0.20760691,0.20169987,-0.409,0.13613568,-0.0089501902,0.05199179,0.037457821,0.044724805
17.86,54,59,0.19229165,0.20222418,0.329,-0.1701696,-0.012232683,0.050180224,0.03513071,0.042655467
17.87,59,63,0.20760691,0.20267289,-0.14,-0.23823744,-0.017673351,0.047177589,0.03079213,0.03898486
17.88,59,63,0.20760691,0.20299289,-0.238,0.085084801,-0.022514864,0.04450562,0.024803247,0.034654433
17.89,54,54,0.18378317,0.20313113,-0.21,0.085084801,-0.025280281,0.042979422,0.018017488,0.030498455
17.9,59,63,0.20760691,0.20308879,0.038,0,-0.024956401,0.043158168,0.011537578,0.027347873
17.91,59,59,0.20080013,0.20294353,0.136,0.1701696,-0.021597176,0.045012081,0.0063126301,0.025662355
17.92,59,63,0.20760691,0.20279645,-0.055,0.23823744,-0.015462689,0.048397625,0.0029274917,0.025662559
17.93,59,63,0.20760691,0.20268275,-0.13,-0.10210176,-0.0064918696,0.053348505,0.0012316048,0.027290055
17.94,59,59,0.20080013,0.20260201,0.268,-0.23823744,0.005316428,0.059865353,0.00059728343,0.030231318
17.95,63,63,0.2144137,0.20254221,-0.085,-0.068067841,0.019187535,0.067520639,0.00038288267,0.033951761
17.96,54,54,0.18378317,0.20249596,0.163,0.068067841,0.033370463,0.075348015,0.00045020983,0.037899112
17.97,59,59,0.20080013,0.20243051,-0.369,-9.7699626e-14,0.045469783,0.082025474,0.0011428135,0.041584144
17.98,63,59,0.20760691,0.20235751,0.299,0.2552544,0.052915986,0.086134937,0.0024455832,0.04429026
17.99,63,59,0.20760691,0.20230613,-0.042,0.085084801,0.054673389,0.087104826,0.0040333774,0.045569101
18,63,59,0.20760691,0.20229448,-0.144,-0.39139008,0.051335751,0.085262826,0.005486256,0.045374541
18.01,68,59,0.21611539,0.20231918,0.466,-0.15315264,0.043819665,0.081114795,0.0065030067,0.043808901
18.02,54,50,0.17697639,0.20236215,0.686,0,0.032777974,0.075021027,0.0071064476,0.041063738
18.03,59,54,0.19229165,0.20242959,-0.262,-0.085084801,0.019383545,0.067628814,0.0074965638,0.037562689
18.04,63,59,0.20760691,0.2025455,-0.675,0.15315264,0.0051247365,0.059759561,0.0077308224,0.033745192
18.05,63,59,0.20760691,0.20272058,0.316,0.32332224,-0.0091463634,0.051883524,0.0075532904,0.029718407
18.06,63,59,0.20760691,0.20295284,0.725,0.085084801,-0.023793994,0.043799685,0.0071385202,0.025469103
18.07,59,59,0.20080013,0.20322513,-0.024,-0.068067841,-0.038204523,0.035846699,0.0065054938,0.021176097
18.08,59,59,0.20080013,0.20346127,-0.679,-0.13613568,-0.051749006,0.028371673,0.0054320315,0.016901852
18.09,63,59,0.20760691,0.20360349,0.099,-0.068067841,-0.063844694,0.021696218,0.0042921937,0.012994206
18.1,59,59,0.20080013,0.20368264,-0.837,0.22122048,-0.073747796,0.016230823,0.0028617627,0.0095462931
18.11,59,59,0.20080013,0.20374153,0.618,0.15315264,-0.080828527,0.012323059,0.00094196122,0.0066325102
18.12,59,59,0.20080013,0.20378775,0.084,-0.068067841,-0.084688318,0.01019289,-0.0012840205,0.0044544348
18.13,63,68,0.22292218,0.20381917,-0.6,0,-0.085148989,0.0099386514,-0.0036563114,0.00314117
18.14,59,59,0.20080013,0.20384249,-0.664,0,-0.082318882,0.011500552,-0.0062087946,0.0026458784
18.15,59,59,0.20080013,0.20382101,0.055,-0.15315264,-0.076532845,0.014693791,-0.0096920755,0.0025008577
18.16,59,59,0.20080013,0.20370228,0.266,-0.15315264,-0.068415191,0.01917382,-0.014183944,0.0024949377
18.17,59,59,0.20080013,0.20346459,-0.362,0,-0.058454586,0.02467095,-0.019093612,0.0027886688
18.18,63,59,0.20760691,0.20312382,0.541,-0.085084801,-0.047317676,0.030817267,-0.023596164,0.0036105518
18.19,59,59,0.20080013,0.20273064,-0.205,-0.01701696,-0.035409611,0.037389175,-0.026898451,0.0052453619
18.2,59,59,0.20080013,0.20234051,-0.347,0,-0.023356113,0.044041346,-0.028659705,0.0076908204
18.21,59,54,0.19229165,0.20194451,0.563,-0.068067841,-0.011943565,0.050339784,-0.029631187,0.010354299
18.22,59,63,0.20760691,0.20154231,0.205,0.22122048,-0.0022605581,0.055683712,-0.030517103,0.012583304
18.23,59,59,0.20080013,0.20118361,-0.676,0.13613568,0.0046441693,0.059494342,-0.031723646,0.013885348
18.24,59,59,0.20080013,0.20090734,-0.115,-0.23823744,0.008236003,0.061476629,-0.033495235,0.013990697
18.25,68,63,0.22292218,0.20070116,0.248,-0.085084801,0.0084940445,0.061619039,-0.035783693,0.012917673
18.26,54,54,0.18378317,0.20049607,0.94,0.068067841,0.0049507081,0.059663517,-0.038273808,0.010694854
18.27,59,54,0.19229165,0.20020519,-0.541,-0.22122048,-0.0024081692,0.055602247,-0.040357675,0.0076222861
18.28,63,59,0.20760691,0.19979025,-0.111,-0.22122048,-0.011868677,0.050381114,-0.041492955,0.0044440799
18.29,59,59,0.20080013,0.19923867,0.514,0.085084801,-0.021345772,0.045150827,-0.041502847,0.0018239902
18.3,59,59,0.20080013,0.19855734,-0.218,0.01701696,-0.029366412,0.040724339,-0.040388508,0.00016791546
18.31,54,54,0.18378317,0.19778664,-0.35,-0.068067841,-0.03544979,0.037367001,-0.037997003,-0.00031500084
18.32,59,59,0.20080013,0.19700337,-0.146,0,-0.039395371,0.035189486,-0.033756355,0.00071656544
18.33,59,59,0.20080013,0.19626153,-0.16,0.1701696,-0.041717136,0.033908133,-0.027470689,0.0032187223
18.34,59,59,0.20080013,0.19562705,-0.041,0.085084801,-0.042490573,0.033481283,-0.019505582,0.0069878504
18.35,59,59,0.20080013,0.19516614,-0.261,-0.1701696,-0.042005375,0.033749058,-0.010471645,0.011638706
18.36,59,59,0.20080013,0.19492992,0.119,-0.2552544,-0.041211833,0.034187003,-0.00098503853,0.016600982
18.37,59,54,0.19229165,0.19495087,0.05,-0.3403392,-0.040926406,0.034344527,0.0084562858,0.021400407
18.38,59,54,0.19229165,0.19523255,0.077,-0.2552544,-0.041106277,0.034245258,0.01713403,0.025689644
18.39,54,54,0.18378317,0.19576233,-0.177,-0.01701696,-0.041536068,0.034008063,0.023955147,0.028981605
18.4,54,54,0.18378317,0.19644813,-0.441,0.22122048,-0.042104899,0.033694132,0.028346824,0.031020478
18.41,54,59,0.19229165,0.19719087,0.047,0.32332224,-0.042376171,0.03354442,0.030553306,0.032048863
18.42,63,54,0.19909843,0.19789823,0,0.3403392,-0.042391318,0.033536061,0.031248855,0.032392458
18.43,59,63,0.20760691,0.1985317,-0.092,0.2552544,-0.041984533,0.03376056,0.031301327,0.032530944
18.44,59,59,0.20080013,0.19914564,0.443,0.10210176,-0.04039182,0.034639558,0.031196858,0.032918208
18.45,59,59,0.20080013,0.19979924,0.241,0.01701696,-0.037876266,0.03602786,0.029780311,0.032904086
18.46,59,59,0.20080013,0.20051407,0.154,0.13613568,-0.036329355,0.03688158,0.025889633,0.031385607
18.47,59,59,0.20080013,0.20123852,0.02,0.13613568,-0.037377271,0.036303249,0.01963506,0.027969155
18.48,63,59,0.20760691,0.20187117,-0.423,0,-0.041449017,0.034056105,0.011624488,0.022840296
18.49,63,63,0.2144137,0.20229499,0.244,0,-0.048008139,0.030436209,0.0024614694,0.016448839
18.5,59,59,0.20080013,0.20239019,-0.443,-0.068067841,-0.057135409,0.025398986,-0.0074362303,0.0089813781
18.51,59,59,0.20080013,0.20210195,-0.438,-0.20420352,-0.068510805,0.019121051,-0.017334478,0.00089328649
18.52,59,59,0.20080013,0.20145488,-0.265,-0.37437312,-0.080702343,0.012392699,-0.026472283,-0.0070397923
18.53,59,59,0.20080013,0.20055872,-0.148,-0.23823744,-0.092518722,0.0058713905,-0.034477231,-0.01430292
18.54,59,59,0.20080013,0.19954436,0.352,1.7763568e-15,-0.1030533,5.7492894e-05,-0.040979245,-0.020460876
18.55,54,50,0.17697639,0.19850013,-0.004,0.068067841,-0.1113063,-0.0044972299,-0.045186992,-0.024842111
18.56,59,59,0.20080013,0.19749739,-0.165,0.13613568,-0.11642171,-0.007320363,-0.046524789,-0.026922576
18.57,59,59,0.20080013,0.19659668,-0.11,0.30630528,-0.11770263,-0.0080272819,-0.044812127,-0.026419704
18.58,63,59,0.20760691,0.19582259,-0.174,-0.068067841,-0.11476072,-0.0064036839,-0.040378486,-0.023391085
18.59,63,59,0.20760691,0.19519297,0.074,-0.61261057,-0.10766284,-0.0024864508,-0.034024217,-0.018255334
18.6,59,59,0.20080013,0.1947119,-0.206,-0.37437312,-0.096967107,0.003416384,-0.026354817,-0.011469216
18.61,50,50,0.1701696,0.19440996,0.004,-0.13613568,-0.083735868,0.010718535,-0.018006208,-0.0036438368
18.62,50,50,0.1701696,0.19431204,0.008,-0.068067841,-0.069642941,0.01849624,-0.0094943956,0.0045009222
18.63,59,59,0.20080013,0.19439618,-0.321,0.30630528,-0.056613041,0.025687275,-0.0012005364,0.012243369
18.64,59,59,0.20080013,0.19463247,-0.332,0.61261057,-0.046391865,0.031328211,0.0063552987,0.018841755
18.65,59,59,0.20080013,0.19495842,-0.266,0.30630528,-0.040093335,0.034804288,0.012893601,0.023848945
18.66,59,59,0.20080013,0.19532237,0.028,-0.1701696,-0.03789324,0.036018492,0.018288484,0.027153488
18.67,59,59,0.20080013,0.19571091,0.132,-0.3403392,-0.038830539,0.035501209,0.02268267,0.029091939
18.68,59,59,0.20080013,0.19612998,0.127,-0.10210176,-0.041657784,0.033940889,0.026436868,0.030188878
18.69,54,54,0.18378317,0.19656765,0.002,0.068067841,-0.045299061,0.031931315,0.029785973,0.030858644
18.7,54,54,0.18378317,0.19705991,-0.012,0,-0.048759909,0.030021317,0.032359776,0.031190547
18.71,63,59,0.20760691,0.19763461,0.321,0.23823744,-0.051304651,0.028616907,0.033763167,0.031190037
18.72,59,59,0.20080013,0.19827406,0.035,0.32332224,-0.052402036,0.028011274,0.033833034,0.030922154
18.73,59,59,0.20080013,0.19890235,-0.029,0.085084801,-0.052423719,0.027999308,0.032439101,0.030219204
18.74,63,59,0.20760691,0.19938787,0.006,-0.085084801,-0.052252604,0.028093744,0.029443496,0.02876862
18.75,59,54,0.19229165,0.19966941,-0.105,-0.1701696,-0.052516617,0.027948038,0.025264007,0.026606023
18.76,63,59,0.20760691,0.19976333,-0.175,-0.085084801,-0.05337227,0.027475814,0.020696233,0.024086024
18.77,54,59,0.19229165,0.1997535,-0.253,0,-0.054569693,0.026814972,0.016794455,0.021804714
18.78,54,59,0.19229165,0.19974008,-0.467,0,-0.055905577,0.026077715,0.01456249,0.020320103
18.79,63,59,0.20760691,0.1997819,-0.036,0.085084801,-0.057539685,0.025175872,0.014282033,0.019728953
18.8,54,59,0.19229165,0.19984491,-0.038,0.1701696,-0.059637323,0.024018212,0.015153294,0.019585753
18.81,63,59,0.20760691,0.19987895,-0.077,0.01701696,-0.061958448,0.022737213,0.016164288,0.019450751
18.82,59,59,0.20080013,0.19989562,-0.007,0.15315264,-0.063918249,0.021655624,0.016963112,0.019309368
18.83,59,59,0.20080013,0.19991815,-0.226,-0.01701696,-0.064893397,0.021117453,0.017579976,0.019348715
18.84,59,59,0.20080013,0.19995329,0.236,-0.32332224,-0.064429988,0.021373202,0.018437899,0.019905551
18.85,63,63,0.2144137,0.20004412,0.004,-0.085084801,-0.062453357,0.022464079,0.019809805,0.021136942
18.86,54,54,0.18378317,0.20028431,-0.111,0,-0.059624772,0.024025139,0.021233605,0.022629372
18.87,59,54,0.19229165,0.20072762,-0.065,-0.068067841,-0.056964266,0.025493438,0.021734952,0.023614195
18.88,59,59,0.20080013,0.20130581,-0.041,0.10210176,-0.055576667,0.026259236,0.020312201,0.023285718
18.89,59,59,0.20080013,0.20185083,0.17,0.2552544,-0.056382741,0.025814374,0.017127717,0.021471045
18.9,59,63,0.20760691,0.20227726,-0.05,0.085084801,-0.059646506,0.024013144,0.01291116,0.018462152
18.91,59,59,0.20080013,0.2025505,-0.177,0.068067841,-0.064883369,0.021122987,0.0083252381,0.014724113
18.92,59,59,0.20080013,0.20267372,0.108,0.068067841,-0.071314267,0.017573857,0.0039468438,0.01076035
18.93,59,59,0.20080013,0.20272412,-0.107,0.068067841,-0.077764016,0.014014323,-0.00023350899,0.006890407
18.94,59,63,0.20760691,0.20276522,-0.01,0.068067841,-0.08334538,0.01093404,-0.0046956583,0.0031191909
18.95,63,59,0.20760691,0.20281956,-0.148,0,-0.08763122,0.0085687405,-0.009616623,-0.00052394128
18.96,59,63,0.20760691,0.20283079,-0.244,-0.068067841,-0.090171045,0.0071670434,-0.01504532,-0.0039391382
18.97,59,59,0.20080013,0.20271625,-0.019,9.7699626e-14,-0.090553029,0.0069562314,-0.020755792,-0.0068997802
18.98,59,59,0.20080013,0.20240509,-0.333,0.068067841,-0.088849327,0.0078964827,-0.025967711,-0.009035614
18.99,59,59,0.20080013,0.20184478,-0.125,-0.1701696,-0.085766236,0.0095980012,-0.029896228,-0.010149113
19,63,63,0.2144137,0.20110737,0.043,-0.3403392,-0.082213809,0.01155854,-0.032357244,-0.010399352
19.01,63,59,0.20760691,0.2002778,-0.25,-0.3403392,-0.078839073,0.013421013,-0.033343523,-0.009961255
19.02,54,54,0.18378317,0.1994275,-0.104,-0.085084801,-0.0760828,0.014942165,-0.032756307,-0.0089070712
19.03,54,54,0.18378317,0.19862693,-0.296,1.2256862e-13,-0.073664151,0.016276986,-0.030269025,-0.0069960195
19.04,54,54,0.18378317,0.19796714,-0.012,0.068067841,-0.070914063,0.017794725,-0.025726101,-0.0039656879
19.05,63,68,0.22292218,0.19747666,-0.025,0.39139008,-0.067428032,0.01971862,-0.019690381,1.41193e-05
19.06,54,63,0.19909843,0.19715742,0.012,0.23823744,-0.063476366,0.021899494,-0.012684529,0.004607482
19.07,54,63,0.19909843,0.19702197,-0.017,-0.39139008,-0.059271143,0.024220302,-0.0051353845,0.0095424588
19.08,63,59,0.20760691,0.19708146,0.095,-0.45945793,-0.054964899,0.026596863,0.0025405908,0.014568727
19.09,54,54,0.18378317,0.19733827,0.406,-0.051050881,-0.051010683,0.028779144,0.0099683413,0.019373743
19.1,54,54,0.18378317,0.19775942,0.241,-0.051050881,-0.047922066,0.030483712,0.016659889,0.023571801
19.11,54,59,0.19229165,0.19828739,-0.226,0.1701696,-0.046071548,0.031504989,0.022196643,0.026850816
19.12,59,59,0.20080013,0.1988581,-0.102,0.62962753,-0.045548899,0.031793433,0.026429605,0.029111519
19.13,59,59,0.20080013,0.1994403,-0.549,0.30630528,-0.046417946,0.031313816,0.029350384,0.0303321
19.14,59,63,0.20760691,0.2000199,0.001,-0.085084801,-0.048947015,0.029918056,0.030969916,0.030443986
19.15,68,63,0.22292218,0.20057285,0.002,1.7763568e-15,-0.053046492,0.027655607,0.031359308,0.029507458
19.16,54,54,0.18378317,0.20104482,-0.271,1.7763568e-15,-0.058476197,0.024659023,0.030755272,0.027707147
19.17,59,59,0.20080013,0.20141222,-0.261,-0.22122048,-0.065115594,0.020994825,0.029336685,0.025165755
19.18,59,59,0.20080013,0.20170436,-0.104,-0.051050881,-0.07247748,0.016931895,0.027406976,0.022169436
19.19,59,63,0.20760691,0.20199626,0.117,0.23823744,-0.079977324,0.012792827,0.025452804,0.019122816
19.2,59,59,0.20080013,0.20233143,0.172,0.068067841,-0.086845297,0.0090024808,0.023540011,0.016271246
19.21,59,59,0.20080013,0.20266075,-0.296,-0.068067841,-0.092120338,0.0060912535,0.021060084,0.013575669
19.22,63,59,0.20760691,0.20288413,0.378,-0.068067841,-0.095264827,0.0043558506,0.017505078,0.010930464
19.23,59,59,0.20080013,0.20292442,-0.193,0,-0.096111287,0.0038887,0.013132503,0.0085106013
19.24,59,59,0.20080013,0.20283886,-0.397,-0.068067841,-0.095329333,0.0043202504,0.0087868805,0.0065535655
19.25,59,59,0.20080013,0.20269374,-0.251,-9.7699626e-14,-0.094045701,0.0050286706,0.0051331687,0.0050809196
19.26,59,59,0.20080013,0.20259454,0.078,0.068067841,-0.093474467,0.0053439275,0.0023015872,0.0038227573
19.27,59,59,0.20080013,0.20265902,0.136,0,-0.094610924,0.0047167314,-0.00017206227,0.0022723346
19.28,63,59,0.20760691,0.20287943,-0.254,-1.7763568e-15,-0.098030096,0.0028297342,-0.0031644645,-0.00016736516
19.29,59,59,0.20080013,0.20315365,-0.053,0.13613568,-0.10353917,-0.00021065387,-0.0073168472,-0.0037637505
19.3,59,59,0.20080013,0.203344,-0.054,0.068067841,-0.11061405,-0.0041151907,-0.012482653,-0.0082989219
19.31,59,59,0.20080013,0.20335613,-0.113,-0.068067841,-0.1179489,-0.0081632001,-0.018120194,-0.013141697
19.32,63,63,0.2144137,0.20315532,-0.146,0,-0.12365997,-0.011315062,-0.023561873,-0.017438467
19.33,59,59,0.20080013,0.2027782,-0.347,0,-0.12596538,-0.012587392,-0.028013234,-0.020300313
19.34,59,59,0.20080013,0.2023092,-0.053,-0.13613568,-0.12428484,-0.011659921,-0.030982105,-0.021321013
19.35,59,59,0.20080013,0.20179171,-0.043,-0.13613568,-0.11901151,-0.008749639,-0.033105894,-0.020927766
19.36,59,59,0.20080013,0.20123564,-0.269,0.13613568,-0.11106618,-0.0043647135,-0.03470472,-0.019534717
19.37,59,59,0.20080013,0.20064557,0.243,0.051050881,-0.1011461,0.0011100526,-0.035732943,-0.017311445
19.38,59,59,0.20080013,0.20003535,-0.244,-0.01701696,-0.089898481,0.0073174678,-0.035981441,-0.014331986
19.39,63,63,0.2144137,0.19941629,-0.103,-0.01701696,-0.078129562,0.013812583,-0.035340631,-0.010764024
19.4,54,59,0.19229165,0.19879873,0.047,-0.32332224,-0.066864122,0.020029835,-0.033623909,-0.0067970373
19.41,63,59,0.20760691,0.19819336,-0.646,-0.45945793,-0.056655616,0.025663778,-0.030381956,-0.002359089
19.42,54,59,0.19229165,0.19763521,-0.043,-0.22122048,-0.047700197,0.030606159,-0.025578418,0.0025138705
19.43,50,54,0.17697639,0.19716511,-0.136,1.7763568e-15,-0.039840644,0.034943745,-0.019484414,0.0077296655
19.44,59,54,0.19229165,0.19681558,0.004,0.085084801,-0.033018805,0.03870863,-0.012447477,0.013130577
19.45,59,54,0.19229165,0.19660182,0.177,0.32332224,-0.026852803,0.042111567,-0.0047021478,0.01870471
19.46,59,63,0.20760691,0.19654441,0.089,0.32332224,-0.021496542,0.045067619,0.0034835675,0.024275593
19.47,59,59,0.20080013,0.19668452,0.277,0.1701696,-0.0178596,0.047074801,0.011609043,0.029341922
19.48,59,59,0.20080013,0.19700757,0.304,-0.15315264,-0.016494643,0.047828103,0.019233722,0.033530913
19.49,59,59,0.20080013,0.19746737,-0.233,-0.23823744,-0.017972848,0.047012301,0.026082066,0.036547184
19.5,59,59,0.20080013,0.19802749,0.211,0,-0.022357014,0.044592736,0.032049329,0.038321032
19.51,54,54,0.18378317,0.19868807,-0.158,0,-0.029221787,0.040804156,0.037077725,0.03894094
19.52,59,59,0.20080013,0.19942805,-0.04,0,-0.038178431,0.035861099,0.040817391,0.038339245
19.53,59,59,0.20080013,0.20020648,-0.448,0.1701696,-0.048278327,0.030287096,0.042865252,0.036576174
19.54,59,59,0.20080013,0.20096846,-0.136,0.30630528,-0.058091995,0.024871059,0.042938595,0.033904827
19.55,59,59,0.20080013,0.20164963,0.109,0.13613568,-0.066716751,0.020111167,0.041002557,0.030556862
19.56,59,59,0.20080013,0.20218688,-0.072,0,-0.07411038,0.016030718,0.037454917,0.026742817
19.57,63,63,0.2144137,0.20256232,-0.017,0,-0.08041207,0.012552896,0.033036044,0.02279447
19.58,59,59,0.20080013,0.20283042,0.014,0.068067841,-0.085778345,0.0095913184,0.028547832,0.019069575
19.59,59,59,0.20080013,0.20304773,-0.383,0,-0.090493967,0.0069888272,0.02438934,0.015689084
19.6,59,59,0.20080013,0.20329128,0.065,-0.15315264,-0.094226225,0.0049290416,0.0207345,0.012831771
19.61,63,59,0.20760691,0.20360098,-0.28,-0.01701696,-0.096478449,0.003686068,0.016929155,0.010307611
19.62,63,59,0.20760691,0.20390594,-0.004,0.13613568,-0.096370091,0.0037458696,0.012261799,0.0080038344
19.63,54,59,0.19229165,0.20410764,-0.214,0.068067841,-0.093345258,0.0054152362,0.0066964427,0.0060558394
19.64,63,59,0.20760691,0.20414393,-0.145,-0.068067841,-0.088127215,0.008295007,0.00055650896,0.004425758
19.65,63,59,0.20760691,0.20402029,-0.073,0.01701696,-0.081674754,0.011856037,-0.0055301943,0.0031629215
19.66,59,63,0.20760691,0.20376839,-0.322,0.01701696,-0.074839932,0.015628088,-0.011001733,0.0023131777
19.67,59,59,0.20080013,0.20343038,0.219,-0.13613568,-0.068521424,0.019115191,-0.015359863,0.0018776639
19.68,59,59,0.20080013,0.20303934,-0.329,-0.13613568,-0.063237243,0.022031463,-0.018062466,0.001984498
19.69,59,59,0.20080013,0.20262447,0.523,9.7699626e-14,-0.058962272,0.024390764,-0.018898705,0.0027460296
19.7,59,59,0.20080013,0.20224212,0.202,0.13613568,-0.055436463,0.026336613,-0.018751055,0.0037927791
19.71,59,59,0.20080013,0.20195506,-0.333,0.068067841,-0.052639283,0.027880341,-0.018539272,0.0046705341
19.72,63,59,0.20760691,0.2017617,0.376,0,-0.050692196,0.028954913,-0.018663403,0.005145755
19.73,63,59,0.20760691,0.20160718,-0.065,0,-0.049071493,0.029849358,-0.019070993,0.0053891828
19.74,59,59,0.20080013,0.20143954,-0.617,-0.23823744,-0.04717445,0.030896312,-0.019604815,0.0056457483
19.75,59,59,0.20080013,0.20122959,-0.302,-0.30630528,-0.044633392,0.032298689,-0.01994965,0.0061745194
19.76,59,59,0.20080013,0.20098709,-0.043,9.5923269e-14,-0.041465899,0.034046787,-0.01960987,0.0072184586
19.77,54,54,0.18378317,0.20073745,0.013,0.068067841,-0.037643358,0.036156399,-0.01866032,0.0087480394
19.78,59,59,0.20080013,0.20049072,-0.075,-0.01701696,-0.033261223,0.038574843,-0.017281902,0.01064647
19.79,59,63,0.20760691,0.20025966,0.274,0.1295057,-0.028461236,0.041223894,-0.015565287,0.012829303
19.801,59,59,0.20080013,0.2000508,0.102,0.13922967,-0.022584001,0.044467465,-0.01327405,0.015596707
19.81,63,54,0.19909843,0.19991366,0.09,0,-0.017478457,0.047285149,-0.011101632,0.018091759
19.82,59,59,0.20080013,0.19974742,-0.273,0.13613568,-0.012030812,0.050291634,-0.0082846471,0.021003493
19.83,59,59,0.20080013,0.19955912,-0.253,-0.01701696,-0.0072305483,0.052940838,-0.0046742889,0.024133275
19.84,59,63,0.20760691,0.19940259,-0.023,-0.32332224,-0.0035457272,0.054974443,-0.00021829502,0.027378074
19.85,63,63,0.2144137,0.19934135,0.145,-0.18718656,-0.0015802687,0.056059155,0.0047706184,0.030414887
19.86,54,54,0.18378317,0.19940317,-0.206,-0.01701696,-0.0019032994,0.055880878,0.0097131524,0.032797015
19.87,54,54,0.18378317,0.19957297,0.123,-0.13613568,-0.0044520634,0.054474248,0.014080236,0.034277242
19.88,54,63,0.19909843,0.19980873,0.133,0.03403392,-0.0092867928,0.051806023,0.017597572,0.034701797
19.89,63,59,0.20760691,0.20007736,-0.187,0.40840704,-0.016783756,0.047668545,0.020068637,0.033868591
19.9,59,59,0.20080013,0.20035692,0.09,0.1701696,-0.027112338,0.041968333,0.021512004,0.031740169
19.91,59,59,0.20080013,0.2006403,0.31,-0.13613568,-0.039845383,0.03494113,0.022385222,0.028663176
19.92,59,63,0.20760691,0.20094198,0.189,-0.068067841,-0.053941109,0.027161879,0.023206676,0.025184278
19.93,54,59,0.19229165,0.20129043,0.035,0,-0.068761484,0.018982705,0.024130507,0.021556606
19.94,59,59,0.20080013,0.2017091,-0.235,-0.068067841,-0.083889094,0.010633972,0.025046157,0.017840064
19.95,59,59,0.20080013,0.20219366,-0.221,0.15315264,-0.098103759,0.0027890805,0.025581605,0.014185343
19.96,59,59,0.20080013,0.20269739,-0.279,0.35735616,-0.11062979,-0.0041238755,0.025077962,0.010477043
19.97,59,59,0.20080013,0.20320233,-0.316,0.13613568,-0.12162875,-0.010194061,0.023090445,0.006448192
19.98,63,63,0.2144137,0.20369605,-0.019,-1.7763568e-15,-0.13140475,-0.015589308,0.019449395,0.0019300436
19.99,63,63,0.2144137,0.20412237,-0.138,0,-0.13988597,-0.020269987,0.014195373,-0.0030373073
20,59,59,0.20080013,0.20440945,-0.426,-0.13613568,-0.14712389,-0.024264501,0.0076151023,-0.0083246993
20.01,59,59,0.20080013,0.20450321,-0.171,-0.20420352,-0.15312984,-0.027579109,0.00024224968,-0.01366843
20.02,59,59,0.20080013,0.20439581,-0.229,-0.068067841,-0.15745079,-0.029963785,-0.0071586969,-0.018561241
20.03,59,59,0.20080013,0.20413949,-0.086,-1.7763568e-15,-0.15955395,-0.031124491,-0.013662074,-0.022393283
20.04,63,59,0.20760691,0.20380586,-0.239,0.068067841,-0.15893662,-0.030783796,-0.01863737,-0.024710583
20.05,59,59,0.20080013,0.20339984,0.129,0.13613568,-0.15522008,-0.028732684,-0.022331756,-0.02553222
20.06,59,59,0.20080013,0.20290211,0.162,0,-0.14817198,-0.024842925,-0.025149368,-0.024996147
20.07,59,63,0.20760691,0.20233304,-0.535,-0.068067841,-0.13783375,-0.01913739,-0.027085593,-0.023111492
20.08,63,59,0.20760691,0.20175156,-0.114,0,-0.12478546,-0.01193621,-0.027982692,-0.019959451
20.09,59,59,0.20080013,0.20122518,-0.159,-0.068067841,-0.11025691,-0.0039180897,-0.028016852,-0.015967471
20.1,59,59,0.20080013,0.20080508,0.182,-0.22122048,-0.095289407,0.0043422852,-0.027427104,-0.01154241
20.11,59,59,0.20080013,0.20050614,-0.421,-0.23823744,-0.080793235,0.012342536,-0.026267872,-0.0069626676
20.12,59,59,0.20080013,0.20028731,-0.037,-0.085084801,-0.067740469,0.01954619,-0.024708955,-0.0025813827
20.13,54,59,0.19229165,0.2000925,0.183,0,-0.056911999,0.025522284,-0.022733086,0.0013945989
20.14,54,59,0.19229165,0.1998824,0.166,0,-0.048674686,0.030068351,-0.020415061,0.004826645
20.15,59,59,0.20080013,0.1996347,-0.177,0.085084801,-0.042995247,0.03320276,-0.017903745,0.0076495078
20.16,59,59,0.20080013,0.1993569,-0.17,0.1701696,-0.039513905,0.035124068,-0.015224063,0.0099500026
20.17,59,59,0.20080013,0.19910428,-0.199,0.085084801,-0.037866236,0.036033395,-0.012108934,0.01196223
20.18,59,59,0.20080013,0.1989359,0.014,0,-0.037553932,0.036205752,-0.0083434016,0.013931175
20.19,59,59,0.20080013,0.19886199,-0.271,0,-0.037894507,0.036017793,-0.0039575598,0.016030117
20.2,59,59,0.20080013,0.19888896,0.034,0,-0.038450999,0.035710672,0.00069676643,0.018203719
20.21,59,59,0.20080013,0.19905204,0.083,0,-0.038860775,0.035484522,0.0046675536,0.020076038
20.22,59,59,0.20080013,0.19932945,0.142,-0.085084801,-0.038968108,0.035425287,0.0073581233,0.021391705
20.23,59,59,0.20080013,0.1996617,0.186,-0.1701696,-0.039381011,0.03519741,0.0086722047,0.021934808
20.24,59,59,0.20080013,0.19995612,0.113,-0.085084801,-0.041065731,0.034267635,0.0088202634,0.021543949
20.25,59,54,0.19229165,0.20014034,-0.201,0,-0.044990765,0.032101459,0.0082200666,0.020160763
20.26,59,54,0.19229165,0.20020946,-0.244,0.068067841,-0.051328157,0.028603934,0.0073422573,0.017973096
20.27,59,59,0.20080013,0.20019873,-0.145,0.15315264,-0.059525292,0.024080041,0.006576487,0.015328264
20.28,59,59,0.20080013,0.20015488,-0.091,0.1701696,-0.06831868,0.019227083,0.0060831503,0.012655116
20.29,63,59,0.20760691,0.20012824,0.045,0.089136458,-0.076409814,0.01476169,0.0059253896,0.01034354
20.301,59,59,0.20080013,0.20015916,-0.12,-1.7763568e-15,-0.08406465,0.010537085,0.006265488,0.0084012863
20.31,59,59,0.20080013,0.20023702,-0.183,-0.064485323,-0.089253708,0.0076733097,0.0070040165,0.0073386631
20.32,59,59,0.20080013,0.20038645,-0.37,-9.7699626e-14,-0.093567152,0.0052927759,0.0077426125,0.0065176942
20.33,59,59,0.20080013,0.20057086,0.036,0.13613568,-0.095999186,0.0039505671,0.008003728,0.0059771476
20.34,59,59,0.20080013,0.20078446,0.182,-0.1701696,-0.096569812,0.0036356463,0.0073966357,0.005516141
20.35,63,59,0.20760691,0.20102133,0.089,-0.23823744,-0.094652834,0.0046936014,0.0055345984,0.0051140999
20.36,63,59,0.20760691,0.2012183,-0.134,0,-0.089600357,0.0074819988,0.0026445121,0.0050632555
20.37,50,54,0.17697639,0.20130013,-0.093,0,-0.081363638,0.012027738,-0.0006498901,0.005688924
20.38,59,59,0.20080013,0.20121969,-0.105,0,-0.07056157,0.017989261,-0.0036038768,0.0071926921
20.39,59,59,0.20080013,0.20099592,-0.408,0.22122048,-0.058199854,0.024811533,-0.0056938154,0.0095588589
20.4,63,59,0.20760691,0.20071874,-0.169,0.22122048,-0.045768447,0.031672267,-0.0069935205,0.012339373
20.41,63,59,0.20760691,0.20046861,-0.007,-0.01701696,-0.034868186,0.037687981,-0.0076045694,0.015041706
20.42,54,63,0.19909843,0.20031355,-0.348,-0.10210176,-0.026609785,0.042245686,-0.0077802845,0.017232701
20.43,59,59,0.20080013,0.20027918,-0.02,-0.1701696,-0.021430823,0.045103889,-0.0078930451,0.018605422
20.44,63,54,0.19909843,0.20031957,0.198,0.068067841,-0.019275995,0.04629311,-0.0082916235,0.019000743
20.45,63,54,0.19909843,0.20036175,0.418,-0.01701696,-0.019150474,0.046362384,-0.0091362956,0.018613044
20.46,54,63,0.19909843,0.20034408,0.044,-0.085084801,-0.019835834,0.045984143,-0.010200424,0.01789186
20.47,63,63,0.2144137,0.2002281,0,0.01701696,-0.020633084,0.045544151,-0.011010861,0.017266645
20.48,54,54,0.18378317,0.20005027,0.036,-0.22122048,-0.02184128,0.044877363,-0.011530964,0.016673199
20.49,59,63,0.20760691,0.1998371,-0.145,-0.22122048,-0.023647026,0.043880795,-0.011896957,0.015991919
20.5,59,54,0.19229165,0.19961598,-0.034,0.1701696,-0.026308181,0.042412137,-0.01234361,0.015034264
20.51,54,54,0.18378317,0.19939812,0.226,0.23823744,-0.030454163,0.040124023,-0.012957649,0.013583187
20.52,59,63,0.20760691,0.19916778,-0.091,0.15315264,-0.035834632,0.037154611,-0.013332882,0.011910865
20.53,59,63,0.20760691,0.19892806,-0.062,0.15315264,-0.042149431,0.033669555,-0.012810102,0.010429727
20.54,63,59,0.20760691,0.19870993,0.078,-0.068067841,-0.048962965,0.029909254,-0.010705879,0.0096016872
20.55,59,63,0.20760691,0.19853411,-0.473,-0.22122048,-0.055997952,0.026026735,-0.0068356703,0.0095955321
20.56,54,54,0.18378317,0.19840813,-0.195,-0.30630528,-0.063193551,0.022055576,-0.0022949476,0.009880314
20.57,59,59,0.20080013,0.19836859,-0.077,-0.22122048,-0.071052233,0.01771847,0.0017542609,0.0097363656
20.58,59,54,0.19229165,0.19842835,-0.176,0.10210176,-0.07970639,0.012942352,0.0046654426,0.0088038973
20.59,59,54,0.19229165,0.19855606,-0.267,0.1701696,-0.088432882,0.008126313,0.0066100178,0.0073681654
20.6,59,59,0.20080013,0.19871355,-0.01,0.22122048,-0.096366232,0.0037479991,0.0080541582,0.0059010787
20.61,59,59,0.20080013,0.19887472,0.278,0.15315264,-0.10321846,-3.3655282e-05,0.0092006194,0.0045834821
20.62,59,59,0.20080013,0.19902612,-0.193,-0.085084801,-0.10967593,-0.0035974537,0.010146162,0.0032743542
20.63,63,63,0.2144137,0.19914853,-0.156,-0.10210176,-0.11650619,-0.0073669851,0.011112372,0.0018726937
20.64,59,50,0.18548487,0.19923878,0.229,-0.1701696,-0.12442043,-0.011734754,0.012360684,0.00031296527
20.65,63,54,0.19909843,0.1993341,-0.397,-0.15315264,-0.13359477,-0.01679795,0.014057314,-0.0013703183
20.66,63,50,0.19229165,0.19951212,-0.218,0.15315264,-0.1435819,-0.022309722,0.016145215,-0.0030822532
20.67,59,54,0.19229165,0.19980631,-0.283,0.30630528,-0.15414579,-0.028139798,0.017854117,-0.0051428405
20.68,63,59,0.20760691,0.20020048,0.273,0.32332224,-0.16460065,-0.033909698,0.01888677,-0.0075114641
20.69,63,59,0.20760691,0.20063624,-0.32,0.23823744,-0.17455432,-0.039403004,0.018660169,-0.010371418
20.7,63,59,0.20760691,0.20103626,-0.257,-0.22122048,-0.18370217,-0.044451581,0.016474235,-0.013988673
20.71,68,59,0.21611539,0.20133864,0.621,-0.37437312,-0.19172865,-0.048881296,0.01271191,-0.018084693
20.72,59,54,0.19229165,0.20152727,-0.504,-0.15315264,-0.19862593,-0.052687815,0.008156247,-0.022265784
20.73,59,50,0.18548487,0.20161845,-0.194,-0.085084801,-0.20394507,-0.05562338,0.0036030577,-0.026010161
20.74,59,54,0.19229165,0.20163834,-0.691,0,-0.20716464,-0.057400219,-0.00042111882,-0.028910669
20.75,63,59,0.20760691,0.20158548,-0.667,0.22122048,-0.20802945,-0.057877497,-0.0039130571,-0.030895277
20.76,68,54,0.20760691,0.20146275,-0.464,0.28928832,-0.20631953,-0.056933814,-0.0067491946,-0.031841504
20.77,59,59,0.20080013,0.20124738,0.397,0.15315264,-0.20101832,-0.054008145,-0.0087830776,-0.031395611
20.78,63,54,0.19909843,0.20094035,0.066,-0.068067841,-0.1920001,-0.049031104,-0.010120947,-0.029576026
20.79,63,59,0.20760691,0.20054101,-0.612,-0.085084801,-0.17957963,-0.042176406,-0.010349576,-0.026262991
20.8,63,59,0.20760691,0.20008584,-0.379,-0.15315264,-0.16419249,-0.033684439,-0.0089942877,-0.021339364
20.81,59,59,0.20080013,0.19968485,-0.238,-0.13613568,-0.14668763,-0.024023731,-0.0061193459,-0.015071538
20.82,63,54,0.19909843,0.19945049,0.208,-0.085084801,-0.12784019,-0.013622073,-0.0020259402,-0.0078240066
20.83,59,50,0.18548487,0.19940169,-0.013,-0.23823744,-0.10808767,-0.0027209143,0.002479388,-0.00012076314
20.84,63,59,0.20760691,0.19949567,0.288,-0.068067841,-0.088137121,0.00828954,0.0068508519,0.0075701959
20.85,63,54,0.19909843,0.19965198,-0.269,0.22122048,-0.068666867,0.019034923,0.010661288,0.014848106
20.86,59,50,0.18548487,0.19980383,-0.553,0.051050881,-0.050143579,0.029257688,0.013588544,0.021423116
20.87,63,59,0.20760691,0.19996982,0.52,-0.085084801,-0.033103236,0.038662034,0.015412521,0.027037278
20.88,63,54,0.19909843,0.20018686,-0.15,0.13613568,-0.018961963,0.046466421,0.016299298,0.031382859
20.89,63,54,0.19909843,0.20049707,0.108,0.051050881,-0.008836397,0.052054591,0.016691445,0.034373018
20.9,63,54,0.19909843,0.20094806,-0.023,0.068067841,-0.0033146784,0.055101956,0.016900473,0.036001214
20.91,63,54,0.19909843,0.20153796,-0.164,0.085084801,-0.0025980167,0.055497473,0.016253616,0.035875544
20.92,63,54,0.19909843,0.20219411,0.286,0.10210176,-0.0065075767,0.053339837,0.013786984,0.03356341
20.93,63,63,0.2144137,0.20280896,-0.324,0.3403392,-0.01344818,0.049509407,0.0091976553,0.029353531
20.94,59,54,0.19229165,0.2033108,0.18,0.10210176,-0.020503461,0.045615688,0.0027345106,0.024175099
20.95,68,59,0.21611539,0.20363401,-0.013,-0.22122048,-0.026145178,0.042502097,-0.0051325538,0.018684772
20.96,68,59,0.21611539,0.20370931,0.517,-0.085084801,-0.02945381,0.040676105,-0.013860965,0.01340757
20.97,59,54,0.19229165,0.20352777,-0.657,-0.01701696,-0.030615259,0.040035116,-0.023235161,0.0083999776
20.98,63,54,0.19909843,0.20309368,0.022,-0.1701696,-0.030624247,0.040030156,-0.032500482,0.003764837
20.99,63,54,0.19909843,0.20242876,0.006,0.068067841,-0.030340046,0.040187003,-0.040638754,-0.00022587536
21,63,59,0.20760691,0.20155671,-0.221,0.01701696,-0.029808373,0.040480427,-0.046713232,-0.0031164025
21.01,63,59,0.20760691,0.20051196,0.041,-0.13613568,-0.028811442,0.04103062,-0.050098125,-0.0045337524
21.02,63,59,0.20760691,0.19933991,-0.138,-0.085084801,-0.028074685,0.041437227,-0.050530391,-0.0045465821
21.03,59,50,0.18548487,0.19813667,-0.284,-0.1701696,-0.028023449,0.041465503,-0.047706195,-0.0031203458
21.04,63,54,0.19909843,0.19700308,0.389,-0.30630528,-0.028888096,0.040988315,-0.041850773,-0.00043122869
21.05,63,54,0.19909843,0.196043,-0.214,-0.22122048,-0.030063182,0.040339801,-0.033921871,0.0032089647
21.06,63,54,0.19909843,0.19537093,-0.243,0,-0.031335656,0.039637539,-0.024795649,0.0074209451
21.07,59,50,0.18548487,0.19504395,-0.13,-0.068067841,-0.03248632,0.039002502,-0.015367649,0.011817427
21.08,59,50,0.18548487,0.19504346,0.36,-0.13613568,-0.033605583,0.038384795,-0.0063238794,0.016030458
21.09,63,54,0.19909843,0.19529806,-0.066,0.15315264,-0.034852345,0.037696723,0.0019606378,0.01982868
21.1,63,50,0.19229165,0.19569723,-0.059,0.13613568,-0.035588827,0.037290268,0.0095557064,0.023422987
21.11,63,50,0.19229165,0.19616007,0.444,-0.068067841,-0.035525193,0.037325387,0.016611224,0.026968306
21.12,68,54,0.20760691,0.1966685,0.251,0.10210176,-0.03390547,0.038219291,0.023175967,0.030697629
21.13,59,45,0.17697639,0.19720648,-0.025,0.23823744,-0.030372852,0.040168898,0.029010304,0.034589601
21.14,68,50,0.20080013,0.19779077,-0.615,0.15315264,-0.025695837,0.042750082,0.034340985,0.038545534
21.15,68,50,0.20080013,0.19845281,0.195,0.30630528,-0.020730751,0.04549025,0.039190807,0.042340528
21.16,68,54,0.20760691,0.1991857,-0.369,0.37437312,-0.016168138,0.048008297,0.042706041,0.045357169
21.17,68,54,0.20760691,0.19994519,-0.26,0.13613568,-0.012273765,0.050157551,0.044138271,0.047147911
21.18,68,54,0.20760691,0.2006759,-0.085,-0.085084801,-0.008878745,0.052031219,0.043129081,0.04758015
21.19,68,54,0.20760691,0.20133768,0.123,-0.30630528,-0.005225249,0.054047537,0.039843763,0.04694565
21.2,68,54,0.20760691,0.20189668,0.395,-0.30630528,-0.0016121568,0.056041556,0.034838613,0.045440085
21.21,63,50,0.19229165,0.20230471,-0.443,-0.23823744,0.0021166841,0.058099455,0.028863013,0.043481234
21.22,63,50,0.19229165,0.20250344,0.273,-0.1701696,0.0063158489,0.06041692,0.022466747,0.041441834
21.23,63,50,0.19229165,0.20250748,-0.379,0.13613568,0.011030563,0.063018911,0.016280275,0.039649593
21.24,63,54,0.19909843,0.20238193,0.353,0.37437312,0.016323098,0.065939792,0.010923931,0.038431861
21.25,63,54,0.19909843,0.20219664,-0.299,0.23823744,0.022247527,0.069209409,0.0068086464,0.038009028
21.26,72,54,0.2144137,0.20198091,0.384,0.10210176,0.028774945,0.072811807,0.004071058,0.038441433
21.27,68,54,0.20760691,0.20175963,0.247,0.10210176,0.035993024,0.076795372,0.0028107689,0.03980307
21.28,68,50,0.20080013,0.20159111,0.01,0.01701696,0.043077178,0.080705026,0.0031079521,0.041906489
21.29,68,50,0.20080013,0.20154504,0.209,-0.22122048,0.04866571,0.083789265,0.0044837779,0.044136521
21.3,68,54,0.20760691,0.20165777,0.016,-0.15315264,0.051576524,0.085395705,0.0063682903,0.045881998
21.31,68,54,0.20760691,0.20192282,0.339,-0.01701696,0.051558982,0.085386024,0.008251517,0.046818771
21.32,63,50,0.19229165,0.2022325,-0.383,-0.10210176,0.048433788,0.08366127,0.0094024601,0.046531865
21.33,68,50,0.20080013,0.20248794,-0.411,-0.15315264,0.042092764,0.08016174,0.009563641,0.044862691
21.34,63,54,0.19909843,0.20264907,0.269,0.085084801,0.03331711,0.07531857,0.0085484803,0.041933525
21.35,63,54,0.19909843,0.2027318,0.207,0.22122048,0.023049754,0.069652148,0.0061619494,0.037907048
21.36,68,50,0.20080013,0.20274577,-0.174,0.068067841,0.012510001,0.063835393,0.002717324,0.033276359
21.37,68,54,0.20760691,0.20270576,0.063,0.01701696,0.0027114832,0.058427717,-0.0010469578,0.02869038
21.38,68,54,0.20760691,0.20265114,0.188,0.01701696,-0.0054554776,0.053920477,-0.0042963342,0.024812071
21.39,63,54,0.19909843,0.20266189,-0.357,0,-0.012141956,0.050230295,-0.0069244966,0.021652899
21.4,68,50,0.20080013,0.20277999,0.267,0,-0.01801856,0.046987073,-0.0096477962,0.018669638
21.41,68,50,0.20080013,0.20298417,-0.059,0.085084801,-0.023555039,0.043931561,-0.013379726,0.015275918
21.42,68,54,0.20760691,0.20316223,-0.13,0,-0.028850322,0.041009162,-0.018336184,0.011336489
21.43,68,54,0.20760691,0.20321416,0.072,-0.085084801,-0.034167118,0.038074891,-0.024438343,0.0068182737
21.44,68,54,0.20760691,0.20306753,0.051,-0.068067841,-0.040114381,0.034792673,-0.031284373,0.00175415
21.45,63,50,0.19229165,0.2026844,-0.139,-0.068067841,-0.046925849,0.031033511,-0.037847377,-0.0034069329
21.46,68,50,0.20080013,0.20206525,-0.151,0,-0.055245646,0.026441922,-0.04328709,-0.0084225836
21.47,68,50,0.20080013,0.20124087,-0.121,0.068067841,-0.065323468,0.020880102,-0.0471501,-0.013134999
21.48,68,54,0.20760691,0.20027424,-0.06,-0.10210176,-0.077020154,0.014424851,-0.049096751,-0.01733595
21.49,68,54,0.20760691,0.19926361,-0.077,-0.1701696,-0.089517839,0.0075275395,-0.048818928,-0.020645694
21.5,63,54,0.19909843,0.19830427,0.154,-0.068067841,-0.10178633,0.00075671575,-0.046317159,-0.022780222
21.51,63,45,0.18378317,0.19744399,-0.281,-0.068067841,-0.11291562,-0.005385394,-0.041996301,-0.023690848
21.52,68,50,0.20080013,0.19671517,-0.281,-0.13613568,-0.12177433,-0.010274404,-0.036256701,-0.023265552
21.53,68,50,0.20080013,0.19613701,0.17,-0.11911872,-0.1272942,-0.013320749,-0.029529664,-0.021425206
21.54,68,54,0.20760691,0.19571235,-0.042,-0.22122048,-0.12919088,-0.014367501,-0.022242382,-0.018304942
21.55,59,50,0.18548487,0.1954417,0.345,-0.1701696,-0.1283606,-0.01390928,-0.014693004,-0.014301142
21.56,59,50,0.18548487,0.19534588,-0.423,-0.085084801,-0.12573983,-0.012462909,-0.0071275196,-0.0097952144
21.57,59,45,0.17697639,0.195466,-0.547,-0.085084801,-0.12158569,-0.010170298,-0.0001851788,-0.0051777382
21.58,68,54,0.20760691,0.19578352,-0.317,0.28928832,-0.11591075,-0.007038367,0.0054890347,-0.00077466618
21.59,63,50,0.19229165,0.19619955,-0.193,0.45945793,-0.10839119,-0.0028884222,0.010083674,0.0035976261
21.6,63,50,0.19229165,0.19665699,-0.139,0.15315264,-0.099272456,0.0021440914,0.013726384,0.0079352377
21.61,68,54,0.20760691,0.19713277,-0.061,-1.2079227e-13,-0.089131184,0.0077409291,0.016709776,0.012225353
21.62,68,50,0.20080013,0.19761106,-0.207,0.1701696,-0.078628156,0.013537415,0.019440128,0.016488772
21.63,63,54,0.19909843,0.19806877,0.186,0,-0.067715271,0.019560096,0.022110952,0.020835524
21.64,68,50,0.20080013,0.19846002,-0.053,-0.085084801,-0.056437563,0.025784119,0.024529199,0.025156659
21.65,68,50,0.20080013,0.19876606,-0.14,0.01701696,-0.04490111,0.032150939,0.026456563,0.029303751
21.66,63,54,0.19909843,0.19902017,0.134,0.01701696,-0.032664282,0.038904287,0.027454683,0.033179485
21.67,68,50,0.20080013,0.19927217,0.255,0,-0.019783572,0.046012986,0.027248224,0.036630605
21.68,68,50,0.20080013,0.19953342,-0.145,0.01701696,-0.0071482991,0.05298623,0.025904758,0.039445494
21.69,68,50,0.20080013,0.19975369,0.102,-2.4868996e-14,0.0037615923,0.059007259,0.023648117,0.041327688
21.7,68,50,0.20080013,0.19986418,0,-0.18718656,0.011493893,0.063274616,0.020749294,0.042011955
21.71,68,50,0.20080013,0.19986787,0.056,-0.3403392,0.01504149,0.06523249,0.017871737,0.041552113
21.72,63,54,0.19909843,0.19981787,-0.061,0.051050881,0.014354382,0.064853284,0.015950935,0.040402109
21.73,63,45,0.18378317,0.1997962,-0.302,0.13613568,0.0094660112,0.062155455,0.015703732,0.038929593
21.74,63,45,0.18378317,0.19986281,0.181,-0.068067841,0.00022727745,0.057056716,0.01685674,0.036956728
21.75,77,54,0.22292218,0.20004932,0.156,0.2552544,-0.012987657,0.049763564,0.018524794,0.034144179
21.76,63,50,0.19229165,0.20034261,0.01,0.47647489,-0.02886026,0.041003678,0.01990901,0.030456344
21.77,68,50,0.20080013,0.20073085,-0.031,0.085084801,-0.045218496,0.031975778,0.020833458,0.026404618
21.78,68,54,0.20760691,0.20115456,0.164,-2.1671553e-13,-0.060083974,0.023771711,0.021249517,0.022510614
21.79,68,54,0.20760691,0.20155568,-0.771,0.068067841,-0.07302222,0.016631259,0.021187218,0.018909238
21.8,68,54,0.20760691,0.20195314,0.2,-0.23823744,-0.084287219,0.010414252,0.02045092,0.015432586
21.81,68,54,0.20760691,0.2023267,0.14,-0.22122048,-0.09376639,0.005182819,0.01901262,0.01209772
21.82,63,50,0.19229165,0.20262772,-0.014,-0.068067841,-0.1014861,0.00092240738,0.017017862,0.0089701345
21.83,63,50,0.19229165,0.20281816,-0.211,0,-0.10756578,-0.0024328852,0.014700378,0.0061337462
21.84,68,50,0.20080013,0.20289764,-0.141,0.085084801,-0.1123689,-0.0050836659,0.012109398,0.003512866
21.85,68,54,0.20760691,0.20289342,-0.03,0.23823744,-0.11603196,-0.0071052637,0.0090867152,0.00099072573
21.86,68,54,0.20760691,0.20282263,-0.663,0.22122048,-0.11858397,-0.0085136822,0.0057362772,-0.0013887025
21.87,68,50,0.20080013,0.20269526,-0.217,-0.01701696,-0.12006559,-0.0093313703,0.0024781355,-0.0034266174
21.88,68,54,0.20760691,0.20254781,-0.186,-0.23823744,-0.12020391,-0.0094077107,-0.00030081865,-0.0048542647
21.89,68,54,0.20760691,0.20243354,0.073,-0.15315264,-0.11873453,-0.0085967795,-0.002310893,-0.0054538363
21.9,63,54,0.19909843,0.20239513,0.022,-0.068067841,-0.11595381,-0.0070621346,-0.0034174637,-0.0052397991
21.91,63,50,0.19229165,0.20243068,0.192,-0.068067841,-0.11304365,-0.0054560526,-0.0037882996,-0.0046221761
21.92,68,50,0.20080013,0.20247742,-0.496,0.15315264,-0.11109313,-0.0043795844,-0.0039506644,-0.0041651244
21.93,68,50,0.20080013,0.20250401,0.051,0.068067841,-0.1104252,-0.0040109642,-0.0045184851,-0.0042647247
21.94,68,54,0.20760691,0.20253423,0.042,-0.01701696,-0.1101099,-0.0038369554,-0.0055353582,-0.0046861568
21.95,72,54,0.2144137,0.20251844,-0.062,0.13613568,-0.108832,-0.0031316964,-0.0070197865,-0.0050757414
21.96,63,45,0.18378317,0.20239545,0.126,0.068067841,-0.10555882,-0.0013252745,-0.0085986166,-0.0049619456
21.97,68,54,0.20760691,0.20215809,-0.496,-0.13613568,-0.099502124,0.0020173408,-0.009596052,-0.0037893556
21.98,68,54,0.20760691,0.20189208,-0.22,-0.051050881,-0.090373918,0.0070550804,-0.0098652028,-0.0014050612
21.99,68,54,0.20760691,0.20166543,0.119,0.01701696,-0.078599566,0.013553194,-0.0091897904,0.0021817017
22,68,50,0.20080013,0.20150753,0.081,-0.068067841,-0.065108762,0.020998596,-0.0074706774,0.0067639591
22.01,63,50,0.19229165,0.2013913,-0.309,-0.085084801,-0.051304819,0.028616814,-0.0050364209,0.011790197
22.02,68,50,0.20080013,0.20127681,0.066,-0.10210176,-0.03893569,0.035443178,-0.0023244451,0.016559366
22.03,68,54,0.20760691,0.20116307,-0.187,0.068067841,-0.028148001,0.041396764,0.00033066349,0.020863714
22.04,63,54,0.19909843,0.20109244,0.19,0.085084801,-0.018843858,0.046531602,0.0025924472,0.024562024
22.05,63,54,0.19909843,0.2011314,-0.284,0,-0.011171917,0.050765647,0.0037696389,0.027267643
22.06,68,50,0.20080013,0.20127972,0.047,-0.068067841,-0.0056599639,0.053807623,0.0036058574,0.02870674
22.07,68,50,0.20080013,0.20151528,-0.109,-0.13613568,-0.0025055607,0.055548498,0.0024029736,0.028975736
22.08,68,54,0.20760691,0.20180642,-0.459,9.7699626e-14,-0.0015181855,0.056093418,0.00060198678,0.028347702
22.09,63,50,0.19229165,0.20209512,-0.157,0.13613568,-0.0025429627,0.055527856,-0.0015805606,0.026973648
22.1,68,45,0.19229165,0.20231291,0.124,0.15315264,-0.0053304074,0.053989501,-0.0041303538,0.024929574
22.11,72,50,0.20760691,0.20242155,0.53,1.2079227e-13,-0.0091279624,0.051893679,-0.0069271652,0.022483257
22.12,72,50,0.20760691,0.20241566,0.667,0.068067841,-0.013220828,0.049634879,-0.0097765116,0.019929184
22.13,77,50,0.21611539,0.2023152,0.512,0.15315264,-0.017330708,0.04736669,-0.012336408,0.017515141
22.14,68,40,0.18378317,0.2021354,-0.147,1.7763568e-15,-0.021794399,0.044903236,-0.014336416,0.01528341
22.15,72,50,0.20760691,0.20187031,-0.311,-0.085084801,-0.027288741,0.041870979,-0.016253882,0.012808549
22.16,72,50,0.20760691,0.20154365,-0.379,0.085084801,-0.03412691,0.038097081,-0.01815804,0.0099695209
22.17,72,50,0.20760691,0.20117395,-0.158,0.10210176,-0.042176349,0.0336547,-0.019605027,0.0070248361
22.18,72,50,0.20760691,0.20080502,-0.279,-0.39139008,-0.051310751,0.02861354,-0.02053208,0.0040407304
22.19,68,50,0.20080013,0.20041838,-0.146,-0.40840704,-0.061428922,0.023029452,-0.020767546,0.001130953
22.2,68,50,0.20080013,0.19999353,-0.12,-0.1701696,-0.072810666,0.016748014,-0.020395512,-0.001823749
22.21,63,40,0.17527469,0.19954563,-0.056,-0.10210176,-0.085039043,0.0099993296,-0.019399077,-0.0046998739
22.22,72,45,0.19909843,0.19909761,0.067,-0.01701696,-0.097468404,0.0031397249,-0.017440197,-0.0071502359
22.23,72,45,0.19909843,0.19864897,-0.626,0.23823744,-0.10900316,-0.0032261595,-0.013962293,-0.0085942263
22.24,72,45,0.19909843,0.19826736,-0.037,0.23823744,-0.11826707,-0.0083387919,-0.0091272035,-0.0087329977
22.25,68,50,0.20080013,0.19801411,-0.095,1.7763568e-15,-0.1236925,-0.011333018,-0.0030924265,-0.0072127221
22.26,72,45,0.19909843,0.19797467,0.292,-1.7763568e-15,-0.12434178,-0.011691348,0.0035304782,-0.0040804349
22.27,72,45,0.19909843,0.19818299,0.142,0.068067841,-0.12026115,-0.0094393014,0.010185747,0.00037322264
22.28,72,45,0.19909843,0.19860785,0.016,9.7699626e-14,-0.11256776,-0.0051934184,0.015922848,0.0053647146
22.29,72,45,0.19909843,0.19915564,-0.431,-0.13613568,-0.10252481,0.00034915651,0.020225693,0.010287425
22.3,72,50,0.20760691,0.19974804,0.132,0.10210176,-0.091624711,0.0063647839,0.02324566,0.014805222
22.31,68,45,0.19229165,0.20033173,-0.429,0.01701696,-0.081332538,0.012044902,0.025348571,0.018696737
22.32,68,45,0.19229165,0.20087219,-0.109,-0.068067841,-0.073110964,0.016582283,0.026657845,0.021620064
22.33,77,50,0.21611539,0.20132505,-0.136,0.15315264,-0.067422563,0.019721639,0.026497483,0.023109561
22.34,68,40,0.18378317,0.20167484,0.178,0.13613568,-0.063179181,0.022063506,0.024701446,0.023382476
22.35,77,50,0.21611539,0.20192332,-0.298,-0.10210176,-0.058489247,0.024651821,0.021631647,0.023141734
22.36,72,45,0.19909843,0.20207221,0.056,0.28928832,-0.052193862,0.028126163,0.01818801,0.023157086
22.37,72,45,0.19909843,0.20213549,-0.194,0.13613568,-0.043699842,0.032813903,0.015498977,0.02415644
22.38,72,45,0.19909843,0.20218999,0.049,-0.15315264,-0.033499622,0.038443274,0.01380831,0.026125792
22.39,81,54,0.22972896,0.2022907,-0.055,0.01701696,-0.022562198,0.044479498,0.012742892,0.028611195
22.4,68,40,0.18378317,0.20241903,0.218,-0.068067841,-0.011925061,0.050349997,0.011479627,0.030914812
22.41,77,50,0.21611539,0.2025577,-0.323,-0.30630528,-0.0029365869,0.05531062,0.0096116304,0.032461125
22.42,68,40,0.18378317,0.20270614,0.458,-0.15315264,0.0032220117,0.058709471,0.0068735847,0.032791528
22.43,77,45,0.20760691,0.20283935,-0.012,0.15315264,0.0060854504,0.060289766,0.0032527081,0.031771237
22.44,72,40,0.19058995,0.20290124,-0.345,0.15315264,0.006207504,0.060357126,-0.00067215915,0.029842484
22.45,77,45,0.20760691,0.20286415,-0.26,0.23823744,0.0037444942,0.058997823,-0.0043872092,0.027305307
22.46,72,50,0.20760691,0.2027347,-0.183,-1.7763568e-15,-0.0013808083,0.056169234,-0.0075480731,0.024310581
22.47,72,50,0.20760691,0.20254101,0.302,-0.085084801,-0.0085495315,0.052212908,-0.0099507008,0.021131104
22.48,77,45,0.20760691,0.20231627,0.442,-0.1701696,-0.016495148,0.047827824,-0.011388134,0.018219845
22.49,72,40,0.19058995,0.20209373,0.188,-0.085084801,-0.023403324,0.044015291,-0.01164782,0.016183736
22.5,72,45,0.19909843,0.20192073,0.219,0.15315264,-0.028029914,0.041461935,-0.011491391,0.014985272
22.51,72,45,0.19909843,0.20179658,-0.425,0.15315264,-0.030533955,0.040079987,-0.011380241,0.014349873
22.52,77,45,0.20760691,0.20173067,0.202,0,-0.03118459,0.03972091,-0.011464258,0.014128326
22.53,81,50,0.22292218,0.20166096,0.032,0,-0.030144763,0.040294777,-0.011877316,0.014208731
22.54,72,40,0.19058995,0.2015624,-0.217,-0.085084801,-0.028043432,0.041454475,-0.012372144,0.014541166
22.55,72,45,0.19909843,0.20144187,-0.532,-0.39139008,-0.02614988,0.042499502,-0.013388243,0.014555629
22.56,72,45,0.19909843,0.20129998,0.235,-0.28928832,-0.02557719,0.042815562,-0.01544689,0.013684336
22.57,72,45,0.19909843,0.20112603,-0.696,0.1701696,-0.026977586,0.042042702,-0.018286518,0.011878092
22.58,68,45,0.19229165,0.20094963,-0.06,0.1701696,-0.030743678,0.039964244,-0.021054688,0.0094547778
22.59,68,45,0.19229165,0.20076267,-0.104,0.03403392,-0.036699805,0.036677134,-0.023555435,0.0065608496
22.6,72,54,0.2144137,0.20056978,-0.125,0.10210176,-0.044519459,0.032361567,-0.025430805,0.0034653809
22.61,68,50,0.20080013,0.20033598,0.254,0.15315264,-0.05338945,0.027466333,-0.026682912,0.00039171045
22.62,68,50,0.20080013,0.20003061,0.309,0.085084801,-0.062229568,0.022587586,-0.027098056,-0.0022552351
22.63,68,50,0.20080013,0.19963981,0.429,-0.23823744,-0.069719379,0.018454055,-0.026746835,-0.0041463901
22.64,72,45,0.19909843,0.19919818,-0.47,-0.18718656,-0.074998454,0.015540601,-0.025573597,-0.0050164976
22.65,77,50,0.21611539,0.1987664,0.411,-0.01701696,-0.076947522,0.014464936,-0.023508522,-0.0045217931
22.66,63,40,0.17527469,0.19839566,-0.023,0,-0.075235437,0.015409814,-0.020553685,-0.0025719357
22.67,72,50,0.20760691,0.19809419,-0.013,0,-0.070321331,0.018121846,-0.016816955,0.00065244533
22.68,68,45,0.19229165,0.19783773,-0.14,-1.2256862e-13,-0.063379284,0.021953072,-0.012881546,0.0045357634
22.69,72,50,0.20760691,0.19758978,-0.344,-0.15315264,-0.055054251,0.026547551,-0.0091398306,0.0087038602
22.7,72,50,0.20760691,0.19730354,-0.45,-0.1701696,-0.046047911,0.031518034,-0.0052817108,0.013118162
22.71,63,45,0.18378317,0.19700382,0.481,-0.01701696,-0.036485094,0.03679563,-0.0006390465,0.018078292
22.72,63,45,0.18378317,0.19682251,-0.558,-0.23823744,-0.026257515,0.042440099,0.0048339109,0.023637005
22.73,72,45,0.19909843,0.19683597,-0.157,0,-0.015730904,0.048249601,0.010439641,0.029344621
22.74,72,45,0.19909843,0.19705352,-0.588,0.30630528,-0.0055477886,0.053869531,0.015820148,0.03484484
22.75,68,45,0.19229165,0.19742831,0.238,0.23823744,0.0039524877,0.059112612,0.021138449,0.040125531
22.76,72,45,0.19909843,0.19793694,0.039,0.085084801,0.012659984,0.063918167,0.026035828,0.044976997
22.77,72,45,0.19909843,0.19853604,0.188,0.068067841,0.020240364,0.068101681,0.02986195,0.048981816
22.78,72,50,0.20760691,0.19916804,0.005,0.068067841,0.026179427,0.071379374,0.032289918,0.051834646
22.79,72,45,0.19909843,0.19979173,0.068,0,0.030383355,0.073699468,0.033750403,0.053724936
22.8,72,45,0.19909843,0.20038077,0.279,0,0.031705262,0.074429011,0.034375451,0.054402231
22.81,72,45,0.19909843,0.20090486,0.144,0,0.029629439,0.073283391,0.034274645,0.053779018
22.82,72,45,0.19909843,0.20135457,0.299,0,0.024103198,0.07023353,0.033537444,0.051885487
22.83,72,50,0.20760691,0.20175719,0.044,0.1701696,0.015159507,0.065297622,0.032077575,0.048687598
22.84,72,45,0.19909843,0.20212798,0.369,0.3403392,0.0035205942,0.058874255,0.029992922,0.044433589
22.85,72,45,0.19909843,0.20242359,0.012,-0.068067841,-0.010312494,0.051239952,0.026869655,0.039054803
22.86,77,50,0.21611539,0.20263647,0.248,-0.30630528,-0.026350772,0.042388632,0.022789985,0.032589308
22.87,77,50,0.21611539,0.20277194,-0.466,-0.068067841,-0.044958874,0.03211906,0.018069966,0.025094513
22.88,68,40,0.18378317,0.20286785,0.244,0.068067841,-0.06615799,0.02041954,0.013373458,0.016896499
22.89,68,45,0.19229165,0.20295988,-0.891,-0.1701696,-0.089776407,0.0073848389,0.0092244654,0.0083046522
22.9,72,45,0.19909843,0.2030324,0.178,-0.085084801,-0.1153409,-0.0067238747,0.0055353195,-0.00059427762
22.91,81,50,0.22292218,0.20306538,-0.347,0.22122048,-0.14142335,-0.021118446,0.0020727277,-0.0095228592
22.92,68,45,0.19229165,0.20308263,-0.644,0.23823744,-0.16677349,-0.035108863,-0.001327454,-0.018218159
22.93,72,45,0.19909843,0.20309076,-0.212,-0.068067841,-0.1896715,-0.047745981,-0.0048093579,-0.026277669
22.94,72,45,0.19909843,0.20304486,-0.437,-0.085084801,-0.20755892,-0.057617814,-0.0082356028,-0.032926708
22.95,77,50,0.21611539,0.20291803,0.024,0.23823744,-0.21897711,-0.06391937,-0.011269262,-0.037594316
22.96,72,45,0.19909843,0.20272648,-0.102,0.01701696,-0.22341403,-0.066368047,-0.013691725,-0.040029886
22.97,72,50,0.20760691,0.20247681,-0.165,-0.15315264,-0.22091065,-0.064986465,-0.014953503,-0.039969984
22.98,72,50,0.20760691,0.20218768,0.105,-0.085084801,-0.21189504,-0.060010866,-0.014913072,-0.037461969
22.99,68,45,0.19229165,0.20190566,-0.351,-0.085084801,-0.19721166,-0.051907299,-0.014089397,-0.032998348
23,72,50,0.20760691,0.20165801,0.405,-0.15315264,-0.17769254,-0.041134943,-0.013153896,-0.027144419
23.01,72,45,0.19909843,0.20142403,-0.153,0.01701696,-0.15488744,-0.028549104,-0.012327552,-0.020438328
23.02,72,45,0.19909843,0.20118315,-0.403,0.01701696,-0.13066597,-0.015181584,-0.011542883,-0.013362234
23.03,68,50,0.20080013,0.20093917,-0.107,-0.051050881,-0.10721417,-0.0022388381,-0.011044601,-0.0066417196
23.04,68,50,0.20080013,0.20071345,-0.643,0.03403392,-0.086249538,0.009331273,-0.010874767,-0.00077174706
23.05,68,50,0.20080013,0.20055237,-0.205,-0.068067841,-0.068706922,0.019012817,-0.010414646,0.0042990854
23.06,68,50,0.20080013,0.20049602,0.004,-0.1701696,-0.054616746,0.026789004,-0.0093348378,0.0087270832
23.07,68,50,0.20080013,0.20047343,-0.378,-0.01701696,-0.042829682,0.033294133,-0.0076830192,0.012805557
23.08,68,45,0.19229165,0.20042072,0.259,0.13613568,-0.032223053,0.039147796,-0.0054613215,0.016843237
23.09,68,45,0.19229165,0.20034314,0.124,-0.01701696,-0.022063932,0.044754484,-0.0024769212,0.021138781
23.1,72,50,0.20760691,0.20031889,0.502,0.15315264,-0.01218647,0.050205729,0.0013453975,0.025775563
23.11,72,50,0.20760691,0.20037252,-0.335,0.39139008,-0.0031956015,0.055167673,0.0053605457,0.030264109
23.12,68,45,0.19229165,0.20048398,0.345,-2.1849189e-13,0.0034721194,0.058847503,0.0089870978,0.0339173
23.13,77,50,0.21611539,0.20063863,0.12,-0.30630528,0.0076079826,0.061130032,0.011863563,0.036496798
23.14,72,50,0.20760691,0.20083231,-0.126,-2.1849189e-13,0.0092095318,0.062013907,0.014115902,0.038064904
23.15,68,45,0.19229165,0.20103581,-0.163,0.068067841,0.0085391546,0.061643934,0.015854642,0.038749288
23.16,68,45,0.19229165,0.20125331,0.187,-0.23823744,0.005971162,0.060226692,0.017120539,0.038673615
23.17,72,50,0.20760691,0.20153805,-0.329,-0.15315264,0.0019451191,0.058004771,0.017324101,0.037664436
23.18,72,50,0.20760691,0.20187317,0.211,0.15315264,-0.0034095997,0.05504957,0.016010866,0.035530218
23.19,68,45,0.19229165,0.20221562,0.196,-2.1671553e-13,-0.010173598,0.051316606,0.013367272,0.032341939
23.2,68,45,0.19229165,0.20249336,-0.469,-0.068067841,-0.018245353,0.046861909,0.0099407334,0.028401321
23.21,72,50,0.20760691,0.20264452,0.087,0.23823744,-0.02759419,0.041702406,0.0064883724,0.024095389
23.22,68,45,0.19229165,0.2026484,-0.262,0.30630528,-0.038280914,0.03580454,0.0038515896,0.019828065
23.23,77,50,0.21611539,0.20255659,0.411,0.068067841,-0.049209946,0.029772948,0.0023795807,0.016076264
23.24,72,50,0.20760691,0.2024544,0.016,-0.01701696,-0.059455523,0.024118545,0.002003314,0.01306093
23.25,72,50,0.20760691,0.20240861,-0.007,-0.01701696,-0.0685061,0.019123648,0.0024386729,0.010781161
23.26,72,45,0.19909843,0.20242939,-0.098,-0.1701696,-0.076418755,0.014756756,0.0033777094,0.0090672326
23.27,72,45,0.19909843,0.20247733,-0.573,-0.085084801,-0.083353215,0.010929716,0.0043304749,0.0076300955
23.28,72,50,0.20760691,0.20250333,-0.42,0.085084801,-0.089333107,0.0076294906,0.004922019,0.0062757548
23.29,72,45,0.19909843,0.20247083,-0.066,0.16280295,-0.094712786,0.0046605149,0.0054490202,0.0050547676
23.301,72,50,0.20760691,0.20239375,-0.46,-0.32555679,-0.10063595,0.0013915987,0.0058181156,0.0036048571
23.31,72,50,0.20760691,0.20231816,0.384,-0.37815467,-0.10542488,-0.0012513507,0.0057186256,0.0022336375
23.32,72,50,0.20760691,0.20227272,0.523,-0.085084801,-0.10991417,-0.0037289336,0.0053829061,0.00082698629
23.33,63,40,0.17527469,0.20229583,0.053,-0.085084801,-0.11222266,-0.0050029596,0.0049078707,-4.7544426e-05
23.34,72,45,0.19909843,0.20235539,0.175,0,-0.11172657,-0.0047291761,0.0042444423,-0.00024236694
23.35,72,45,0.19909843,0.20241689,-0.521,0.40840704,-0.10818614,-0.0027752559,0.0036683009,0.00044652252
23.36,72,50,0.20760691,0.20252846,-0.055,0.40840704,-0.10209603,0.00058579702,0.0033729146,0.0019793558
23.37,72,50,0.20760691,0.2027044,-0.606,-1.7763568e-15,-0.094327791,0.0048729884,0.0036726335,0.004272811
23.38,77,50,0.21611539,0.20292741,-0.085,-0.085084801,-0.085996662,0.0094708319,0.0042242387,0.0068475353
23.39,72,45,0.19909843,0.20316149,-0.099,-0.085084801,-0.078026512,0.013869455,0.0045100027,0.009189729
23.4,72,45,0.19909843,0.20335092,-0.443,-0.085084801,-0.072042735,0.017171825,0.0045015675,0.010836696
23.41,72,45,0.19909843,0.20342622,-0.103,-0.085084801,-0.068492439,0.019131187,0.0044216032,0.011776395
23.42,72,50,0.20760691,0.20342833,0.348,0.23823744,-0.067732566,0.019550552,0.0043545597,0.011952556
23.43,72,50,0.20760691,0.20341508,-0.245,0.1701696,-0.070965358,0.017766415,0.0041394995,0.010952957
23.44,72,45,0.19909843,0.20341558,0.068,-0.15315264,-0.078753742,0.013468106,0.0034821915,0.0084751489
23.45,81,50,0.22292218,0.20341722,-0.253,-0.1701696,-0.090871772,0.0067803214,0.0020241749,0.0044022482
23.46,68,45,0.19229165,0.20339204,0.401,-0.085084801,-0.10553041,-0.0013095948,-0.0003791883,-0.00084439155
23.47,72,45,0.19909843,0.20330975,-0.308,-0.23823744,-0.12074318,-0.0097053277,-0.0033909769,-0.0065481523
23.48,72,45,0.19909843,0.20312497,-0.245,1.7763568e-15,-0.1341385,-0.017098031,-0.0061197126,-0.011608872
23.49,72,45,0.19909843,0.20285533,0.153,0.085084801,-0.14396377,-0.022520471,-0.0074309083,-0.014975689
23.5,72,45,0.19909843,0.20258958,0.08,0.01701696,-0.14999062,-0.025846609,-0.0066792165,-0.016262913
23.51,77,50,0.21611539,0.20239969,0.141,0.1701696,-0.15399901,-0.028058791,-0.0039142773,-0.015986534
23.52,68,40,0.18378317,0.20231152,-0.079,0,-0.15870738,-0.030657281,-0.00044403024,-0.015550655
23.53,77,50,0.21611539,0.20230338,-0.512,-0.085084801,-0.16636927,-0.034885776,0.0029977622,-0.015944007
23.54,72,45,0.19909843,0.20236308,-0.514,0.30630528,-0.17718794,-0.040856463,0.0059565077,-0.017449978
23.55,72,45,0.19909843,0.20247818,-0.299,0.15315264,-0.18957529,-0.047692882,0.0084104118,-0.019641235
23.56,77,45,0.20760691,0.20266349,-0.135,-0.23823744,-0.20219278,-0.054656314,0.010441194,-0.02210756
23.57,81,50,0.22292218,0.20298462,-0.57,0,-0.21385511,-0.061092605,0.011602097,-0.024745254
23.58,68,45,0.19229165,0.20345263,-0.229,-0.085084801,-0.22368843,-0.066519488,0.010886558,-0.027816465
23.59,72,45,0.19909843,0.20400304,-0.675,-0.32332224,-0.23096385,-0.070534699,0.0074216547,-0.031556522
23.6,72,45,0.19909843,0.20452557,0.347,-0.1701696,-0.23535188,-0.072956392,0.00098354046,-0.035986426
23.61,72,45,0.19909843,0.2049181,-0.654,0.23823744,-0.23652682,-0.073604831,-0.0079725201,-0.040788675
23.62,77,40,0.19909843,0.20508403,-0.374,0.3403392,-0.23534646,-0.072953404,-0.018421706,-0.045687555
23.63,72,45,0.19909843,0.20492833,0.271,0.1701696,-0.23311373,-0.07172119,-0.028586805,-0.050153997
23.64,77,50,0.21611539,0.20448207,-0.004,0.1701696,-0.23101212,-0.070561338,-0.036832928,-0.053697133
23.65,77,50,0.21611539,0.20380027,0.324,0.01701696,-0.22968699,-0.069830012,-0.042551457,-0.056190734
23.66,72,45,0.19909843,0.20294742,-0.302,-0.1701696,-0.22991802,-0.069957518,-0.045548212,-0.057752865
23.67,77,50,0.21611539,0.20200592,0.232,-0.18718656,-0.23171967,-0.070951826,-0.046024658,-0.058488242
23.68,68,40,0.18378317,0.20105519,-0.724,-0.085084801,-0.23406323,-0.072245206,-0.044451549,-0.058348377
23.69,81,45,0.2144137,0.20017355,-0.645,-1.2079227e-13,-0.23611109,-0.073375395,-0.041434427,-0.057404911
23.7,72,45,0.19909843,0.19944856,-0.961,-0.085084801,-0.23775704,-0.07428377,-0.037780078,-0.056031924
23.71,77,45,0.20760691,0.19885929,-0.031,-0.30630528,-0.23856924,-0.074732013,-0.034314887,-0.05452345
23.72,77,45,0.20760691,0.19835633,0.347,-0.45945793,-0.23818138,-0.074517957,-0.030919338,-0.052718648
23.73,68,40,0.18378317,0.19783479,-0.025,-0.32332224,-0.23628181,-0.073469611,-0.026874859,-0.050172235
23.74,68,40,0.18378317,0.19726996,-0.089,-0.3403392,-0.23221315,-0.071224172,-0.021753522,-0.046488847
23.75,68,40,0.18378317,0.19673934,-0.749,-0.10210176,-0.22593102,-0.06775714,-0.015089564,-0.041423352
23.76,72,40,0.19058995,0.19637513,-0.049,0.45945793,-0.21747966,-0.063092947,-0.006500197,-0.034796572
23.77,72,40,0.19058995,0.19627451,-0.126,0.56155969,-0.20617157,-0.056852154,0.0034003393,-0.026725907
23.78,72,40,0.19058995,0.19647267,-0.475,0.27227136,-0.19118218,-0.048579704,0.013952093,-0.017313806
23.79,77,54,0.22292218,0.19696011,-0.28,0.27227136,-0.17196062,-0.037971572,0.024505741,-0.0067329157
23.8,68,50,0.20080013,0.19769274,-0.378,0.27227136,-0.14952385,-0.025589008,0.034245004,0.0043279977
23.81,68,50,0.20080013,0.19860375,-0.673,-0.11911872,-0.12529694,-0.012218486,0.042148828,0.014965171
23.82,72,50,0.20760691,0.19961331,0.285,-0.22122048,-0.10009299,0.001691248,0.047461236,0.024576242
23.83,68,50,0.20080013,0.20065588,-0.163,-0.1701696,-0.073855166,0.016171567,0.05015384,0.033162704
23.84,68,50,0.20080013,0.20168516,0.43,-0.23823744,-0.048262881,0.030295621,0.05019663,0.040246125
23.85,68,50,0.20080013,0.20265176,0.238,-0.068067841,-0.025121495,0.043067054,0.047153225,0.04511014
23.86,63,45,0.18378317,0.20348028,0.432,0.30630528,-0.0053553156,0.053975755,0.041079328,0.047527541
23.87,68,50,0.20080013,0.20405135,0.28,0.30630528,0.010749661,0.062863884,0.032282354,0.047573119
23.88,68,50,0.20080013,0.20432408,-0.676,0.1701696,0.024228772,0.070302832,0.021909431,0.046106132
23.89,77,59,0.23143066,0.20435131,0.038,0.23823744,0.035944977,0.076768856,0.010920707,0.043844781
23.9,68,50,0.20080013,0.20422702,0.069,-0.01701696,0.045834257,0.082226622,0.00052057879,0.0413736
23.91,68,50,0.20080013,0.20404255,-0.579,-0.32332224,0.052410935,0.085856206,-0.0082572188,0.038799494
23.92,68,54,0.20760691,0.2038316,0.235,-0.1701696,0.053887386,0.086671041,-0.015117904,0.035776569
23.93,63,50,0.19229165,0.20358843,0.402,0.13613568,0.049307215,0.084143303,-0.020166586,0.031988358
23.94,72,50,0.20760691,0.20327561,-0.151,-0.01701696,0.039171828,0.078549713,-0.023587522,0.027481096
23.95,72,50,0.20760691,0.20285361,0.517,-0.01701696,0.025172752,0.070823803,-0.025597073,0.022613365
23.96,72,50,0.20760691,0.20230153,0.227,0.068067841,0.0098633184,0.062374723,-0.026633441,0.017870641
23.97,72,45,0.19909843,0.20166207,-0.388,-0.068067841,-0.0044380818,0.054481964,-0.02734273,0.013569617
23.98,72,45,0.19909843,0.20101558,0.014,-0.30630528,-0.016552916,0.047795943,-0.027648735,0.010073604
23.99,72,50,0.20760691,0.20039963,-0.467,-0.23823744,-0.025556466,0.042827,-0.027448883,0.0076890583
24,68,50,0.20080013,0.19981409,0.406,0,-0.031250559,0.039684503,-0.026256682,0.0067139102
24.01,63,45,0.18378317,0.19927033,0.335,0,-0.034258211,0.038024618,-0.023226167,0.0073992255
24.02,72,45,0.19909843,0.19884607,-0.277,-0.1701696,-0.036315957,0.036888974,-0.018356338,0.0092663183
24.03,72,45,0.19909843,0.19861978,-0.864,-0.01701696,-0.039812025,0.03495954,-0.012212207,0.011373666
24.04,72,50,0.20760691,0.1985893,0.18,0.15315264,-0.046130276,0.031472578,-0.0054404007,0.013016089
24.05,68,40,0.18378317,0.19867446,0.031,0.01701696,-0.055626012,0.026232003,0.0011793314,0.013705667
24.06,72,45,0.19909843,0.19880598,0.045,-0.051050881,-0.068590398,0.019077125,0.0073132235,0.013195174
24.07,72,45,0.19909843,0.1989689,0.265,0.1701696,-0.084258758,0.010429958,0.013091499,0.011760729
24.08,68,50,0.20080013,0.19922421,-0.583,0.32332224,-0.10046636,0.0014851887,0.018966767,0.010225978
24.09,68,50,0.20080013,0.19961054,-0.53,0.1701696,-0.1154163,-0.0067654868,0.02457681,0.0089056615
24.1,72,50,0.20760691,0.20012764,0.242,-0.085084801,-0.12845042,-0.013958854,0.029296888,0.007669017
24.11,72,50,0.20760691,0.20073831,0.152,-0.18718656,-0.13963764,-0.020132934,0.032707204,0.0062871349
24.12,77,45,0.20760691,0.20137436,0.16,-0.10210176,-0.14829636,-0.024911572,0.034289879,0.0046891534
24.13,68,40,0.18378317,0.20198418,-0.204,-0.085084801,-0.1543038,-0.028227,0.033962633,0.0028678163
24.14,72,45,0.19909843,0.20252318,0.107,0.15315264,-0.15825729,-0.030408878,0.032087407,0.00083926451
24.15,72,45,0.19909843,0.20297153,0.226,0.23823744,-0.1606084,-0.031706426,0.029056548,-0.0013249391
24.16,72,50,0.20760691,0.2033087,-0.577,0.01701696,-0.16179524,-0.032361432,0.025247105,-0.0035571633
24.17,81,50,0.22292218,0.20352578,-0.672,0.01701696,-0.16250731,-0.032754411,0.021302217,-0.0057260969
24.18,68,45,0.19229165,0.20369182,-0.357,0.085084801,-0.16303183,-0.033043887,0.017458688,-0.0077925994
24.19,68,45,0.19229165,0.20386854,-0.347,-0.15315264,-0.16378646,-0.033460358,0.013323715,-0.010068321
24.2,72,50,0.20760691,0.20403996,-0.144,1.7763568e-15,-0.16487129,-0.034059061,0.0085066863,-0.012776188
24.21,72,50,0.20760691,0.20418318,-0.457,0.30630528,-0.16603312,-0.034700264,0.0032079787,-0.015746142
24.22,72,50,0.20760691,0.20428679,0.056,0.068067841,-0.16724398,-0.03536852,-0.0020979883,-0.018733254
24.23,72,50,0.20760691,0.20438207,0.4,-0.1701696,-0.1677668,-0.035657057,-0.0074980584,-0.021577558
24.24,72,50,0.20760691,0.20445771,-0.694,-0.085084801,-0.16665746,-0.035044826,-0.013727099,-0.024385962
24.25,72,45,0.19909843,0.20448548,-0.133,-0.068067841,-0.16398463,-0.033569723,-0.02128718,-0.027428451
24.26,72,45,0.19909843,0.20441023,0.133,-0.15315264,-0.16088922,-0.031861409,-0.030237191,-0.0310493
24.27,72,50,0.20760691,0.20414486,0.308,0,-0.15781885,-0.030166913,-0.03993449,-0.035050702
24.28,68,50,0.20080013,0.20364228,-0.818,0.10210176,-0.15439381,-0.028276677,-0.049445967,-0.038861322
24.29,72,45,0.19909843,0.20294719,0.084,-0.041105904,-0.15023801,-0.02598314,-0.058035012,-0.042009076
24.301,72,50,0.20760691,0.20204974,0.34,0.13149469,-0.14491426,-0.023045036,-0.065785084,-0.04441506
24.31,68,50,0.20080013,0.20123498,0.114,0.11464057,-0.14087477,-0.020815692,-0.070396374,-0.045606033
24.32,68,50,0.20080013,0.20021809,-0.608,-0.30630528,-0.13762708,-0.019023335,-0.073732514,-0.046377924
24.33,77,50,0.21611539,0.19909049,-0.102,-0.2552544,-0.13537781,-0.017781992,-0.075260641,-0.046521316
24.34,68,45,0.19229165,0.19787681,-0.49,-0.03403392,-0.13414559,-0.017101945,-0.074828083,-0.045965014
24.35,63,45,0.18378317,0.19662978,-0.145,-0.10210176,-0.13368384,-0.01684711,-0.071892038,-0.044369574
24.36,72,45,0.19909843,0.19544642,-0.165,-0.1701696,-0.13267006,-0.01628762,-0.066099604,-0.041193612
24.37,72,45,0.19909843,0.19437505,-0.201,-0.085084801,-0.12886742,-0.01418899,-0.058059327,-0.036124159
24.38,72,50,0.20760691,0.19342901,-0.043,-0.15315264,-0.12092985,-0.0098083453,-0.048563269,-0.029185807
24.39,63,45,0.18378317,0.19262836,0.275,-0.30630528,-0.10873497,-0.0030781503,-0.037922424,-0.020500287
24.4,63,45,0.18378317,0.19199993,-0.515,-0.22122048,-0.092941667,0.0056379725,-0.026296412,-0.01032922
24.41,63,45,0.18378317,0.1915605,-0.346,0.085084801,-0.074968451,0.01555716,-0.01358869,0.00098423477
24.42,63,45,0.18378317,0.19136027,-0.005,0.15315264,-0.056038372,0.026004427,3.0763591e-05,0.013017595
24.43,68,50,0.20080013,0.19145299,0.163,0,-0.037793698,0.036073428,0.014045672,0.02505955
24.44,72,45,0.19909843,0.19185811,-0.171,0.1701696,-0.022679397,0.044414817,0.027597248,0.036006033
24.45,63,45,0.18378317,0.19255997,-0.317,0.1701696,-0.012043244,0.050284773,0.039840215,0.045062494
24.46,63,45,0.18378317,0.19351729,0.251,-0.068067841,-0.006181606,0.053519736,0.050225188,0.051872462
24.47,68,50,0.20080013,0.19465408,0.458,0.085084801,-0.005822475,0.053717935,0.058335069,0.056026502
24.48,68,50,0.20080013,0.19590971,-0.17,0.39139008,-0.011864846,0.050383228,0.063562834,0.056973031
24.49,68,45,0.19229165,0.19722201,-0.005,0.23823744,-0.024186428,0.043583106,0.065564654,0.05457388
24.5,72,45,0.19909843,0.1985007,0.231,-0.01701696,-0.042009671,0.033746687,0.064499589,0.049123138
24.51,72,50,0.20760691,0.19969112,-0.084,0.051050881,-0.06413622,0.021535329,0.060658464,0.041096897
24.52,68,50,0.20080013,0.20076204,0.17,0.15315264,-0.08811358,0.0083025319,0.054643233,0.031472882
24.53,72,45,0.19909843,0.20163838,-0.582,1.2256862e-13,-0.11131647,-0.0045028451,0.046713716,0.021105435
24.54,72,45,0.19909843,0.20222665,0.48,0.068067841,-0.13275582,-0.016334949,0.037220805,0.010442928
24.55,77,45,0.20760691,0.20248881,0.267,0.1701696,-0.15288098,-0.027441764,0.027224981,-0.00010839183
24.56,77,40,0.19909843,0.20248593,-0.351,0.03403392,-0.17166383,-0.03780778,0.01771786,-0.01004496
24.57,77,50,0.21611539,0.20229657,-0.808,-0.068067841,-0.18839207,-0.047039881,0.0097402723,-0.018649804
24.58,68,50,0.20080013,0.20196586,-0.002,-0.085084801,-0.20223623,-0.054680291,0.0037126274,-0.025483832
24.59,68,50,0.20080013,0.20156485,-0.468,-0.1701696,-0.21244052,-0.06031191,-0.00085258495,-0.030582248
24.6,72,45,0.19909843,0.20113901,-0.771,-0.10210176,-0.21818564,-0.063482565,-0.0044817775,-0.033982171
24.61,72,45,0.19909843,0.20073454,-0.018,-0.03403392,-0.21864821,-0.063737851,-0.0075706119,-0.035654231
24.62,72,45,0.19909843,0.20040357,-0.778,-0.18718656,-0.21337778,-0.060829169,-0.0099832203,-0.035406195
24.63,77,45,0.20760691,0.20014645,-0.435,0,-0.20315906,-0.055189588,-0.011273757,-0.033231672
24.64,72,40,0.19058995,0.19992672,0.399,1.2079227e-13,-0.18869087,-0.047204782,-0.011475978,-0.02934038
24.65,72,40,0.19058995,0.19966837,-0.091,-0.1701696,-0.17040617,-0.037113689,-0.010181536,-0.023647613
24.66,72,50,0.20760691,0.19939649,-0.298,0,-0.14872618,-0.025148784,-0.0071397193,-0.016144252
24.67,72,40,0.19058995,0.19918036,-0.418,0.1701696,-0.12393634,-0.011467588,-0.0026082278,-0.0070379078
24.68,72,45,0.19909843,0.19908141,0.698,0.15315264,-0.096590852,0.0036240346,0.0026100489,0.0031170418
24.69,72,45,0.19909843,0.19916467,0.153,0.085084801,-0.067202213,0.019843247,0.0075834358,0.013713341
24.7,72,45,0.19909843,0.19943451,0.294,0.10210176,-0.03636479,0.036862024,0.011986482,0.024424253
24.71,81,45,0.2144137,0.19984629,-0.347,0.2552544,-0.0061821163,0.053519454,0.015564417,0.034541936
24.72,68,45,0.19229165,0.20035382,-0.418,0.01701696,0.021567877,0.068834319,0.017735876,0.043285097
24.73,77,45,0.20760691,0.20089406,-0.329,-0.28928832,0.045143563,0.081845437,0.018040192,0.049942815
24.74,77,50,0.21611539,0.20139271,0.385,-0.13613568,0.062956419,0.091676123,0.016577486,0.054126805
24.75,63,45,0.18378317,0.20178985,0.63,-0.15315264,0.073601267,0.097550878,0.013605116,0.055577997
24.76,68,50,0.20080013,0.20203117,0.287,-0.15315264,0.07649169,0.099146065,0.010119517,0.054632791
24.77,68,45,0.19229165,0.20208078,-0.448,0.085084801,0.073049806,0.097246534,0.0070152683,0.052130901
24.78,68,45,0.19229165,0.20196123,-0.006,0.37437312,0.065285304,0.092961405,0.0046848187,0.048823112
24.79,77,50,0.21611539,0.20172927,0.096,0.37437312,0.054607042,0.087068209,0.0032474038,0.045157807
24.8,68,45,0.19229165,0.20144583,-0.177,0.1701696,0.041931233,0.080072593,0.002846604,0.041459599
24.81,81,54,0.22972896,0.20118593,-0.005,-0.085084801,0.028811084,0.072831752,0.0035576708,0.038194711
24.82,68,50,0.20080013,0.20104379,0.045,-0.2552544,0.015848258,0.065677735,0.0051239408,0.035400838
24.83,68,50,0.20080013,0.20103662,0.348,-0.30630528,0.0033274781,0.058767677,0.0070069005,0.032887289
24.84,72,45,0.19909843,0.20116355,0.034,-0.15315264,-0.0086872886,0.052136882,0.0085454736,0.030341178
24.85,63,45,0.18378317,0.20140706,0.236,-0.01701696,-0.02115325,0.045257078,0.0094773815,0.02736723
24.86,72,50,0.20760691,0.20168667,0.308,-0.15315264,-0.034458741,0.037913948,0.0096823719,0.02379816
24.87,72,50,0.20760691,0.20192699,-0.462,0.1701696,-0.048125211,0.030371599,0.0092534525,0.019812526
24.88,68,45,0.19229165,0.20208789,-0.323,0.085084801,-0.061775806,0.022838011,0.0082333879,0.015535699
24.89,68,45,0.19229165,0.20216224,0.115,-0.085084801,-0.075609079,0.015203605,0.0067507919,0.010977199
24.9,77,45,0.20760691,0.20217512,-0.724,0.28928832,-0.089250988,0.0076748113,0.0052435608,0.006459186
24.91,68,45,0.19229165,0.20214041,0.426,0.30630528,-0.10089452,0.0012488959,0.0040882051,0.0026685505
24.92,72,54,0.2144137,0.202145,-0.661,0.01701696,-0.10933691,-0.0034103526,0.0034921408,4.0894093e-05
24.93,72,54,0.2144137,0.20225446,0.107,0.085084801,-0.11413491,-0.0060583044,0.0037721154,-0.0011430945
24.94,68,50,0.20080013,0.20246406,-0.25,0.085084801,-0.11537549,-0.0067429659,0.0043796101,-0.0011816779
24.95,68,50,0.20080013,0.20271437,0.34,-0.28928832,-0.1141639,-0.0060743033,0.0049618701,-0.00055621657
24.96,72,50,0.20760691,0.2029234,-0.022,-0.15315264,-0.11085325,-0.0042471996,0.0050139255,0.00038336294
24.97,72,50,0.20760691,0.20299435,-0.254,-0.01701696,-0.10506247,-0.0010513453,0.0044500854,0.00169937
24.98,68,45,0.19229165,0.20289673,-0.211,-0.1701696,-0.096301625,0.0037836552,0.0036287855,0.0037062203
24.99,72,50,0.20760691,0.20264048,-0.245,-0.085084801,-0.085114717,0.0099575661,0.0028478401,0.0064027031
25,68,45,0.19229165,0.20232344,0.123,0.15315264,-0.072774194,0.016768142,0.0028349594,0.0098015506
25.01,72,45,0.19909843,0.20200254,-0.502,0.068067841,-0.060274686,0.02366646,0.0041666237,0.013916542
25.02,72,50,0.20760691,0.20175003,0.28,-0.01701696,-0.048628022,0.030094104,0.0068057599,0.018449932
25.03,72,50,0.20760691,0.20161455,-0.315,0.068067841,-0.038256544,0.035817989,0.010433797,0.023125893
25.04,77,40,0.19909843,0.20160611,-0.011,0.068067841,-0.029708924,0.040535311,0.014593274,0.027564292
25.05,72,45,0.19909843,0.20176034,0.353,-0.1701696,-0.023111712,0.044176228,0.019237643,0.031706935
25.06,72,45,0.19909843,0.20209371,-0.037,-0.085084801,-0.018311651,0.04682532,0.024336731,0.035581025
25.07,81,45,0.2144137,0.20255339,0.202,0.085084801,-0.015224995,0.048528805,0.029607594,0.039068199
25.08,68,40,0.18378317,0.20310332,-0.277,0.085084801,-0.014032387,0.049186991,0.034320228,0.041753609
25.09,81,45,0.2144137,0.20372061,0.211,0,-0.015020427,0.048641704,0.037807535,0.043224619
25.1,68,45,0.19229165,0.20435906,0.055,0.1701696,-0.019589024,0.046120354,0.039547403,0.042833878
25.11,81,45,0.2144137,0.20501555,-0.378,0.2552544,-0.027853711,0.041559179,0.039470418,0.040514799
25.12,72,45,0.19909843,0.20570714,0.141,0.085084801,-0.039482788,0.035141241,0.037520698,0.036330969
25.13,77,50,0.21611539,0.20643729,0.297,0,-0.053928671,0.027168744,0.033152347,0.030160545
25.14,77,45,0.20760691,0.2071757,-0.65,0.085084801,-0.070087809,0.018250723,0.026072818,0.02216177
25.15,77,45,0.20760691,0.20785426,0.406,0.068067841,-0.087199217,0.0088071569,0.016807184,0.01280717
25.16,72,45,0.19909843,0.20841528,-0.555,-0.1701696,-0.10452269,-0.0007534439,0.0058671647,0.0025568604
25.17,81,50,0.22292218,0.20876806,-0.074,0,-0.12108567,-0.009894343,-0.0061627427,-0.0080285429
25.18,72,45,0.19909843,0.20888535,-0.184,0.085084801,-0.13568833,-0.017953363,-0.018938229,-0.018445796
25.19,72,50,0.20760691,0.20874355,0.184,-0.068067841,-0.14718722,-0.024299453,-0.032492507,-0.02839598
25.2,77,45,0.20760691,0.20832853,-0.03,0.085084801,-0.15471289,-0.028452774,-0.046565646,-0.03750921
25.21,72,50,0.20760691,0.20762742,-0.237,0.1701696,-0.15728888,-0.029874425,-0.060142461,-0.045008443
25.22,72,50,0.20760691,0.20663987,0.306,-0.13613568,-0.15451128,-0.028341507,-0.071979652,-0.050160579
25.23,77,54,0.22292218,0.20540873,-0.842,-0.068067841,-0.14652753,-0.023935378,-0.081439134,-0.052687256
25.24,68,50,0.20080013,0.20400665,-0.069,-0.085084801,-0.13459135,-0.01734795,-0.088308665,-0.052828307
25.25,68,50,0.20080013,0.20251513,-0.511,-0.32332224,-0.12012087,-0.0093618781,-0.092487302,-0.05092459
25.26,72,50,0.20760691,0.20100354,-0.233,-0.40840704,-0.10454926,-0.0007681066,-0.09375936,-0.047263733
25.27,72,45,0.19909843,0.19947508,-0.521,-0.3403392,-0.088503254,0.0080874761,-0.092155687,-0.042034105
25.28,72,45,0.19909843,0.19796037,0.275,-0.1701696,-0.07183934,0.017284076,-0.087507212,-0.035111568
25.29,63,45,0.18378317,0.1964993,-0.328,-0.15315264,-0.054519739,0.026842541,-0.080100818,-0.026629138
25.3,63,45,0.18378317,0.19516442,1.045,-0.068067841,-0.036365434,0.036861669,-0.070235928,-0.01668713
25.31,72,50,0.20760691,0.19402267,-0.534,0.085084801,-0.017732037,0.047145201,-0.058382547,-0.0056186727
25.32,63,45,0.18378317,0.19313932,0.402,1.7763568e-15,0.0013003929,0.057648955,-0.04471957,0.0064646923
25.33,72,50,0.20760691,0.19255812,-0.21,-0.23823744,0.020034787,0.067988226,-0.029597927,0.01919515
25.34,68,40,0.18378317,0.1923141,0.202,-0.085084801,0.037844273,0.077817053,-0.01375798,0.032029536
25.35,63,45,0.18378317,0.19241834,-0.323,0.15315264,0.054352634,0.086927805,0.0019168238,0.044422314
25.36,63,45,0.18378317,0.19287314,0.444,0.085084801,0.06951837,0.09529758,0.016905239,0.056101409
25.37,72,45,0.19909843,0.19361211,-0.066,0.1701696,0.082302811,0.10235315,0.030566519,0.066459834
25.38,72,50,0.20760691,0.19458656,0.493,0.1701696,0.092285904,0.10786269,0.04191574,0.074889214
25.39,68,45,0.19229165,0.19570004,0.077,0.085084801,0.098561185,0.11132594,0.050417749,0.080871843
25.4,68,45,0.19229165,0.19683387,0.201,0,0.10072719,0.11252133,0.056009642,0.084265484
25.41,68,45,0.19229165,0.19790586,-0.408,0.15315264,0.098782846,0.11144827,0.059005232,0.08522675
25.42,72,45,0.19909843,0.19890538,-0.013,0.23823744,0.093614976,0.10859619,0.059841361,0.084218774
25.43,72,50,0.20760691,0.19981359,-0.091,0.1701696,0.086295801,0.10455683,0.058658275,0.081607552
25.44,72,50,0.20760691,0.20060387,0.062,0.085084801,0.078210331,0.10009456,0.055851766,0.077973164
25.45,68,50,0.20080013,0.20127497,0.424,0,0.070429307,0.095800314,0.052114523,0.073957419
25.46,68,50,0.20080013,0.20184624,0.145,0,0.062580527,0.091468674,0.047851047,0.06965986
25.47,72,45,0.19909843,0.20236199,0.063,-0.01701696,0.05444898,0.086980977,0.042777671,0.064879324
25.48,72,50,0.20760691,0.20280211,-0.077,-0.03403392,0.045442091,0.082010191,0.036480605,0.059245398
25.49,72,50,0.20760691,0.20313044,0.213,-0.01701696,0.034882331,0.076182395,0.028980461,0.052581428
25.5,72,45,0.19909843,0.20334078,-0.28,0.085084801,0.022090438,0.069122714,0.021023575,0.045073144
25.51,77,40,0.19909843,0.2034159,0.327,-0.15315264,0.0069050662,0.060742102,0.013450007,0.037096055
25.52,77,40,0.19909843,0.20341358,-0.4,-0.15315264,-0.010215225,0.051293633,0.0068035906,0.029048612
25.53,77,50,0.21611539,0.20332186,0.517,0.1701696,-0.028281489,0.041323094,0.0014356036,0.021379349
25.54,68,40,0.18378317,0.20311196,-0.438,0.1701696,-0.047078219,0.030949421,-0.0025390144,0.014205203
25.55,77,45,0.20760691,0.20278721,0.356,-0.085084801,-0.066380901,0.020296518,-0.0050696194,0.0076134493
25.56,72,50,0.20760691,0.20244084,-0.517,-0.01701696,-0.0859093,0.0095190456,-0.0061805908,0.0016692274
25.57,77,45,0.20760691,0.20221351,0.353,0.15315264,-0.10497962,-0.0010056198,-0.0064225907,-0.0037141053
25.58,72,45,0.19909843,0.202161,-0.324,1.7763568e-15,-0.12273257,-0.010803246,-0.0067805472,-0.0087918967
25.59,72,45,0.19909843,0.20222076,0.059,0,-0.13761835,-0.019018514,-0.0077753679,-0.013396941
25.6,77,45,0.20760691,0.20231183,-0.363,-0.15315264,-0.14842318,-0.024981564,-0.009719252,-0.017350408
25.61,77,45,0.20760691,0.20239691,0.024,-0.15315264,-0.15399136,-0.028054567,-0.01286564,-0.020460104
25.62,77,45,0.20760691,0.20245338,-0.435,-0.085084801,-0.15354079,-0.027805903,-0.017079071,-0.022442487
25.63,68,40,0.18378317,0.20244569,-0.081,-0.1701696,-0.14700348,-0.024198045,-0.021987889,-0.023092967
25.64,72,45,0.19909843,0.2022959,-0.541,-1.2079227e-13,-0.13540182,-0.017795241,-0.026896446,-0.022345843
25.65,72,45,0.19909843,0.20194804,-0.23,0.085084801,-0.12022081,-0.0094170359,-0.031013599,-0.020215318
25.66,77,40,0.19909843,0.20141417,0.19,0.1701696,-0.10303732,6.6312789e-05,-0.033824453,-0.01687907
25.67,77,50,0.21611539,0.200768,-0.254,0.2552544,-0.084784354,0.010139889,-0.034951591,-0.012405851
25.68,68,40,0.18378317,0.20010725,-0.093,0.1701696,-0.06594574,0.020536678,-0.03438836,-0.0069258411
25.69,77,50,0.21611539,0.1995289,-0.122,-0.085084801,-0.046846838,0.031077117,-0.032886611,-0.00090474705
25.7,72,50,0.20760691,0.1990916,-0.157,-0.1701696,-0.027815524,0.041580254,-0.031326168,0.0051270434
25.71,72,50,0.20760691,0.19877267,0.236,-0.32332224,-0.0092460843,0.051828489,-0.029906447,0.010961021
25.72,72,45,0.19909843,0.19849447,-0.267,-0.32332224,0.0081819754,0.061446812,-0.02806154,0.016692636
25.73,68,40,0.18378317,0.19814572,0.328,-0.085084801,0.023680013,0.069999979,-0.025504335,0.022247822
25.74,68,40,0.18378317,0.19771509,0.069,-0.23823744,0.037214513,0.077469496,-0.022030633,0.027719432
25.75,72,50,0.20760691,0.19725347,0.466,-0.068067841,0.049011341,0.083980014,-0.017544897,0.033217558
25.76,72,45,0.19909843,0.19680845,0.28,0.1701696,0.059351926,0.08968685,-0.011999383,0.038843733
25.77,68,40,0.18378317,0.19641587,0.091,0.085084801,0.067830983,0.094366333,-0.0055968631,0.044384735
25.78,68,45,0.19229165,0.19613549,0.121,0.085084801,0.073837534,0.097681271,0.0012791691,0.04948022
25.79,68,45,0.19229165,0.19603554,-0.211,0.22173615,0.076635619,0.099225498,0.0086283365,0.053926917
25.801,72,50,0.20760691,0.19622914,0.05,0.20850073,0.075384034,0.098534765,0.017082685,0.057808725
25.81,72,50,0.20760691,0.19667008,0.146,0.16021816,0.070458965,0.095816682,0.023657969,0.059737325
25.82,72,45,0.19909843,0.19741723,-0.159,-0.15315264,0.060636254,0.090395654,0.029440974,0.059918314
25.83,72,45,0.19909843,0.19835532,-0.165,-0.47647489,0.046654909,0.082679529,0.032741055,0.057710292
25.84,68,50,0.20080013,0.19937133,-0.127,-0.22122048,0.029464475,0.07319235,0.033018542,0.053105446
25.85,63,45,0.18378317,0.20032785,0.02,0.18718656,0.010426409,0.062685486,0.030323751,0.046504618
25.86,63,45,0.18378317,0.20110188,0.23,0.32332224,-0.0088207587,0.052063221,0.025255622,0.038659422
25.87,68,50,0.20080013,0.20157336,-0.122,0.30630528,-0.026987379,0.042037297,0.018426781,0.030232039
25.88,77,50,0.21611539,0.20176153,0.18,0.30630528,-0.042858013,0.033278498,0.010734686,0.022006592
25.89,77,50,0.21611539,0.20175075,-0.059,0.22122048,-0.054795721,0.02669023,0.0029804418,0.014835336
25.9,72,45,0.19909843,0.20161721,-0.028,-0.01701696,-0.06192409,0.022756175,-0.0041117864,0.0093221943
25.91,72,45,0.19909843,0.20138461,-0.15,-0.32332224,-0.063654928,0.021800948,-0.010025607,0.0058876705
25.92,72,50,0.20760691,0.20101369,0.317,-0.15315264,-0.060159625,0.023729961,-0.014353031,0.0046884647
25.93,72,50,0.20760691,0.20052778,0.099,0.085084801,-0.052859712,0.027758689,-0.017079958,0.0053393653
25.94,68,45,0.19229165,0.19999561,-0.038,-0.15315264,-0.043681596,0.032823973,-0.017886039,0.0074689674
25.95,72,50,0.20760691,0.19946508,-0.591,-0.30630528,-0.035218825,0.037494468,-0.016837822,0.010328323
25.96,72,45,0.19909843,0.19894203,-0.081,-0.15315264,-0.029406938,0.040701974,-0.014625805,0.013038084
25.97,68,45,0.19229165,0.19840189,-0.429,-0.1701696,-0.027311303,0.041858528,-0.011659284,0.015099622
25.98,68,45,0.19229165,0.19782172,0.069,-0.1701696,-0.029174591,0.040830203,-0.0077428483,0.016543677
25.99,68,45,0.19229165,0.19725699,-0.468,0.068067841,-0.035131744,0.037542526,-0.0022518838,0.017645321
26,72,40,0.19058995,0.19684475,0.15,0.22122048,-0.045126595,0.032026496,0.0049339253,0.018480211
26.01,72,45,0.19909843,0.19675042,-0.019,0.13613568,-0.058491919,0.024650346,0.013026926,0.018838636
26.02,72,45,0.19909843,0.19709638,0.45,-0.01701696,-0.074386106,0.015878548,0.020831024,0.018354786
26.03,77,45,0.20760691,0.19789448,-0.119,0,-0.091195526,0.0066016454,0.027064594,0.01683312
26.04,72,40,0.19058995,0.1989905,0.353,0,-0.10687963,-0.0020542117,0.030596322,0.014271055
26.05,72,40,0.19058995,0.20016496,-0.083,0.15315264,-0.11976818,-0.0091672363,0.030795691,0.010814227
26.06,72,45,0.19909843,0.20125701,-0.008,0.1701696,-0.12887852,-0.014195117,0.027813345,0.0068091141
26.07,72,45,0.19909843,0.20217888,-0.115,0.18718656,-0.13370822,-0.016860562,0.022514232,0.0028268353
26.08,81,50,0.22292218,0.20287386,0.236,0.2552544,-0.13429474,-0.017184259,0.015833133,-0.00067556309
26.09,68,45,0.19229165,0.20326806,-0.379,0.085084801,-0.13125083,-0.015504364,0.0084833039,-0.0035105303
26.1,77,45,0.20760691,0.20331436,-0.11,-0.15315264,-0.12553497,-0.012349853,0.0011857162,-0.0055820682
26.11,77,45,0.20760691,0.20304558,-0.597,0.085084801,-0.11819434,-0.0082986547,-0.0053389091,-0.0068187819
26.12,72,45,0.19909843,0.20256054,-0.7,0.30630528,-0.11024758,-0.0039129409,-0.010924535,-0.0074187382
26.13,72,50,0.20760691,0.20195027,-0.103,1.7763568e-15,-0.10301883,7.6518341e-05,-0.015758505,-0.0078409936
26.14,77,50,0.21611539,0.20128927,-0.4,-0.22122048,-0.097065924,0.0033618482,-0.019502328,-0.0080702399
26.15,72,54,0.2144137,0.20063798,-0.06,-0.39139008,-0.091935709,0.0061931483,-0.021985352,-0.0078961019
26.16,68,50,0.20080013,0.20002507,-0.142,-0.56155969,-0.086541677,0.0091700452,-0.023350556,-0.0070902555
26.17,63,45,0.18378317,0.19944759,-0.253,-0.47647489,-0.08010781,0.012720814,-0.023724652,-0.0055019193
26.18,63,45,0.18378317,0.19888171,-0.142,-0.1701696,-0.072266016,0.017048599,-0.023030764,-0.0029910825
26.19,63,45,0.18378317,0.19833129,0.273,0.068067841,-0.062663916,0.022347874,-0.021209806,0.00056903416
26.2,72,45,0.19909843,0.19784595,0.391,0.23823744,-0.051504736,0.028506483,-0.018096591,0.0052049455
26.21,72,45,0.19909843,0.19750256,0.18,0.30630528,-0.039285394,0.03525018,-0.013553466,0.010848357
26.22,68,45,0.19229165,0.1973704,0.47,0.23823744,-0.027110501,0.041969347,-0.0075843383,0.017192505
26.23,72,45,0.19909843,0.19744983,0.243,0.1701696,-0.0155877,0.048328633,-0.00062876225,0.023849936
26.24,72,45,0.19909843,0.19771833,0.032,0.23823744,-0.0048236324,0.054269184,0.0065321349,0.030400659
26.25,72,50,0.20760691,0.19814809,-0.163,0.085084801,0.0048364221,0.059600444,0.013215066,0.036407755
26.26,72,50,0.20760691,0.19870251,-0.09,-0.13613568,0.012224863,0.06367803,0.019048907,0.041363468
26.27,72,50,0.20760691,0.1993631,-0.277,-0.068067841,0.016342507,0.065950504,0.023829705,0.044890105
26.28,68,45,0.19229165,0.2000376,-0.192,-0.085084801,0.01638568,0.065974331,0.027075291,0.046524811
26.29,68,45,0.19229165,0.20063201,-0.01,-0.16280295,0.012067512,0.063591189,0.028552352,0.046071771
26.301,72,50,0.20760691,0.20111697,-0.407,0.01357919,0.0029639973,0.058567077,0.027882374,0.043224725
26.31,72,45,0.19909843,0.20133836,0.025,0.22470349,-0.0065123843,0.053337183,0.025456646,0.039396915
26.32,72,45,0.19909843,0.20140482,-0.553,0.068067841,-0.017781155,0.047118093,0.021263675,0.034190884
26.33,72,45,0.19909843,0.20136088,0.364,-0.085084801,-0.028619718,0.04113643,0.016478793,0.028807611
26.34,72,50,0.20760691,0.2013092,-0.071,0,-0.038379656,0.035750046,0.012165594,0.02395782
26.35,72,45,0.19909843,0.20127635,0.271,0,-0.047228361,0.030866559,0.0093814186,0.020123989
26.36,72,45,0.19909843,0.20125713,-0.115,0,-0.054897277,0.026634183,0.0084215929,0.017527888
26.37,72,45,0.19909843,0.20124489,0.201,0,-0.061144037,0.023186676,0.0090914831,0.01613908
26.38,72,45,0.19909843,0.20124372,0.001,0,-0.065541144,0.020759969,0.011038934,0.015899452
26.39,77,45,0.20760691,0.2012997,0.028,0.085084801,-0.068311761,0.019230901,0.013852388,0.016541645
26.4,72,45,0.19909843,0.20147882,0.153,0.085084801,-0.070637254,0.017947492,0.016530354,0.017238923
26.41,72,45,0.19909843,0.20177119,0.057,0,-0.073780773,0.016212624,0.01810707,0.017159847
26.42,77,45,0.20760691,0.20211959,0.102,0.085084801,-0.078468816,0.013625353,0.018153288,0.01588932
26.43,72,45,0.19909843,0.20245564,-0.09,0.085084801,-0.084631004,0.010224521,0.016803359,0.01351394
26.44,77,45,0.20760691,0.20275117,-0.691,-0.085084801,-0.092486858,0.005888976,0.014539428,0.010214202
26.45,77,45,0.20760691,0.20299625,-0.345,-0.085084801,-0.10152682,0.0008999348,0.012068852,0.0064843936
26.46,72,45,0.19909843,0.20318325,-0.099,-0.085084801,-0.11084229,-0.004241153,0.0099533727,0.0028561098
26.47,72,45,0.19909843,0.20328835,-0.116,-0.23823744,-0.11929223,-0.0089045661,0.0082614965,-0.0003215348
26.48,72,45,0.19909843,0.20331934,-0.221,0.085084801,-0.12583068,-0.012513048,0.006731775,-0.0028906366
26.49,72,45,0.19909843,0.20333651,-0.09,0.32332224,-0.12943095,-0.014499995,0.0050383625,-0.0047308161
26.5,68,45,0.19229165,0.20338524,-0.085,0.1701696,-0.12922173,-0.014384528,0.00270088,-0.0058418241
26.51,77,54,0.22292218,0.20347259,-0.257,0.1701696,-0.12428003,-0.01165727,-0.00064950325,-0.0061533865
26.52,72,50,0.20760691,0.20357467,-0.263,0.23823744,-0.11415065,-0.0060669898,-0.0049293814,-0.0054981856
26.53,72,50,0.20760691,0.20365633,0.011,-0.23823744,-0.099402335,0.002072413,-0.0096615938,-0.0037945904
26.54,72,50,0.20760691,0.20366707,-0.255,-0.47647489,-0.081767759,0.011804709,-0.014371832,-0.0012835618
26.55,72,50,0.20760691,0.20358482,0.448,-0.15315264,-0.063430696,0.021924699,-0.018949644,0.0014875271
26.56,63,45,0.18378317,0.20338878,0.054,-0.068067841,-0.045747239,0.031683971,-0.023298265,0.0041928531
26.57,72,45,0.19909843,0.20306162,0.084,-0.085084801,-0.029825926,0.040470739,-0.027169634,0.0066505523
26.58,68,50,0.20080013,0.20259405,-0.243,0.15315264,-0.016535864,0.047805354,-0.029983124,0.0089111147
26.59,72,50,0.20760691,0.20196661,-0.19,0.32332224,-0.0063746721,0.053413185,-0.0311115,0.011150843
26.6,72,45,0.19909843,0.20119838,0.142,0.15315264,0.00053884091,0.057228664,-0.030105056,0.013561804
26.61,72,50,0.20760691,0.20038733,-0.067,-0.01701696,0.0040989305,0.059193432,-0.027000777,0.016096327
26.62,72,50,0.20760691,0.19964851,0.203,-0.1701696,0.004303405,0.059306279,-0.022260337,0.018522971
26.63,72,50,0.20760691,0.19909489,-0.518,-0.2552544,0.0014979056,0.057757959,-0.016343012,0.020707474
26.64,72,45,0.19909843,0.19879309,0.473,-0.3403392,-0.0035652897,0.054963647,-0.0096403206,0.022661663
26.65,72,40,0.19058995,0.19872544,0.008,-0.2552544,-0.0093947506,0.051746442,-0.002430276,0.024658083
26.66,72,40,0.19058995,0.19885285,0.182,-0.085084801,-0.015188342,0.048549034,0.0048063861,0.02667771
26.67,72,40,0.19058995,0.19911939,-0.075,0.1701696,-0.021195436,0.045233796,0.011486718,0.028360257
26.68,77,40,0.19909843,0.19946891,0.055,0.1701696,-0.027331391,0.041847441,0.016845825,0.029346633
26.69,77,40,0.19909843,0.19982811,-0.048,0.085084801,-0.033215001,0.038600352,0.020636411,0.029618381
26.7,72,50,0.20760691,0.20017999,-0.04,0.085084801,-0.038804112,0.035515794,0.023530165,0.029522979
26.71,72,40,0.19058995,0.20053468,-0.409,0.085084801,-0.044222215,0.032525612,0.026160261,0.029342937
26.72,72,45,0.19909843,0.20096881,-0.202,0.1701696,-0.049545162,0.029587946,0.028455873,0.02902191
26.73,72,45,0.19909843,0.20154103,-0.419,0.3403392,-0.054329804,0.026947364,0.030302159,0.028624761
26.74,77,45,0.20760691,0.20223967,0.293,0.2552544,-0.058755055,0.024505125,0.031568668,0.028036896
26.75,77,50,0.21611539,0.20297293,0.113,-3.5527137e-15,-0.063161819,0.022073088,0.03178686,0.026929974
26.76,77,50,0.21611539,0.20365289,0.063,-0.085084801,-0.067779137,0.01952485,0.030673281,0.025099065
26.77,72,45,0.19909843,0.20422597,-0.12,-0.2552544,-0.072496194,0.016921566,0.027940218,0.022430892
26.78,72,45,0.19909843,0.20465066,0.134,-0.1701696,-0.076131468,0.014915306,0.023452156,0.019183731
26.79,72,45,0.19909843,0.20486272,-0.312,0.01701696,-0.077837638,0.013973692,0.017579582,0.015776637
26.8,72,45,0.19909843,0.20486254,-0.175,0.10210176,-0.077397907,0.014216374,0.010943279,0.012579826
26.81,77,50,0.21611539,0.20468244,-0.11,0.01701696,-0.075266669,0.015392577,0.004574824,0.0099837006
26.82,68,50,0.20080013,0.20441586,0.018,0.01701696,-0.071870383,0.017266944,-0.00090179553,0.0081825742
26.83,72,50,0.20760691,0.20414391,0.077,-1.1901591e-13,-0.068095578,0.01935021,-0.0053575683,0.0069963208
26.84,68,45,0.19229165,0.20391976,0.207,0.068067841,-0.064697424,0.021225607,-0.0091898418,0.0060178828
26.85,72,50,0.20760691,0.20376333,-0.448,-0.085084801,-0.061961901,0.022735308,-0.012936566,0.0048993709
26.86,72,50,0.20760691,0.2036609,-0.141,-0.1701696,-0.06007473,0.023776813,-0.016885367,0.003445723
26.87,77,50,0.21611539,0.20357047,0.122,0.068067841,-0.058717948,0.024525604,-0.020696717,0.0019144431
26.88,68,40,0.18378317,0.20345996,-0.235,1.7763568e-15,-0.057623268,0.025129743,-0.023910931,0.00060940617
26.89,72,45,0.19909843,0.20329488,-0.227,-0.085084801,-0.055866048,0.026099531,-0.026048203,2.5663905e-05
26.9,72,50,0.20760691,0.20302331,0.123,0.068067841,-0.052477483,0.027969636,-0.027052893,0.00045837117
26.91,72,50,0.20760691,0.2026125,-0.073,0.085084801,-0.047000725,0.030992188,-0.026985054,0.0020035674
26.92,72,50,0.20760691,0.20206033,0.298,0.01701696,-0.039391977,0.035191359,-0.025886866,0.0046522464
26.93,72,45,0.19909843,0.20141514,-0.552,-0.068067841,-0.030152629,0.040290436,-0.023578322,0.008356057
26.94,68,45,0.19229165,0.20077323,0.157,-0.068067841,-0.020638044,0.045541413,-0.019716523,0.012912445
26.95,77,50,0.21611539,0.2002445,0.019,0.01701696,-0.012495947,0.050034932,-0.014303406,0.017865763
26.96,68,45,0.19229165,0.19990439,0.123,-9.7699626e-14,-0.0065509184,0.053315917,-0.0081329498,0.022591484
26.97,77,50,0.21611539,0.19975057,0.147,-0.18718656,-0.0022086105,0.055712381,-0.0019221938,0.026895094
26.98,68,45,0.19229165,0.19973579,-0.338,-0.27227136,0.0011823888,0.05758383,0.0039532044,0.030768517
26.99,72,45,0.19909843,0.19981662,-0.024,-0.27227136,0.0035998564,0.058917999,0.0094325195,0.034175259
27,72,40,0.19058995,0.20002281,-0.091,-0.10210176,0.0045825603,0.059460341,0.014347527,0.036903934
27.01,72,40,0.19058995,0.20034005,0.169,0.15315264,0.003008716,0.058591756,0.018601442,0.038596599
27.02,72,40,0.19058995,0.20077626,-0.372,0.1701696,-0.0027430494,0.055417431,0.021714403,0.038565917
27.03,77,45,0.20760691,0.20129853,0.577,0.3403392,-0.013538701,0.04945945,0.023266228,0.036362839
27.04,72,45,0.19909843,0.20187999,0.116,0.3403392,-0.028921509,0.040969875,0.023430921,0.032200398
27.05,72,50,0.20760691,0.20249393,-0.055,0.1701696,-0.047527322,0.030701566,0.022816338,0.026758952
27.06,72,50,0.20760691,0.20311103,-0.316,0.085084801,-0.067517834,0.01966906,0.021935232,0.020802146
27.07,72,50,0.20760691,0.203666,0.083,0.085084801,-0.087612922,0.0085788386,0.020473532,0.014526185
27.08,77,45,0.20760691,0.20415266,0.249,0,-0.10730833,-0.0022908014,0.017745754,0.0077274763
27.09,77,45,0.20760691,0.20457406,-0.393,-0.15315264,-0.12587327,-0.012536558,0.013437114,0.00045027783
27.1,72,50,0.20760691,0.2048861,-0.462,-0.15315264,-0.14255129,-0.021740943,0.0078518101,-0.0069445665
27.11,72,50,0.20760691,0.20502398,0,1.7763568e-15,-0.15743645,-0.02995587,0.0015453309,-0.01420527
27.12,68,45,0.19229165,0.2049168,-0.218,0.085084801,-0.17053263,-0.037183481,-0.0050081064,-0.021095794
27.13,77,45,0.20760691,0.20453091,-0.207,-0.15315264,-0.18168941,-0.043340764,-0.011316443,-0.027328603
27.14,77,45,0.20760691,0.20394212,-0.188,-3.4106051e-13,-0.19094964,-0.048451367,-0.016842527,-0.032646947
27.15,77,50,0.21611539,0.2032748,0.241,-3.4106051e-13,-0.19872069,-0.052740113,-0.02168491,-0.037212511
27.16,68,40,0.18378317,0.20266843,-0.334,-0.32332224,-0.20563138,-0.056554032,-0.02580178,-0.041177906
27.17,77,50,0.21611539,0.20217285,-0.686,-0.2552544,-0.21188609,-0.060005927,-0.029081111,-0.044543519
27.18,68,40,0.18378317,0.20178928,-0.636,0.068067841,-0.21703986,-0.062850225,-0.031254102,-0.047052163
27.19,72,45,0.19909843,0.20146594,-0.272,0.15315264,-0.21975621,-0.064349342,-0.032065634,-0.048207488
27.2,72,45,0.19909843,0.20115273,-0.457,0.15315264,-0.21882963,-0.063837975,-0.03151175,-0.047674863
27.21,77,45,0.20760691,0.20083993,0.129,0.085084801,-0.21417735,-0.061270443,-0.02995774,-0.045614091
27.22,77,45,0.20760691,0.20052614,0.312,-0.23823744,-0.20608974,-0.056806997,-0.027443646,-0.042125322
27.23,77,45,0.20760691,0.20019784,0.119,-0.085084801,-0.19501209,-0.05069338,-0.024022876,-0.037358128
27.24,63,45,0.18378317,0.19985624,-0.213,1.7763568e-15,-0.181904,-0.043459196,-0.019688058,-0.031573627
27.25,72,40,0.19058995,0.19952191,-0.19,1.7763568e-15,-0.16898449,-0.036329085,-0.01450948,-0.025419282
27.26,77,45,0.20760691,0.19923707,-0.466,0.23823744,-0.15749724,-0.029989418,-0.0087505906,-0.019370005
27.27,72,50,0.20760691,0.19903652,0.001,0.32332224,-0.14776092,-0.024616071,-0.0026369645,-0.013626518
27.28,77,45,0.20760691,0.19893763,-0.053,-0.15315264,-0.14030563,-0.020501588,0.0036950294,-0.0084032792
27.29,77,45,0.20760691,0.19893678,-0.287,-0.47647489,-0.13531599,-0.017747871,0.01021206,-0.0037679056
27.3,72,45,0.19909843,0.19903655,-0.466,-0.32332224,-0.13283067,-0.016376257,0.016512969,6.8355661e-05
27.31,68,40,0.18378317,0.19925598,0.081,-0.1701696,-0.13289098,-0.016409541,0.021475192,0.0025328256
27.32,68,40,0.18378317,0.19962114,-0.385,-1.2079227e-13,-0.13570545,-0.01796281,0.024368225,0.0032027075
27.33,72,45,0.19909843,0.20012305,-0.144,0.32332224,-0.14042654,-0.020568321,0.02531859,0.0023751344
27.34,72,45,0.19909843,0.2007242,-0.221,0.30630528,-0.1454603,-0.023346387,0.024933521,0.00079356673
27.35,77,45,0.20760691,0.20134494,0.302,0.15315264,-0.14965251,-0.025660012,0.023610375,-0.0010248186
27.36,77,45,0.20760691,0.20198267,-0.175,0.1701696,-0.15229669,-0.027119299,0.021440646,-0.0028393268
27.37,72,40,0.19058995,0.20255682,0.235,0.085084801,-0.15267408,-0.027327576,0.018411321,-0.0044581275
27.38,72,50,0.20760691,0.20302351,0.103,1.7763568e-15,-0.15047816,-0.026115677,0.014454992,-0.0058303424
27.39,77,45,0.20760691,0.20337894,-0.444,0.10210176,-0.14620161,-0.023755506,0.0096115164,-0.0070719947
27.4,77,45,0.20760691,0.2036194,-0.432,0.10210176,-0.1409296,-0.02084595,0.0044443985,-0.0082007756
27.41,77,45,0.20760691,0.20373276,-0.153,0,-0.13567811,-0.017947719,-0.00019713791,-0.0090724283
27.42,68,50,0.20080013,0.20374341,-0.215,0.068067841,-0.13132517,-0.015545388,-0.0044066826,-0.009976035
27.43,68,54,0.20760691,0.20360093,-0.461,0.068067841,-0.12834557,-0.013900986,-0.0087820766,-0.011341532
27.44,68,54,0.20760691,0.20327422,-0.557,-0.1701696,-0.12627032,-0.012755685,-0.013856405,-0.013306045
27.45,72,54,0.2144137,0.20278392,0.486,-0.40840704,-0.12488803,-0.011992813,-0.019537572,-0.015765192
27.46,72,50,0.20760691,0.20216172,0.28,-0.30630528,-0.12353096,-0.011243864,-0.025104852,-0.018174358
27.47,63,45,0.18378317,0.20144818,-0.617,-0.20420352,-0.12083147,-0.0097540529,-0.029396988,-0.019575521
27.48,63,45,0.18378317,0.20070589,0.182,-0.068067841,-0.11513542,-0.0066104751,-0.03128895,-0.018949713
27.49,68,50,0.20080013,0.19999902,-0.457,0,-0.10568293,-0.0013937685,-0.030301932,-0.01584785
27.5,68,50,0.20080013,0.19937613,0.203,0.23823744,-0.092137341,0.0060818698,-0.026938975,-0.010428552
27.51,72,54,0.2144137,0.19887634,0.244,0.22122048,-0.074267799,0.01594384,-0.022112109,-0.0030841342
27.52,59,45,0.17697639,0.19851945,0.335,-0.1701696,-0.05333442,0.027496704,-0.016237853,0.0056294253
27.53,72,54,0.2144137,0.19831314,-0.553,-0.22122048,-0.031388416,0.039608421,-0.0094567107,0.015075855
27.54,63,50,0.19229165,0.19826318,-0.429,0.32332224,-0.01029632,0.051248878,-0.0016532759,0.024797801
27.55,63,50,0.19229165,0.19834159,-0.192,0.15315264,0.0082710304,0.06149596,0.0073110904,0.034403525
27.56,68,50,0.20080013,0.19855038,0.103,-0.15315264,0.022532171,0.0693665,0.016564401,0.042965451
27.57,72,59,0.22292218,0.1989099,-0.196,0.15315264,0.031008599,0.074044532,0.025265087,0.049654809
27.58,63,45,0.18378317,0.19943738,0.449,-0.085084801,0.033308307,0.075313711,0.032507211,0.053910461
27.59,68,54,0.20760691,0.2000952,0.121,-0.30630528,0.029598714,0.073266435,0.037665814,0.055466124
27.6,63,50,0.19229165,0.20081821,0.034,0.01701696,0.020781696,0.068400436,0.040336932,0.054368684
27.61,63,50,0.19229165,0.20149278,-0.159,0.23823744,0.0083794698,0.061555806,0.040776998,0.051166402
27.62,68,50,0.20080013,0.2020962,0.12,0.15315264,-0.0062498218,0.053482088,0.039219083,0.046350586
27.63,68,54,0.20760691,0.20268792,0.048,0.23823744,-0.021221498,0.045219412,0.035760414,0.040489913
27.64,68,54,0.20760691,0.20333446,-0.311,1.1901591e-13,-0.035054728,0.037585031,0.030704668,0.034144849
27.65,68,54,0.20760691,0.20400891,0.939,-0.085084801,-0.047833015,0.030532858,0.024588058,0.027560458
27.66,68,50,0.20080013,0.20459078,0.356,1.7763568e-15,-0.060482849,0.023551577,0.017674717,0.020613147
27.67,63,50,0.19229165,0.2049427,-0.257,0,-0.073628744,0.016296527,0.010565337,0.013430932
27.68,72,50,0.20760691,0.2050593,-0.71,0.30630528,-0.086905419,0.0089693007,0.003699938,0.0063346193
27.69,72,50,0.20760691,0.20499966,-0.164,0.30630528,-0.10046968,0.0014833616,-0.0026083026,-0.00056247048
27.7,68,54,0.20760691,0.20480508,0.073,0,-0.11489367,-0.0064770538,-0.0078635948,-0.0071703243
27.71,77,59,0.23143066,0.20447855,-0.827,-0.15315264,-0.13026902,-0.014962516,-0.01220522,-0.013583868
27.72,63,50,0.19229165,0.20405116,-0.005,-0.15315264,-0.14640286,-0.023866571,-0.015426154,-0.019646363
27.73,72,50,0.20760691,0.20352522,-0.183,-0.39139008,-0.16116316,-0.032012592,-0.017629507,-0.02482105
27.74,63,50,0.19229165,0.20291506,-0.162,-0.085084801,-0.17209094,-0.038043495,-0.019061434,-0.028552464
27.75,68,54,0.20760691,0.20227941,-0.709,0.15315264,-0.17805013,-0.041332294,-0.019563337,-0.030447815
27.76,63,50,0.19229165,0.20170267,-0.116,-0.23823744,-0.17959958,-0.042187414,-0.018600211,-0.030393813
27.77,77,54,0.22292218,0.20121342,0.063,-0.32332224,-0.17742531,-0.040987462,-0.016232742,-0.028610102
27.78,63,50,0.19229165,0.20085578,-0.075,-0.085084801,-0.172202,-0.038104784,-0.012646232,-0.025375508
27.79,63,45,0.18378317,0.20063116,0.018,-0.068067841,-0.16451838,-0.033864296,-0.0083322895,-0.021098293
27.8,63,45,0.18378317,0.20052119,0.338,0.085084801,-0.15530152,-0.028777628,-0.0038046583,-0.016291143
27.81,68,54,0.20760691,0.20057041,-0.164,0.39139008,-0.14507522,-0.023133866,0.00024010429,-0.011446881
27.82,68,50,0.20080013,0.20083891,0.057,0.1701696,-0.13477415,-0.017448837,0.0031965799,-0.0071261284
27.83,77,54,0.22292218,0.20133706,-0.712,0.15315264,-0.12559526,-0.012383127,0.0047288672,-0.0038271301
27.84,63,50,0.19229165,0.20200411,-0.52,0.068067841,-0.11915829,-0.008830643,0.0047332812,-0.0020486809
27.85,63,50,0.19229165,0.20269041,0.205,-0.15315264,-0.11656305,-0.0073983656,0.0033358604,-0.0020312526
27.86,72,54,0.2144137,0.20325349,0.044,-2.1671553e-13,-0.11857492,-0.0085086918,0.00041892467,-0.0040448836
27.87,68,50,0.20080013,0.20358503,-0.22,0.23823744,-0.12472027,-0.011900229,-0.0036452625,-0.0077727456
27.88,68,54,0.20760691,0.20360661,-0.33,-0.051050881,-0.13238568,-0.016130674,-0.0080324225,-0.012081548
27.89,68,54,0.20760691,0.20329146,0.231,-0.068067841,-0.13956954,-0.020095352,-0.011385383,-0.015740368
27.9,68,50,0.20080013,0.20273885,-0.138,0.068067841,-0.14569015,-0.023473236,-0.012683829,-0.018078532
27.91,68,50,0.20080013,0.2020102,-0.004,-0.068067841,-0.15046203,-0.026106775,-0.01162965,-0.018868212
27.92,68,54,0.20760691,0.20117354,0.286,-0.068067841,-0.15317805,-0.027605712,-0.0080455255,-0.017825619
27.93,68,54,0.20760691,0.2002816,-0.743,0.068067841,-0.15343311,-0.027746477,-0.0017176622,-0.014732069
27.94,68,50,0.20080013,0.19945671,-0.515,-0.1701696,-0.15153324,-0.026697963,0.0072784864,-0.0097097381
27.95,68,50,0.20080013,0.19880542,-0.012,-0.47647489,-0.14704381,-0.024220304,0.01903603,-0.002592137
27.96,72,50,0.20760691,0.19846324,0.126,-0.32332224,-0.13938476,-0.019993372,0.033862931,0.0069347797
27.97,63,45,0.18378317,0.19850311,-0.399,-0.1701696,-0.12848189,-0.013976222,0.051047815,0.018535796
27.98,63,45,0.18378317,0.19890573,-0.059,-0.01701696,-0.11429414,-0.0061461848,0.069364145,0.03160898
27.99,63,50,0.19229165,0.1996245,-0.299,0.15315264,-0.09622529,0.0038257836,0.087821731,0.045823758
28,63,50,0.19229165,0.20064257,0.089,0.32332224,-0.073788517,0.01620835,0.106187,0.061197676
28.01,72,54,0.2144137,0.20195852,-0.182,0.39139008,-0.046967049,0.031010774,0.12453911,0.07777494
28.02,68,45,0.19229165,0.20358522,0.079,0.54454273,-0.017068608,0.047511339,0.14319117,0.095351256
28.03,68,54,0.20760691,0.20550752,-0.26,0.2552544,0.014741862,0.065067129,0.16143857,0.11325285
28.04,72,50,0.20760691,0.20770537,0.255,0.1701696,0.046114719,0.082381405,0.17821761,0.13029951
28.05,77,59,0.23143066,0.21017054,-0.035,0.37437312,0.074647872,0.098128486,0.19282075,0.14547462
28.06,68,50,0.20080013,0.2128319,0.399,0.37437312,0.097568033,0.11077783,0.20479573,0.15778678
28.07,72,59,0.22292218,0.21560042,0.085,0.068067841,0.11362207,0.11963784,0.21392744,0.16678264
28.08,72,54,0.2144137,0.21839359,-0.409,0.068067841,0.12302197,0.12482553,0.22001131,0.17241842
28.09,81,59,0.23823744,0.22110297,0.153,0.39139008,0.12641363,0.12669734,0.22300833,0.17485284
28.1,68,54,0.20760691,0.22364903,0.482,0.1701696,0.12454086,0.12566378,0.22304822,0.174356
28.11,77,59,0.23143066,0.22600865,0.06,1.1901591e-13,0.11845655,0.12230593,0.22053477,0.17142035
28.12,77,59,0.23143066,0.22819309,0.158,0.13613568,0.10949876,0.11736225,0.21614848,0.16675536
28.13,72,59,0.22292218,0.23020694,0.462,0.28928832,0.098659053,0.11137995,0.21102733,0.16120364
28.14,72,63,0.22972896,0.23214726,0.441,0.13613568,0.08779618,0.10538487,0.20576532,0.15557509
28.15,72,63,0.22972896,0.234082,0.328,0.37437312,0.077954073,0.099953136,0.20118456,0.15056885
28.16,77,63,0.23823744,0.23606134,0.158,0.39139008,0.068654589,0.09482087,0.19699386,0.14590737
28.17,77,63,0.23823744,0.2380714,0.366,0.1701696,0.058403659,0.089163513,0.19286471,0.14101411
28.18,81,68,0.25355271,0.24012667,-0.335,0.085084801,0.04549389,0.082038778,0.18813706,0.13508792
28.19,77,63,0.23823744,0.24220145,-0.607,0.15315264,0.028582424,0.072705557,0.18255571,0.12763063
28.2,77,63,0.23823744,0.24427518,-0.364,0.15315264,0.0064150416,0.060471664,0.1760932,0.11828243
28.21,72,68,0.23823744,0.2462625,-1.058,0.085084801,-0.021153752,0.045256801,0.16870553,0.10698117
28.22,81,68,0.25355271,0.24808938,0.487,0.30630528,-0.053409192,0.027455438,0.16068066,0.094068051
28.23,81,68,0.25355271,0.2497418,-0.681,0.37437312,-0.089124929,0.0077443815,0.15235455,0.080049464
28.24,77,68,0.24674592,0.25129126,0.599,0.15315264,-0.12661001,-0.012943154,0.14362594,0.065341396
28.25,81,72,0.26035949,0.25276001,-0.017,-0.068067841,-0.16310937,-0.033086679,0.13378876,0.050351041
28.26,81,68,0.25355271,0.25413855,0.567,0.30630528,-0.19735291,-0.051985249,0.12269228,0.035353515
28.27,81,68,0.25355271,0.2554112,-0.261,0.068067841,-0.22738859,-0.068561554,0.11043635,0.020937398
28.28,77,68,0.24674592,0.25657895,-0.03,-4.3520743e-13,-0.25240927,-0.082370151,0.097394646,0.0075122474
28.29,90,77,0.28418324,0.2576079,-0.101,0.15315264,-0.27222721,-0.093307413,0.083599393,-0.0048540102
28.3,72,63,0.22972896,0.2585014,-0.214,0.15315264,-0.28793757,-0.10197776,0.069244849,-0.016366455
28.31,90,77,0.28418324,0.25925145,-0.374,-0.15315264,-0.3010341,-0.10920556,0.054585964,-0.0273098
28.32,77,63,0.23823744,0.25981386,-0.435,-0.068067841,-0.31205284,-0.11528667,0.039845936,-0.037720367
28.33,86,77,0.27737645,0.26017489,0.159,0.085084801,-0.321531,-0.12051754,0.02492183,-0.047797857
28.34,77,63,0.23823744,0.26032888,-1.322,-1.7763568e-15,-0.33020896,-0.1253068,0.0097245741,-0.057791113
28.35,86,72,0.26886797,0.26024773,-0.482,0.22122048,-0.33859488,-0.12993488,-0.0051972315,-0.067566057
28.36,81,68,0.25355271,0.25991544,-1.037,0.22122048,-0.3462553,-0.13416257,-0.018789971,-0.076476268
28.37,86,72,0.26886797,0.25936539,-0.547,0.085084801,-0.35216277,-0.13742282,-0.029945316,-0.083684069
28.38,86,72,0.26886797,0.25864787,0.034,-0.28928832,-0.35504558,-0.13901381,-0.038384527,-0.088699169
28.39,86,72,0.26886797,0.25781731,-0.362,-0.15315264,-0.35369829,-0.13827026,-0.044525439,-0.091397847
28.4,77,68,0.24674592,0.25691747,-0.022,-0.23823744,-0.34649418,-0.1342944,-0.048908111,-0.091601256
28.41,77,68,0.24674592,0.25598725,-0.257,-0.30630528,-0.33281567,-0.12674541,-0.051663337,-0.089204372
28.42,81,72,0.26035949,0.25505601,-0.354,-0.085084801,-0.31259132,-0.11558385,-0.05282413,-0.08420399
28.43,81,68,0.25355271,0.2541373,0.051,0.068067841,-0.28653322,-0.10120272,-0.052439999,-0.076821358
28.44,77,72,0.25355271,0.25323674,0.178,-0.13613568,-0.2563262,-0.08453185,-0.050157222,-0.067344536
28.45,77,72,0.25355271,0.2523451,-1.385,-0.068067841,-0.22369224,-0.066521591,-0.04556648,-0.056044035
28.46,77,68,0.24674592,0.25151049,0.889,-0.085084801,-0.19067527,-0.048299947,-0.038990312,-0.04364513
28.47,77,68,0.24674592,0.25080261,-1.036,-0.30630528,-0.15813635,-0.030342136,-0.030922769,-0.030632453
28.48,81,72,0.26035949,0.2503219,0.248,-0.085084801,-0.12658056,-0.0129269,-0.021598793,-0.017262846
28.49,72,68,0.23823744,0.25008857,-0.091,0.20420352,-0.095711353,0.0041094184,-0.011845965,-0.0038682731
28.5,72,68,0.23823744,0.25014015,0.375,0.13613568,-0.065413001,0.02083069,-0.001984973,0.0094228584
28.51,81,68,0.25355271,0.25044616,0.069,0.15315264,-0.036006076,0.037059994,0.0073339867,0.02219699
28.52,81,72,0.26035949,0.25095967,-0.563,0.23823744,-0.007899455,0.052571677,0.015895846,0.034233762
28.53,81,72,0.26035949,0.25157765,0.086,0.01701696,0.018376504,0.067073041,0.023134158,0.045103599
28.54,81,68,0.25355271,0.25222098,-0.269,-0.13613568,0.041541844,0.079857695,0.02882772,0.054342707
28.55,77,68,0.24674592,0.25280516,-0.097,-0.13613568,0.060570911,0.090359592,0.033114299,0.061736946
28.56,77,68,0.24674592,0.25335019,-0.145,-0.068067841,0.07534157,0.098511329,0.036011041,0.067261185
28.57,81,68,0.25355271,0.25391609,-0.001,0.13613568,0.084768373,0.10371386,0.037524578,0.070619219
28.58,81,68,0.25355271,0.25452153,0.089,0.44244097,0.088288259,0.10565644,0.037754069,0.071705255
28.59,81,68,0.25355271,0.25513782,0.758,0.23823744,0.085431534,0.10407985,0.036269978,0.070174915
28.6,81,72,0.26035949,0.25570377,0.026,-0.068067841,0.077090862,0.099476741,0.032948066,0.066212403
28.61,86,77,0.27737645,0.25617844,0.587,0,0.064545133,0.092552914,0.028280011,0.060416463
28.62,77,68,0.24674592,0.25655507,-0.129,-0.068067841,0.049374294,0.084180323,0.022596067,0.053388195
28.63,72,77,0.25355271,0.25682575,0.108,-0.30630528,0.032910565,0.075094203,0.016306368,0.045700285
28.64,72,77,0.25355271,0.25698847,-0.037,-0.1701696,0.015956556,0.065737503,0.0098840586,0.037810781
28.65,72,77,0.25355271,0.25704669,0.449,0.15315264,-0.00095213794,0.056405812,0.0036386461,0.030022229
28.66,72,77,0.25355271,0.25701865,0.085,0.1701696,-0.016676087,0.047727967,-0.0021680264,0.02277997
28.67,72,77,0.25355271,0.25691408,0.042,0.085084801,-0.030955806,0.039847173,-0.0070486807,0.016399246
28.68,77,77,0.26206119,0.25672164,-0.095,0.22122048,-0.045128398,0.032025501,-0.011307677,0.010358912
28.69,77,77,0.26206119,0.25639543,-0.342,0.13613568,-0.060032201,0.023800284,-0.015000543,0.0043998706
28.7,72,77,0.25355271,0.2559801,-0.787,-0.2552544,-0.077808941,0.01398953,-0.018193376,-0.0021019229
28.71,81,81,0.27567476,0.25551916,-0.291,-0.1701696,-0.099760466,0.0018747652,-0.020286901,-0.0092060679
28.72,72,72,0.24504423,0.25509934,-0.45,-0.085084801,-0.12563305,-0.012403981,-0.021139513,-0.016771747
28.73,72,72,0.24504423,0.25475193,-0.712,-0.30630528,-0.15360951,-0.027843832,-0.020808704,-0.024326268
28.74,77,77,0.26206119,0.25445485,0.225,-0.051050881,-0.18110994,-0.043020965,-0.019494242,-0.031257604
28.75,72,72,0.24504423,0.25416077,0.288,0.1701696,-0.20590195,-0.056703359,-0.017271189,-0.036987274
28.76,72,77,0.25355271,0.25391239,-0.324,-0.085084801,-0.22577231,-0.067669551,-0.015039594,-0.041354572
28.77,77,77,0.26206119,0.25376605,0.272,-2.4158453e-13,-0.23940066,-0.075190865,-0.0140718,-0.044631332
28.78,72,72,0.24504423,0.25371576,-0.166,0.085084801,-0.24676892,-0.07925731,-0.015029905,-0.047143607
28.79,72,77,0.25355271,0.25367851,0.354,-0.14733299,-0.24946068,-0.080742859,-0.016917065,-0.048829962
28.801,72,77,0.25355271,0.25362451,-0.67,0.15194942,-0.2484981,-0.080211623,-0.018495344,-0.049353484
28.81,72,77,0.25355271,0.25354215,0.269,0.13354831,-0.24437675,-0.077937105,-0.018839278,-0.048388191
28.82,72,72,0.24504423,0.25341161,-0.597,0.068067841,-0.2359042,-0.073261212,-0.01806415,-0.045662681
28.83,81,77,0.26886797,0.25325606,-0.19,-0.01701696,-0.22460126,-0.067023263,-0.016187298,-0.041605281
28.84,72,68,0.23823744,0.25308068,-0.312,0.068067841,-0.21251451,-0.060352743,-0.013476912,-0.036914827
28.85,81,81,0.27567476,0.25288209,-0.123,-8.7219121e-13,-0.20246071,-0.054804182,-0.010362584,-0.032583383
28.86,72,63,0.22972896,0.25265201,-0.886,-0.085084801,-0.19622631,-0.051363496,-0.0071302384,-0.029246867
28.87,81,81,0.27567476,0.252411,-0.638,0,-0.19386442,-0.050059999,-0.0039426075,-0.027001303
28.88,72,68,0.23823744,0.25218782,-0.529,0.2552544,-0.1938981,-0.050078585,-0.00081809448,-0.02544834
28.89,81,72,0.26035949,0.25200161,-0.393,0.01701696,-0.1935054,-0.049861861,0.0024463449,-0.023707758
28.9,77,72,0.25355271,0.25195591,0.034,-0.54454273,-0.18971102,-0.047767789,0.0056359742,-0.021065908
28.91,86,77,0.27737645,0.25209487,0.454,-0.39139008,-0.17982095,-0.042309585,0.0077319695,-0.017288808
28.92,72,63,0.22972896,0.25235888,0.168,-0.068067841,-0.16271408,-0.032868527,0.0083159842,-0.012276271
28.93,72,63,0.22972896,0.25265284,0.227,-6.7679196e-13,-0.13889869,-0.019725117,0.0079368003,-0.0058941586
28.94,72,63,0.22972896,0.2528995,-0.25,0.068067841,-0.10990933,-0.0037262651,0.0070867218,0.0016802283
28.95,86,77,0.27737645,0.25312168,-0.012,0.54454273,-0.078959778,0.013354398,0.0058433526,0.0095988752
28.96,77,72,0.25355271,0.2533508,-0.165,0.47647489,-0.050046893,0.029311047,0.0044652826,0.016888165
28.97,81,72,0.26035949,0.25357799,-0.249,0.068067841,-0.025986741,0.042589536,0.0029703409,0.022779938
28.98,81,68,0.25355271,0.25379307,-0.121,-0.1701696,-0.0092133166,0.051846574,0.0013828229,0.026614698
28.99,77,72,0.25355271,0.25395443,0.696,0.01701696,-0.0010004742,0.056379136,5.5757351e-05,0.028217447
29,81,72,0.26035949,0.25403223,0.273,0.01701696,-0.00068359947,0.056554015,-0.00082644096,0.027863787
29.01,77,72,0.25355271,0.25400507,-1.064,1.7763568e-15,-0.0065902353,0.053294218,-0.0011967059,0.026048756
29.02,77,77,0.26206119,0.25392041,-0.595,0.085084801,-0.017132125,0.047476285,-0.0012624225,0.023106931
29.03,72,77,0.25355271,0.25377211,0.001,-0.068067841,-0.031119068,0.039757071,-0.001327988,0.019214541
29.04,72,77,0.25355271,0.2536142,0.15,-0.45945793,-0.046402847,0.031322149,-0.0018384441,0.014741853
29.05,77,81,0.26886797,0.25343937,0.599,-0.30630528,-0.060443633,0.02357322,-0.003600844,0.0099861881
29.06,68,72,0.23823744,0.25321511,0.363,0.085084801,-0.070196873,0.018190533,-0.0061474121,0.0060215602
29.07,68,68,0.23143066,0.25286731,-0.126,0.01701696,-0.072613268,0.016856955,-0.0086755497,0.0040907026
29.08,72,77,0.25355271,0.25242565,0.493,-0.13613568,-0.066132204,0.020433771,-0.010161848,0.0051359615
29.09,77,77,0.26206119,0.25201201,-0.467,0.15315264,-0.051751866,0.028370095,-0.0096744129,0.009347841
29.1,77,77,0.26206119,0.25177571,0.025,0.22122048,-0.032028125,0.039255374,-0.0066278534,0.01631376
29.11,68,68,0.23143066,0.25172154,-0.572,-0.1701696,-0.010091355,0.051361995,-0.0016255128,0.024868241
29.12,72,77,0.25355271,0.25175397,-0.227,-0.10210176,0.011064361,0.063037563,0.0044872759,0.03376242
29.13,72,77,0.25355271,0.25180387,-0.393,0.28928832,0.028589269,0.072709335,0.011225068,0.041967202
29.14,72,72,0.24504423,0.25191632,-0.509,0.37437312,0.040750582,0.079421007,0.018715691,0.049068349
29.15,77,81,0.26886797,0.25214462,-0.029,-4.3343107e-13,0.046323734,0.082496758,0.026575305,0.054536032
29.16,77,72,0.25355271,0.25257837,0.382,0.085084801,0.044227456,0.08133985,0.033493958,0.057416904
29.17,77,81,0.26886797,0.25323453,-0.063,-0.068067841,0.033881025,0.075629787,0.038080191,0.056854989
29.18,68,72,0.23823744,0.25403676,0.87,-0.45945793,0.015620994,0.065552311,0.039596105,0.052574208
29.19,77,81,0.26886797,0.25483376,0.165,-0.23823744,-0.0089969717,0.051965972,0.038517175,0.045241573
29.2,72,68,0.23823744,0.25551953,0.06,0.22122048,-0.037569771,0.036197011,0.035441669,0.03581934
29.21,72,68,0.23823744,0.2560569,-0.421,0.15315264,-0.066815907,0.020056444,0.031005911,0.025531177
29.22,81,72,0.26035949,0.25646391,0.341,-4.3698378e-13,-0.093070055,0.0055671172,0.025605347,0.015586232
29.23,86,72,0.26886797,0.25679578,0.485,0.30630528,-0.114581,-0.0063044953,0.019647488,0.0066714965
29.24,81,68,0.25355271,0.25710637,0.378,0.15315264,-0.13288741,-0.016407569,0.013619738,-0.0013939155
29.25,77,72,0.25355271,0.25734854,-0.054,0,-0.15023989,-0.025984179,0.0075544251,-0.0092148768
29.26,77,72,0.25355271,0.25747266,-0.139,0.15315264,-0.16809548,-0.035838451,0.0011291531,-0.017354649
29.27,81,72,0.26035949,0.25749846,-0.824,0.22122048,-0.18600565,-0.045722846,-0.0055353749,-0.02562911
29.28,81,77,0.26886797,0.25748289,-0.661,0.22122048,-0.20172899,-0.054400356,-0.012064118,-0.033232237
29.29,81,77,0.26886797,0.25745133,-0.468,-0.13613568,-0.21289411,-0.060562239,-0.01840128,-0.039481759
29.3,81,72,0.26035949,0.25734457,-0.564,-0.52752577,-0.21765182,-0.063187957,-0.025052351,-0.044120154
29.31,81,77,0.26886797,0.25709331,-0.54,-0.47647489,-0.21436456,-0.06137376,-0.032089781,-0.04673177
29.32,68,68,0.23143066,0.25662405,-0.994,-0.068067841,-0.20237928,-0.054759238,-0.039199172,-0.046979205
29.33,72,72,0.24504423,0.25591861,0.032,0.01701696,-0.18207982,-0.043556231,-0.046279986,-0.044918108
29.34,72,72,0.24504423,0.25503376,-0.352,0.068067841,-0.154612,-0.02839709,-0.052784573,-0.040590832
29.35,77,86,0.27737645,0.25402521,-0.207,0.22122048,-0.12157998,-0.010167146,-0.05786338,-0.034015263
29.36,77,72,0.25355271,0.25297813,0.498,0.01701696,-0.085729276,0.0096183989,-0.060713161,-0.025547381
29.37,77,72,0.25355271,0.25188906,0.265,-0.28928832,-0.05070055,0.028950303,-0.060331401,-0.015690549
29.38,72,72,0.24504423,0.25081718,0.581,-0.22122048,-0.018698718,0.046611702,-0.055965321,-0.0046768093
29.39,68,77,0.24674592,0.24980087,0.132,2.4336089e-13,0.0091752335,0.061994978,-0.047933349,0.0070308144
29.4,68,77,0.24674592,0.24888996,0.075,-0.085084801,0.032375421,0.074798864,-0.037079476,0.018859694
29.41,77,77,0.26206119,0.24824013,-0.043,-1.7763568e-15,0.051759951,0.085496937,-0.024704878,0.030396029
29.42,72,72,0.24504423,0.24797564,-0.061,0,0.067449508,0.094155802,-0.012141353,0.041007224
29.43,72,72,0.24504423,0.2480943,-0.074,-0.15315264,0.079019701,0.10054124,-0.0008267074,0.049857268
29.44,77,68,0.24674592,0.24847913,0.597,-0.13613568,0.085559332,0.10415038,0.0083313128,0.056240847
29.45,77,68,0.24674592,0.24897205,0.397,0.1701696,0.086784356,0.10482646,0.015150215,0.059988335
29.46,77,68,0.24674592,0.2495008,0.68,0.068067841,0.083217571,0.10285799,0.019561785,0.061209889
29.47,77,68,0.24674592,0.25005442,-0.047,-0.1701696,0.075880438,0.098808724,0.021918219,0.060363471
29.48,81,72,0.26035949,0.25063318,-0.563,0.051050881,0.065676582,0.093177346,0.022974592,0.058075969
29.49,72,68,0.23823744,0.25120476,-0.339,0.051050881,0.05375305,0.086596902,0.023891878,0.05524439
29.5,72,68,0.23823744,0.25176825,-0.315,0.15315264,0.041012168,0.079565373,0.025214803,0.052390088
29.51,81,72,0.26035949,0.2522769,-0.165,0.47647489,0.028935745,0.07290055,0.026368913,0.049634732
29.52,72,68,0.23823744,0.25268634,-0.529,0.47647489,0.019101678,0.067473255,0.026778666,0.047125961
29.53,86,81,0.28418324,0.25298731,0.183,0.32332224,0.012925497,0.0640647,0.02634881,0.045206755
29.54,77,77,0.26206119,0.25325686,-0.116,0.01701696,0.010914404,0.062954804,0.025389062,0.044171933
29.55,77,77,0.26206119,0.25351612,-0.152,-0.45945793,0.012808384,0.064000067,0.024064009,0.044032038
29.56,72,86,0.26886797,0.25374612,0.178,-0.56155969,0.018649784,0.067223861,0.022413961,0.044818911
29.57,68,68,0.23143066,0.25391365,1.131,-0.2552544,0.027329924,0.072014318,0.020247092,0.046130705
29.58,72,72,0.24504423,0.2539769,0.151,-0.085084801,0.03774985,0.077764942,0.017572659,0.0476688
29.59,72,72,0.24504423,0.2539195,0.308,0.068067841,0.049471681,0.08423407,0.014852658,0.049543364
29.6,72,77,0.25355271,0.25382293,0.441,0.085084801,0.061854035,0.091067732,0.012288511,0.051678121
29.61,81,77,0.26886797,0.25374816,-0.433,0.03403392,0.073727065,0.097620304,0.0097331284,0.053676716
29.62,68,72,0.23823744,0.25370095,0.075,0.23823744,0.083793411,0.10317579,0.0073270131,0.055251402
29.63,68,77,0.24674592,0.25365721,-0.442,0.068067841,0.090438274,0.10684301,0.0056845166,0.056263761
29.64,68,77,0.24674592,0.25363616,-0.223,-4.3520743e-13,0.091200361,0.10726359,0.0052021731,0.056232883
29.65,81,81,0.27567476,0.25369723,0.067,0.22122048,0.083522594,0.10302633,0.0058566159,0.054441474
29.66,72,77,0.25355271,0.25393712,0.101,0.20420352,0.066796218,0.093795259,0.0069944609,0.05039486
29.67,77,72,0.25355271,0.25443049,-0.053,-0.15315264,0.042252915,0.080250125,0.0074840277,0.043867077
29.68,77,72,0.25355271,0.25513388,0.324,-0.22122048,0.012421416,0.063786505,0.0055956223,0.034691063
29.69,72,81,0.26035949,0.25592384,-0.066,0.13613568,-0.020041859,0.04587044,-0.00033364789,0.022768396
29.7,68,77,0.24674592,0.25665272,0.3,0.068067841,-0.052954287,0.027706494,-0.011229282,0.008238606
29.71,72,81,0.26035949,0.25716046,-0.207,-0.068067841,-0.084482521,0.010306467,-0.027465869,-0.0085797012
29.72,72,81,0.26035949,0.25738463,0.214,0.15315264,-0.11335272,-0.0056266273,-0.048159779,-0.026893203
29.73,72,77,0.25355271,0.25730572,-0.309,0,-0.14010226,-0.020389352,-0.072366812,-0.046378082
29.74,72,77,0.25355271,0.25691997,-0.028,-0.37437312,-0.16609536,-0.034734612,-0.099002705,-0.066868659
29.75,77,81,0.26886797,0.25621861,-0.122,-0.15315264,-0.19246578,-0.049288109,-0.12696095,-0.088124529
29.76,68,72,0.23823744,0.25511823,-0.682,0.15315264,-0.22025963,-0.064627174,-0.15569066,-0.11015892
29.77,72,72,0.24504423,0.25353716,0.117,4.3165471e-13,-0.25134095,-0.081780555,-0.18442963,-0.13310509
29.78,77,72,0.25355271,0.25143973,-0.333,0,-0.28715237,-0.10154442,-0.21214254,-0.15684348
29.79,81,77,0.26886797,0.24886818,-0.533,0.085084801,-0.32749631,-0.12380972,-0.23769281,-0.18075127
29.8,77,72,0.25355271,0.245939,-0.554,-0.28928832,-0.37046861,-0.14752558,-0.26051938,-0.20402248
29.81,77,72,0.25355271,0.24271372,-0.013,-0.59559361,-0.41377895,-0.171428,-0.28108639,-0.2262572
29.82,68,72,0.23823744,0.23921282,-0.81,-0.68067841,-0.45481726,-0.19407652,-0.29982136,-0.24694894
29.83,68,68,0.23143066,0.23547397,-0.81,-0.61261057,-0.49136733,-0.21424803,-0.31684123,-0.26554463
29.84,68,68,0.23143066,0.23157465,-0.423,-0.54454273,-0.52213454,-0.23122806,-0.33164732,-0.28143769
29.85,63,68,0.22292218,0.22757986,0.205,-0.40840704,-0.54662665,-0.24474494,-0.34421038,-0.29447766
29.86,63,68,0.22292218,0.22353228,-0.948,-0.47647489,-0.56502338,-0.25489786,-0.35469169,-0.30479478
29.87,63,63,0.2144137,0.21947269,-0.348,-0.52752577,-0.57839033,-0.26227491,-0.36326854,-0.31277173
29.88,63,63,0.2144137,0.21543387,-0.87,-0.44244097,-0.587698,-0.26741169,-0.37004642,-0.31872905
29.89,59,59,0.20080013,0.21142498,-0.2,-0.35735616,-0.59391274,-0.27084152,-0.37523543,-0.32303847
29.9,59,59,0.20080013,0.20746592,-0.627,-0.27227136,-0.59762991,-0.27289298,-0.37870563,-0.32579931
29.91,59,59,0.20080013,0.20361386,-1.047,-0.13613568,-0.59904145,-0.27367199,-0.38064623,-0.32715911
29.92,59,59,0.20080013,0.19989878,-1.277,0,-0.59824389,-0.27323183,-0.38144749,-0.32733966
29.93,59,59,0.20080013,0.19633319,-0.111,-0.1701696,-0.59500504,-0.27144435,-0.38153533,-0.32648984
29.94,59,59,0.20080013,0.19290023,-0.231,-0.40840704,-0.58907934,-0.26817403,-0.38130918,-0.32474161
29.95,59,59,0.20080013,0.18948756,-1.028,-0.40840704,-0.58021877,-0.263284,-0.38164698,-0.32246549
29.96,54,54,0.18378317,0.18596543,-0.784,-0.47647489,-0.56848336,-0.25680738,-0.38322421,-0.32001579
29.97,50,54,0.17697639,0.18225133,-0.171,-0.54454273,-0.55390183,-0.24876002,-0.38601687,-0.31738844
29.98,54,54,0.18378317,0.17835202,-0.317,-0.45945793,-0.53683972,-0.23934366,-0.38957972,-0.31446169
29.99,50,50,0.1701696,0.174319,-0.479,-0.37437312,-0.51800008,-0.2289463,-0.393762,-0.31135415
30,50,54,0.17697639,0.17020102,-0.329,-0.45945793,-0.49775442,-0.21777298,-0.3984091,-0.30809104
30.01,45,50,0.16166112,0.16600818,-0.571,-0.47647489,-0.47679051,-0.20620327,-0.40333122,-0.30476724
30.02,45,50,0.16166112,0.16173,-0.645,-0.49349185,-0.45612836,-0.1948001,-0.40815353,-0.30147681
30.03,45,45,0.15315264,0.15738106,-0.322,-0.40840704,-0.43664086,-0.1840452,-0.41239918,-0.29822219
30.04,45,45,0.15315264,0.15299911,-0.797,-0.40840704,-0.41888643,-0.17424675,-0.41572238,-0.29498457
30.05,40,45,0.14464416,0.1486358,-0.123,-0.49349185,-0.40388169,-0.16596583,-0.41781337,-0.2918896
30.06,45,45,0.15315264,0.14433692,-0.854,-0.40840704,-0.39225434,-0.15954884,-0.41855319,-0.28905102
30.07,36,40,0.1293289,0.14010973,-0.067,-0.39139008,-0.38375609,-0.15485877,-0.41777278,-0.28631577
30.08,40,40,0.13613568,0.1359221,-0.339,-0.39139008,-0.3774715,-0.15139038,-0.41554804,-0.28346921
30.09,36,40,0.1293289,0.13175788,-0.114,-0.30630528,-0.37322925,-0.14904914,-0.41229416,-0.28067165
30.1,36,40,0.1293289,0.12760561,-0.409,-0.20420352,-0.37057192,-0.1475826,-0.40843924,-0.27801092
30.11,36,40,0.1293289,0.12345345,-0.286,-0.28928832,-0.36909841,-0.14676938,-0.40419336,-0.27548137
30.12,36,36,0.12252211,0.11930198,-0.387,-0.45945793,-0.36803122,-0.14618042,-0.39950084,-0.27284063
30.13,36,36,0.12252211,0.11518402,-0.31,-0.61261057,-0.36727494,-0.14576303,-0.39424856,-0.2700058
30.14,31,36,0.11401363,0.11114288,-0.46,-0.54454273,-0.36759066,-0.14593728,-0.38845337,-0.26719532
30.15,27,31,0.098698369,0.10717497,-0.341,-0.47647489,-0.36972002,-0.14711244,-0.38231318,-0.26471281
30.16,27,31,0.098698369,0.1032743,-0.481,-0.45945793,-0.37327257,-0.14907305,-0.37616749,-0.26262027
30.17,27,31,0.098698369,0.099440346,-0.467,-0.37437312,-0.37781222,-0.15157842,-0.36999749,-0.26078796
30.18,27,31,0.098698369,0.095680278,-0.324,-0.30630528,-0.38352577,-0.15473166,-0.36382583,-0.25927874
30.19,27,27,0.091891585,0.092027516,-0.503,-0.39139008,-0.39024818,-0.15844167,-0.35769955,-0.25807061
30.2,22,27,0.083383105,0.088504025,-0.329,-0.39139008,-0.39702384,-0.16218107,-0.35190251,-0.25704179
30.21,22,27,0.083383105,0.085102975,-0.382,-0.23823744,-0.40293413,-0.16544289,-0.34653053,-0.25598671
30.22,22,22,0.074874625,0.081786404,-0.379,-0.23823744,-0.40738099,-0.16789705,-0.34135714,-0.2546271
30.23,22,27,0.083383105,0.078554042,-0.353,-0.30630528,-0.40992992,-0.16930377,-0.33635836,-0.25283106
30.24,22,27,0.083383105,0.07541631,-0.346,-0.22122048,-0.41056797,-0.1696559,-0.33164214,-0.25064902
30.25,18,22,0.068067841,0.072380775,-0.383,-0.22122048,-0.40951868,-0.16907681,-0.32730596,-0.24819138
30.26,22,18,0.068067841,0.06941363,-0.59,-0.37437312,-0.40692812,-0.16764712,-0.32385331,-0.24575022
30.27,18,22,0.068067841,0.066469195,-0.421,-0.37437312,-0.40334699,-0.16567074,-0.32166689,-0.24366881
30.28,18,22,0.068067841,0.063503624,-0.511,-0.22122048,-0.39945656,-0.16352366,-0.32106505,-0.24229436
30.29,18,18,0.061261057,0.060482049,-0.334,-0.30630528,-0.39653806,-0.16191298,-0.32213877,-0.24202587
30.3,13,18,0.052752577,0.057370592,-0.497,-0.39139008,-0.39544945,-0.16131219,-0.32450526,-0.24290872
30.31,18,18,0.061261057,0.054153969,-0.335,-0.32332224,-0.3966966,-0.16200047,-0.32758363,-0.24479205
30.32,13,13,0.044244097,0.050838426,-0.438,-0.32332224,-0.40027118,-0.16397324,-0.33064754,-0.24731039
30.33,13,18,0.052752577,0.047423803,-0.327,-0.45945793,-0.40582546,-0.16703857,-0.33308623,-0.2500624
30.34,13,13,0.044244097,0.043897584,-0.339,-0.44244097,-0.41254561,-0.17074734,-0.33455722,-0.25265228
30.35,9,13,0.037437312,0.040272843,-0.311,-0.22122048,-0.41928716,-0.17446791,-0.3348067,-0.25463731
30.36,9,9,0.030630528,0.0365911,-0.268,-0.30630528,-0.42462873,-0.17741586,-0.33350744,-0.25546165
30.37,9,9,0.030630528,0.03290525,-0.338,-0.37437312,-0.42725592,-0.17886577,-0.33027044,-0.2545681
30.38,13,13,0.044244097,0.029248596,-0.46,-0.23823744,-0.42608983,-0.17822222,-0.32474109,-0.25148165
30.39,4,9,0.022122048,0.025637203,-0.442,-0.2552544,-0.42055223,-0.17516609,-0.31675327,-0.24595968
30.4,4,9,0.022122048,0.022084888,-0.504,-0.47647489,-0.41052903,-0.16963441,-0.30626903,-0.23795172
30.41,4,9,0.022122048,0.018613173,-0.433,-0.45945793,-0.39624988,-0.16175393,-0.29336326,-0.2275586
30.42,4,4,0.013613568,0.015277322,-0.384,-0.37437312,-0.37832994,-0.15186415,-0.27800442,-0.21493429
30.43,4,4,0.013613568,0.012142237,-0.391,-0.37437312,-0.35744499,-0.14033801,-0.26028726,-0.20031264
30.44,0,4,0.0068067841,0.0092446437,-0.394,-0.28928832,-0.33425173,-0.12753795,-0.24066831,-0.18410313
30.45,0,0,0,0.0066116462,-0.383,-0.27227136,-0.3092546,-0.11374236,-0.21964376,-0.16669306
30.46,0,4,0.0068067841,0.0042749915,-0.548,-0.20420352,-0.2827515,-0.099115637,-0.19761129,-0.14836346
30.47,0,0,0,0.0022670589,-0.557,-0.068067841,-0.25492824,-0.083760338,-0.17493232,-0.12934633
30.48,0,0,0,0.00060107586,-0.372,-0.13613568,-0.22602432,-0.067808633,-0.15206889,-0.10993876
30.49,0,0,0,-0.00072627456,-0.204,-0.20420352,-0.19645886,-0.051491835,-0.12950956,-0.090500697
30.5,0,0,0,-0.0017137612,0.01,-0.13613568,-0.16663749,-0.035033804,-0.10758553,-0.071309669
30.51,0,-4,-0.0068067841,-0.0023816331,0.039,-0.068067841,-0.1370246,-0.018690834,-0.08672095,-0.052705892
30.52,-4,0,-0.0068067841,-0.0027469931,0.119,0,-0.10814077,-0.0027502184,-0.067183956,-0.034967087
30.53,0,-4,-0.0068067841,-0.0028429031,0.116,0.068067841,-0.080734493,0.012374955,-0.049317798,-0.018471421
30.54,0,0,0,-0.0027293844,0.138,0.13613568,-0.055605287,0.026243441,-0.033584577,-0.003670568
30.55,0,0,0,-0.0024812207,0.133,0.13613568,-0.033562392,0.038408632,-0.0203978,0.0090054159
30.56,0,0,0,-0.00215531,-0.011,0.068067841,-0.015129126,0.048581714,-0.0098323553,0.01937468
30.57,0,0,0,-0.0017726719,-0.036,0,-0.00069775874,0.056546201,-0.0015960799,0.02747506
30.58,0,0,0,-0.0013713524,-0.078,0,0.0094831303,0.062164902,0.0044227151,0.033293809
30.59,0,0,0,-0.00098481258,-0.11,0,0.015395289,0.065427747,0.0084171987,0.036922473
30.6,0,0,0,-0.00062970717,-0.075,0,0.017158514,0.066400848,0.010717375,0.038559111
30.61,0,0,0,-0.00032022436,-0.054,0,0.014942193,0.065177689,0.011625366,0.038401527
30.62,0,0,0,-6.4431047e-05,-0.028,0,0.0091032593,0.061955256,0.011450501,0.036702879
30.63,0,0,0,0.00012434811,0.008,0,0.00035659942,0.057128087,0.010405608,0.033766848
30.64,0,0,0,0.00023119751,0.007,0,-0.010194927,0.051304835,0.0086736382,0.029989237
30.65,0,0,0,0.00026235226,-0.022,0,-0.021181173,0.045241668,0.0065879551,0.025914811
30.66,0,0,0,0.00023078961,-0.032,0,-0.031183111,0.039721726,0.0044451064,0.022083416
30.67,0,0,0,0.00015961559,-0.037,0,-0.039004515,0.035405194,0.0025363324,0.018970763
30.68,0,0,0,8.2096058e-05,-0.04,0,-0.043903513,0.0327015,0.0011275477,0.016914524
30.69,0,0,0,2.8135786e-05,-0.034,0,-0.045926752,0.0315849,0.00034209709,0.015963499
30.7,0,0,0,4.2958604e-06,-0.014,0,-0.045822504,0.031642433,4.6580873e-05,0.015844507
30.71,0,0,0,0,-0.047,0,-0.044465859,0.032391149,0,0.016195574
30.72,0,0,0,0,-0.036,0,-0.042589445,0.033426717,0,0.016713359
30.73,0,0,0,0,-0.02,0,-0.040627096,0.034509712,0,0.017254856
30.74,0,0,0,0,-0.016,0,-0.038850852,0.035489999,0,0.017744999
30.75,0,0,0,0,0.002,0,-0.037425252,0.036276769,0,0.018138384
30.76,0,0,0,0,-0.175,0,-0.036443527,0.03681857,0,0.018409285
30.77,0,0,0,0,-0.103,0,-0.035851924,0.037145068,0,0.018572534
30.78,0,0,0,0,-0.043,0,-0.035451293,0.037366172,0,0.018683086
30.79,0,0,0,0,-0.05,0,-0.035060992,0.037581574,0,0.018790787
30.8,0,0,0,0,-0.06,0,-0.034551504,0.037862754,0,0.018931377
30.81,0,0,0,0,-0.006,0,-0.03382609,0.0382631,0,0.01913155
30.82,0,0,0,0,0.069,0,-0.032867585,0.038792086,0,0.019396043
30.83,0,0,0,0,-0.026,0,-0.031748184,0.03940987,0,0.019704935
30.84,0,0,0,0,-0.007,0,-0.030612082,0.04003687,0,0.020018435
30.85,0,0,0,0,0,0,-0.029530635,0.040633707,0,0.020316853
30.86,0,0,0,0,-0.04,0,-0.028525621,0.041188361,0,0.02059418
30.87,0,0,0,0,-0.01,0,-0.027618615,0.041688926,0,0.020844463
30.88,0,0,0,0,-0.069,0,-0.026909424,0.042080319,0,0.02104016
30.89,0,0,0,0,-0.079,0,-0.026527409,0.042291149,0,0.021145574
30.9,0,0,0,0,0.077,0,-0.026563491,0.042271235,0,0.021135618
30.91,0,0,0,0,-0.025,0,-0.027077945,0.041987314,0,0.020993657
30.92,0,0,0,0,-0.028,0,-0.028116464,0.041414169,0,0.020707085
30.93,0,0,0,0,-0.104,0,-0.029687133,0.040547337,0,0.020273669
30.94,0,0,0,0,-0.105,0,-0.031760592,0.039403022,0,0.019701511
30.95,0,0,0,0,-0.065,0,-0.034193098,0.038060553,0,0.019030277
30.96,0,0,0,0,0,0,-0.036689541,0.036682798,0,0.018341399
30.97,0,0,0,0,0.011,0,-0.038861133,0.035484325,0,0.017742162
30.98,0,0,0,0,-0.007,0,-0.040396554,0.034636945,0,0.017318473
30.99,0,0,0,0,-0.034,0,-0.041308143,0.034133851,0,0.017066926
31,0,0,0,0,-0.008,0,-0.041719745,0.033906693,0,0.016953347
31.01,0,0,0,0,-0.071,0,-0.041791872,0.033866887,0,0.016933444
31.02,0,0,0,0,-0.073,0,-0.041796092,0.033864558,0,0.016932279
31.03,0,0,0,0,-0.05,0,-0.042028047,0.033736545,0,0.016868273
31.04,0,0,0,0,0.006,0,-0.042624482,0.033407381,0,0.01670369
31.05,0,0,0,0,-0.072,0,-0.043600683,0.032868628,0,0.016434314
31.06,0,0,0,0,-0.044,0,-0.045037158,0.032075856,0,0.016037928
31.07,0,0,0,0,-0.074,0,-0.046980932,0.031003112,0,0.015501556
31.08,0,0,0,0,-0.034,0,-0.049444066,0.02964374,0,0.01482187
31.09,0,0,0,0,-0.04,0,-0.052278564,0.028079417,0,0.014039709
